Environment,Query,Planner,Is_Optimizing,Trial,Seed,Target_Threshold,Config_Resolution,Config_GoalBias,Config_Range,Resolution_Abs,GoalBias_Applied,Range_Abs,Thread_Count,Status,Solution_Cost,Timed_Out,Exec_Time_Sec,Energy_Joules_Raw,Energy_Joules_Net,Batch_Energy_Joules,Batch_Wall_Sec,Batch_Trials,Path_Length_Raw,Path_Smoothness_Raw,Waypoint_Count_Raw,Path_Length_Simp,Path_Smoothness_Simp,Waypoint_Count_Simp,Tree_Node_Size
Apartment_env.dae,direct,RRT,No,1,42,450,0.002,0.02,0.05,1.065833008,Yes,26.64582519,1,Exact solution,513.1288208,No,0.001117087,0.08418114838,0.04094800373,0.459662,0.009405945,10,513.1288208,0.01727327124,21,391.6937579,0,2,283
Apartment_env.dae,direct,RRT,No,2,42,450,0.002,0.02,0.05,1.065833008,Yes,26.64582519,1,Exact solution,582.4574181,No,0.000558898,0.04211728851,0.02048699644,0.459662,0.009405945,10,582.4574181,0.02467841086,23,391.6937579,0,2,142
Apartment_env.dae,direct,RRT,No,3,42,450,0.002,0.02,0.05,1.065833008,Yes,26.64582519,1,Exact solution,452.7593815,No,0.000373129,0.02811815706,0.01367743755,0.459662,0.009405945,10,452.7593815,0.01263042648,18,391.6937579,0,2,99
Apartment_env.dae,direct,RRT,No,4,42,450,0.002,0.02,0.05,1.065833008,Yes,26.64582519,1,Exact solution,506.3452573,No,0.000549788,0.04143077953,0.02015305977,0.459662,0.009405945,10,506.3452573,0.01429611485,21,391.6937579,0,2,118
Apartment_env.dae,direct,RRT,No,5,42,450,0.002,0.02,0.05,1.065833008,Yes,26.64582519,1,Exact solution,522.9108113,No,0.000434828,0.03276765408,0.01593907956,0.459662,0.009405945,10,522.9108113,0.02255437355,21,391.6937579,0,2,113
Apartment_env.dae,direct,RRT,No,6,42,450,0.002,0.02,0.05,1.065833008,Yes,26.64582519,1,Exact solution,528.8274954,No,0.000336639,0.02536835324,0.01233985807,0.459662,0.009405945,10,528.8274954,0.02137503847,21,391.6937579,0,2,94
Apartment_env.dae,direct,RRT,No,7,42,450,0.002,0.02,0.05,1.065833008,Yes,26.64582519,1,Exact solution,645.8566907,No,0.000906808,0.0683349988,0.03324000491,0.459662,0.009405945,10,645.8566907,0.03746052458,26,391.6937579,0,2,174
Apartment_env.dae,direct,RRT,No,8,42,450,0.002,0.02,0.05,1.065833008,Yes,26.64582519,1,Exact solution,558.302094,No,0.001018037,0.07671696453,0.03731722138,0.459662,0.009405945,10,558.302094,0.02531619925,22,391.6937579,0,2,205
Apartment_env.dae,direct,RRT,No,9,42,450,0.002,0.02,0.05,1.065833008,Yes,26.64582519,1,Exact solution,468.4282243,No,0.000583689,0.04398548217,0.02139573673,0.459662,0.009405945,10,468.4282243,0.0157277061,19,391.6937579,0,2,111
Apartment_env.dae,direct,RRT,No,10,42,450,0.002,0.02,0.05,1.065833008,Yes,26.64582519,1,Exact solution,476.119779,No,0.000220829,0.01664117371,0.008094720211,0.459662,0.009405945,10,476.119779,0.02166101625,19,391.6937579,0,2,49
Apartment_env.dae,direct,RRT,No,1,42,450,0.002,0.02,0.2,1.065833008,Yes,106.5833008,1,Exact solution,403.414475,No,0.000184499,0.01439113931,0.006256345444,0.263445,0.005933394,10,403.414475,5.51806998e-05,5,391.6937579,0,2,12
Apartment_env.dae,direct,RRT,No,2,42,450,0.002,0.02,0.2,1.065833008,Yes,106.5833008,1,Exact solution,530.6592923,No,0.000306039,0.02387140246,0.01037775654,0.263445,0.005933394,10,530.6592923,0.001799580169,7,391.6937579,0,2,25
Apartment_env.dae,direct,RRT,No,3,42,450,0.002,0.02,0.2,1.065833008,Yes,106.5833008,1,Exact solution,402.3855666,No,6.081e-05,0.004743251623,0.002062061943,0.263445,0.005933394,10,402.3855666,6.233829756e-05,5,391.6937579,0,2,7
Apartment_env.dae,direct,RRT,No,4,42,450,0.002,0.02,0.2,1.065833008,Yes,106.5833008,1,Exact solution,461.7523757,No,0.000108469,0.008460709756,0.003678174591,0.263445,0.005933394,10,461.7523757,0.0005673259937,6,391.6937579,0,2,14
Apartment_env.dae,direct,RRT,No,5,42,450,0.002,0.02,0.2,1.065833008,Yes,106.5833008,1,Exact solution,504.054401,No,0.000213779,0.01667501379,0.007249227761,0.263445,0.005933394,10,504.054401,0.004585667239,8,391.6937579,0,2,19
Apartment_env.dae,direct,RRT,No,6,42,450,0.002,0.02,0.2,1.065833008,Yes,106.5833008,1,Exact solution,554.1743447,No,0.000336489,0.02624653832,0.01141031345,0.263445,0.005933394,10,554.1743447,0.002435891989,8,391.6937579,0,2,52
Apartment_env.dae,direct,RRT,No,7,42,450,0.002,0.02,0.2,1.065833008,Yes,106.5833008,1,Exact solution,618.0192297,No,0.000447479,0.03490388905,0.01517397494,0.263445,0.005933394,10,618.0192297,0.004367221309,10,391.6937579,0,2,39
Apartment_env.dae,direct,RRT,No,8,42,450,0.002,0.02,0.2,1.065833008,Yes,106.5833008,1,Exact solution,572.5600583,No,0.00016151,0.01259797023,0.005476790403,0.263445,0.005933394,10,572.5600583,0.002915357729,9,391.6937579,0,2,26
Apartment_env.dae,direct,RRT,No,9,42,450,0.002,0.02,0.2,1.065833008,Yes,106.5833008,1,Exact solution,491.2271622,No,0.000657248,0.05126611811,0.02228722394,0.263445,0.005933394,10,491.2271622,0.003944414274,7,391.6937579,0,2,108
Apartment_env.dae,direct,RRT,No,10,42,450,0.002,0.02,0.2,1.065833008,Yes,106.5833008,1,Exact solution,698.8939125,No,0.000901127,0.07028896736,0.03055714015,0.263445,0.005933394,10,698.8939125,0.005660538395,12,391.6937579,0,2,97
Apartment_env.dae,direct,RRT,No,1,42,450,0.002,0.02,0.5,1.065833008,Yes,266.4582519,1,Exact solution,468.5889661,No,0.00018147,0.01076517412,0.004587611102,0.334821,0.007655449,10,468.5889661,0.0008373204007,5,391.6937579,0,2,25
Apartment_env.dae,direct,RRT,No,2,42,450,0.002,0.02,0.5,1.065833008,Yes,266.4582519,1,Exact solution,425.4181474,No,0.0001148,0.006810172422,0.002902175316,0.334821,0.007655449,10,425.4181474,0.00029241961,4,391.6937579,0,2,5
Apartment_env.dae,direct,RRT,No,3,42,450,0.002,0.02,0.5,1.065833008,Yes,266.4582519,1,Exact solution,402.1228067,No,9.0139e-05,0.005347231114,0.002278738509,0.334821,0.007655449,10,402.1228067,5.776702577e-06,3,391.6937579,0,2,4
Apartment_env.dae,direct,RRT,No,4,42,450,0.002,0.02,0.5,1.065833008,Yes,266.4582519,1,Exact solution,423.4919326,No,0.000239179,0.01418859085,0.006046510364,0.334821,0.007655449,10,423.4919326,0.0001210107424,5,391.6937579,0,2,20
Apartment_env.dae,direct,RRT,No,5,42,450,0.002,0.02,0.5,1.065833008,Yes,266.4582519,1,Exact solution,391.6937579,No,4.474e-05,0.002654068939,0.001131039404,0.334821,0.007655449,10,391.6937579,0,3,391.6937579,0,2,4
Apartment_env.dae,direct,RRT,No,6,42,450,0.002,0.02,0.5,1.065833008,Yes,266.4582519,1,Exact solution,497.8616467,No,0.000142129,0.008431384984,0.003593059891,0.334821,0.007655449,10,497.8616467,0.0003552459967,5,391.6937579,0,2,20
Apartment_env.dae,direct,RRT,No,7,42,450,0.002,0.02,0.5,1.065833008,Yes,266.4582519,1,Exact solution,485.7158443,No,0.000421089,0.02497986668,0.01064524479,0.334821,0.007655449,10,485.7158443,0.002551020566,6,391.6937579,0,2,28
Apartment_env.dae,direct,RRT,No,8,42,450,0.002,0.02,0.5,1.065833008,Yes,266.4582519,1,Exact solution,492.7786192,No,0.000249489,0.01480020128,0.006307149977,0.334821,0.007655449,10,492.7786192,0.0003019110767,4,391.6937579,0,2,8
Apartment_env.dae,direct,RRT,No,9,42,450,0.002,0.02,0.5,1.065833008,Yes,266.4582519,1,Exact solution,685.6811942,No,0.003910509,0.2319794473,0.09885873425,0.334821,0.007655449,10,685.6811942,0.02106830801,11,391.6937579,0,2,635
Apartment_env.dae,direct,RRT,No,10,42,450,0.002,0.02,0.5,1.065833008,Yes,266.4582519,1,Exact solution,539.7030384,No,0.000250579,0.01486486233,0.006334705474,0.334821,0.007655449,10,539.7030384,0.002375775547,7,391.6937579,0,2,23
Apartment_env.dae,direct,RRT,No,1,42,450,0.002,0.05,0.05,1.065833008,Yes,26.64582519,1,Exact solution,636.0028117,No,0.000892328,0.07819156497,0.0372546179,0.337873,0.007048081,10,636.0028117,0.03285979333,26,391.6937579,0,2,94
Apartment_env.dae,direct,RRT,No,2,42,450,0.002,0.05,0.05,1.065833008,Yes,26.64582519,1,Exact solution,616.452432,No,0.000507829,0.0444992696,0.02120181744,0.337873,0.007048081,10,616.452432,0.0290032023,25,391.6937579,0,2,81
Apartment_env.dae,direct,RRT,No,3,42,450,0.002,0.05,0.05,1.065833008,Yes,26.64582519,1,Exact solution,495.7533421,No,0.000394849,0.03459922947,0.01648491208,0.337873,0.007048081,10,495.7533421,0.02417006331,20,391.6937579,0,2,85
Apartment_env.dae,direct,RRT,No,4,42,450,0.002,0.05,0.05,1.065833008,Yes,26.64582519,1,Exact solution,536.4084051,No,0.000218709,0.01916470063,0.009131082098,0.337873,0.007048081,10,536.4084051,0.01653223939,22,391.6937579,0,2,64
Apartment_env.dae,direct,RRT,No,5,42,450,0.002,0.05,0.05,1.065833008,Yes,26.64582519,1,Exact solution,457.9666879,No,0.00025661,0.02248583199,0.01071344562,0.337873,0.007048081,10,457.9666879,0.01388676289,19,391.6937579,0,2,67
Apartment_env.dae,direct,RRT,No,6,42,450,0.002,0.05,0.05,1.065833008,Yes,26.64582519,1,Exact solution,543.466269,No,0.000428029,0.0375066762,0.01787017425,0.337873,0.007048081,10,543.466269,0.02439008706,22,391.6937579,0,2,102
Apartment_env.dae,direct,RRT,No,7,42,450,0.002,0.05,0.05,1.065833008,Yes,26.64582519,1,Exact solution,525.4340582,No,0.000402439,0.03526431448,0.01680179393,0.337873,0.007048081,10,525.4340582,0.02723483041,22,391.6937579,0,2,119
Apartment_env.dae,direct,RRT,No,8,42,450,0.002,0.05,0.05,1.065833008,Yes,26.64582519,1,Exact solution,527.2206378,No,0.00020911,0.01832357401,0.008730324667,0.337873,0.007048081,10,527.2206378,0.02305173004,21,391.6937579,0,2,59
Apartment_env.dae,direct,RRT,No,9,42,450,0.002,0.05,0.05,1.065833008,Yes,26.64582519,1,Exact solution,552.8505936,No,0.000344579,0.03019424614,0.01438614386,0.337873,0.007048081,10,552.8505936,0.09728833281,23,391.6937579,0,2,86
Apartment_env.dae,direct,RRT,No,10,42,450,0.002,0.05,0.05,1.065833008,Yes,26.64582519,1,Exact solution,509.0467743,No,0.00020135,0.0176435925,0.008406345329,0.337873,0.007048081,10,509.0467743,0.02093568669,21,391.6937579,0,2,87
Apartment_env.dae,direct,RRT,No,1,42,450,0.002,0.05,0.2,1.065833008,Yes,106.5833008,1,Exact solution,700.9445813,No,0.000502589,0.04915004293,0.02192798344,0.179587,0.003963089,10,700.9445813,0.00191113814,9,391.6937579,0,2,21
Apartment_env.dae,direct,RRT,No,2,42,450,0.002,0.05,0.2,1.065833008,Yes,106.5833008,1,Exact solution,400.944808,No,5.335e-05,0.00521729443,0.002327663193,0.179587,0.003963089,10,400.944808,3.403317043e-05,5,391.6937579,0,2,7
Apartment_env.dae,direct,RRT,No,3,42,450,0.002,0.05,0.2,1.065833008,Yes,106.5833008,1,Exact solution,432.5063002,No,0.00028238,0.02761498784,0.01232025365,0.179587,0.003963089,10,432.5063002,0.001615783477,7,391.6937579,0,2,37
Apartment_env.dae,direct,RRT,No,4,42,450,0.002,0.05,0.2,1.065833008,Yes,106.5833008,1,Exact solution,577.9892871,No,0.00017825,0.01743172881,0.007777056498,0.179587,0.003963089,10,577.9892871,0.0006482382285,7,391.6937579,0,2,20
Apartment_env.dae,direct,RRT,No,5,42,450,0.002,0.05,0.2,1.065833008,Yes,106.5833008,1,Exact solution,470.7625767,No,0.000202639,0.01981681961,0.0088411498,0.179587,0.003963089,10,470.7625767,0.0001314563531,7,391.6937579,0,2,27
Apartment_env.dae,direct,RRT,No,6,42,450,0.002,0.05,0.2,1.065833008,Yes,106.5833008,1,Exact solution,409.9361009,No,0.000131669,0.01287640001,0.005744725117,0.179587,0.003963089,10,409.9361009,0.0001331814572,6,391.6937579,0,2,13
Apartment_env.dae,direct,RRT,No,7,42,450,0.002,0.05,0.2,1.065833008,Yes,106.5833008,1,Exact solution,511.0729621,No,0.000128319,0.01254879108,0.005598564448,0.179587,0.003963089,10,511.0729621,0.001075614833,7,391.6937579,0,2,13
Apartment_env.dae,direct,RRT,No,8,42,450,0.002,0.05,0.2,1.065833008,Yes,106.5833008,1,Exact solution,484.5795475,No,4.303e-05,0.004208063343,0.001877401072,0.179587,0.003963089,10,484.5795475,0.0004984787312,6,391.6937579,0,2,10
Apartment_env.dae,direct,RRT,No,9,42,450,0.002,0.05,0.2,1.065833008,Yes,106.5833008,1,Exact solution,504.9983357,No,0.00020808,0.02034891518,0.009078540904,0.179587,0.003963089,10,504.9983357,0.0005014730484,6,391.6937579,0,2,32
Apartment_env.dae,direct,RRT,No,10,42,450,0.002,0.05,0.2,1.065833008,Yes,106.5833008,1,Exact solution,541.7662275,No,0.00010608,0.01037395676,0.004628275755,0.179587,0.003963089,10,541.7662275,0.0009749298166,7,391.6937579,0,2,15
Apartment_env.dae,direct,RRT,No,1,42,450,0.002,0.05,0.5,1.065833008,Yes,266.4582519,1,Exact solution,395.2200679,No,6.265e-05,0.005110768567,0.001808071528,0.126657,0.003261171,10,395.2200679,2.085270661e-06,3,391.6937579,0,2,5
Apartment_env.dae,direct,RRT,No,2,42,450,0.002,0.05,0.5,1.065833008,Yes,266.4582519,1,Exact solution,612.7906419,No,0.000198379,0.01618306716,0.005725194282,0.126657,0.003261171,10,612.7906419,0.000143551344,4,391.6937579,0,2,13
Apartment_env.dae,direct,RRT,No,3,42,450,0.002,0.05,0.5,1.065833008,Yes,266.4582519,1,Exact solution,451.6476452,No,3.302e-05,0.002693656474,0.0009529532621,0.126657,0.003261171,10,451.6476452,0.0004885357838,5,391.6937579,0,2,6
Apartment_env.dae,direct,RRT,No,4,42,450,0.002,0.05,0.5,1.065833008,Yes,266.4582519,1,Exact solution,391.7725489,No,8.179e-05,0.006672143035,0.002360449646,0.126657,0.003261171,10,391.7725489,4.818655316e-08,3,391.6937579,0,2,5
Apartment_env.dae,direct,RRT,No,5,42,450,0.002,0.05,0.5,1.065833008,Yes,266.4582519,1,Exact solution,417.0128411,No,0.00023333,0.01903424788,0.006733875974,0.126657,0.003261171,10,417.0128411,0.001161967716,5,391.6937579,0,2,35
Apartment_env.dae,direct,RRT,No,6,42,450,0.002,0.05,0.5,1.065833008,Yes,266.4582519,1,Exact solution,522.0242249,No,0.00018467,0.01506473474,0.005329554177,0.126657,0.003261171,10,522.0242249,0.004178634316,6,391.6937579,0,2,21
Apartment_env.dae,direct,RRT,No,7,42,450,0.002,0.05,0.5,1.065833008,Yes,266.4582519,1,Exact solution,529.882079,No,7.1919e-05,0.005866901271,0.002075573763,0.126657,0.003261171,10,529.882079,0.0005477835182,5,391.6937579,0,2,9
Apartment_env.dae,direct,RRT,No,8,42,450,0.002,0.05,0.5,1.065833008,Yes,266.4582519,1,Exact solution,624.8870163,No,0.000370109,0.03019220181,0.0106813016,0.126657,0.003261171,10,624.8870163,0.001989140554,9,391.6937579,0,2,27
Apartment_env.dae,direct,RRT,No,9,42,450,0.002,0.05,0.5,1.065833008,Yes,266.4582519,1,Exact solution,458.5371399,No,0.00014783,0.01205945598,0.00426635617,0.126657,0.003261171,10,458.5371399,0.001624885821,5,391.6937579,0,2,13
Apartment_env.dae,direct,RRT,No,10,42,450,0.002,0.05,0.5,1.065833008,Yes,266.4582519,1,Exact solution,511.9850329,No,0.000168919,0.01377982307,0.004874982195,0.126657,0.003261171,10,511.9850329,0.00028822422,6,391.6937579,0,2,12
Apartment_env.dae,direct,RRT,No,1,42,450,0.002,0.15,0.05,1.065833008,Yes,26.64582519,1,Exact solution,487.9756411,No,0.00010831,0.01142236386,0.005280285461,0.229145,0.004909436,10,487.9756411,0.02339673647,20,391.6937579,0,2,45
Apartment_env.dae,direct,RRT,No,2,42,450,0.002,0.15,0.05,1.065833008,Yes,26.64582519,1,Exact solution,473.6950072,No,0.00015025,0.01584535287,0.007324927436,0.229145,0.004909436,10,473.6950072,0.01597621773,20,391.6937579,0,2,54
Apartment_env.dae,direct,RRT,No,3,42,450,0.002,0.15,0.05,1.065833008,Yes,26.64582519,1,Exact solution,441.8043516,No,9.941e-05,0.01048377058,0.004846396249,0.229145,0.004909436,10,441.8043516,0.007197986033,18,391.6937579,0,2,44
Apartment_env.dae,direct,RRT,No,4,42,450,0.002,0.15,0.05,1.065833008,Yes,26.64582519,1,Exact solution,469.7796005,No,9.887e-05,0.01042682222,0.004820070387,0.229145,0.004909436,10,469.7796005,0.0159607034,19,391.6937579,0,2,44
Apartment_env.dae,direct,RRT,No,5,42,450,0.002,0.15,0.05,1.065833008,Yes,26.64582519,1,Exact solution,568.2139284,No,0.000995577,0.1049934701,0.0485359686,0.229145,0.004909436,10,568.2139284,0.01916019645,23,391.6937579,0,2,135
Apartment_env.dae,direct,RRT,No,6,42,450,0.002,0.15,0.05,1.065833008,Yes,26.64582519,1,Exact solution,478.9785994,No,0.00010075,0.01062508687,0.004911723389,0.229145,0.004909436,10,478.9785994,0.01495654479,19,391.6937579,0,2,44
Apartment_env.dae,direct,RRT,No,7,42,450,0.002,0.15,0.05,1.065833008,Yes,26.64582519,1,Exact solution,588.5567841,No,0.000293609,0.03096398144,0.01431390762,0.229145,0.004909436,10,588.5567841,0.01543344987,24,391.6937579,0,2,56
Apartment_env.dae,direct,RRT,No,8,42,450,0.002,0.15,0.05,1.065833008,Yes,26.64582519,1,Exact solution,427.9017555,No,0.00011134,0.01174190741,0.0054280028,0.229145,0.004909436,10,427.9017555,0.005794898759,18,391.6937579,0,2,39
Apartment_env.dae,direct,RRT,No,9,42,450,0.002,0.15,0.05,1.065833008,Yes,26.64582519,1,Exact solution,486.7883311,No,0.00014334,0.01511662483,0.006988053901,0.229145,0.004909436,10,486.7883311,0.01636567424,20,391.6937579,0,2,50
Apartment_env.dae,direct,RRT,No,10,42,450,0.002,0.15,0.05,1.065833008,Yes,26.64582519,1,Exact solution,430.2891671,No,7.136e-05,0.007525619841,0.003478913956,0.229145,0.004909436,10,430.2891671,0.009348908944,18,391.6937579,0,2,39
Apartment_env.dae,direct,RRT,No,1,42,450,0.002,0.15,0.2,1.065833008,Yes,106.5833008,1,Exact solution,436.5874516,No,0.000154379,0.01979589982,0.008602432583,0.180914,0.004075899,10,436.5874516,0.0006469875052,6,391.6937579,0,2,10
Apartment_env.dae,direct,RRT,No,2,42,450,0.002,0.15,0.2,1.065833008,Yes,106.5833008,1,Exact solution,527.7470459,No,0.0001398,0.01792644592,0.007790049651,0.180914,0.004075899,10,527.7470459,0.0003270706328,7,391.6937579,0,2,10
Apartment_env.dae,direct,RRT,No,3,42,450,0.002,0.15,0.2,1.065833008,Yes,106.5833008,1,Exact solution,507.6238438,No,0.000223459,0.02865397482,0.0124517647,0.180914,0.004075899,10,507.6238438,0.003155180846,8,391.6937579,0,2,20
Apartment_env.dae,direct,RRT,No,4,42,450,0.002,0.15,0.2,1.065833008,Yes,106.5833008,1,Exact solution,502.651854,No,0.000195279,0.0250404752,0.01088149575,0.180914,0.004075899,10,502.651854,0.002822935539,8,391.6937579,0,2,13
Apartment_env.dae,direct,RRT,No,5,42,450,0.002,0.15,0.2,1.065833008,Yes,106.5833008,1,Exact solution,503.1914739,No,8.069e-05,0.01034681632,0.004496274008,0.180914,0.004075899,10,503.1914739,0.0006390109521,7,391.6937579,0,2,10
Apartment_env.dae,direct,RRT,No,6,42,450,0.002,0.15,0.2,1.065833008,Yes,106.5833008,1,Exact solution,555.5385043,No,7.752e-05,0.00994032967,0.004319632682,0.180914,0.004075899,10,555.5385043,0.0007190498181,7,391.6937579,0,2,11
Apartment_env.dae,direct,RRT,No,7,42,450,0.002,0.15,0.2,1.065833008,Yes,106.5833008,1,Exact solution,399.4871029,No,0.00014676,0.01881892134,0.008177880449,0.180914,0.004075899,10,399.4871029,6.958594366e-05,6,391.6937579,0,2,24
Apartment_env.dae,direct,RRT,No,8,42,450,0.002,0.15,0.2,1.065833008,Yes,106.5833008,1,Exact solution,616.6130889,No,0.000129799,0.01664402542,0.00723276577,0.180914,0.004075899,10,616.6130889,0.001154367446,8,391.6937579,0,2,22
Apartment_env.dae,direct,RRT,No,9,42,450,0.002,0.15,0.2,1.065833008,Yes,106.5833008,1,Exact solution,519.2416341,No,0.000184809,0.0236979152,0.01029807787,0.180914,0.004075899,10,519.2416341,0.003954838163,9,391.6937579,0,2,15
Apartment_env.dae,direct,RRT,No,10,42,450,0.002,0.15,0.2,1.065833008,Yes,106.5833008,1,Exact solution,503.9430109,No,7.8369e-05,0.01004919628,0.004366941353,0.180914,0.004075899,10,503.9430109,0.002776806417,8,391.6937579,0,2,21
Apartment_env.dae,direct,RRT,No,1,42,450,0.002,0.15,0.5,1.065833008,Yes,266.4582519,1,Exact solution,464.0826996,No,7.2649e-05,0.006364125667,0.001170964659,0.045759,0.001487755,10,464.0826996,0.0003480546367,4,391.6937579,0,2,6
Apartment_env.dae,direct,RRT,No,2,42,450,0.002,0.15,0.5,1.065833008,Yes,266.4582519,1,Exact solution,411.3820881,No,3.537e-05,0.003098447671,0.0005700975924,0.045759,0.001487755,10,411.3820881,0.0004503449471,4,391.6937579,0,2,4
Apartment_env.dae,direct,RRT,No,3,42,450,0.002,0.15,0.5,1.065833008,Yes,266.4582519,1,Exact solution,391.6937579,No,7.087e-05,0.006208283473,0.001142290539,0.045759,0.001487755,10,391.6937579,0,3,391.6937579,0,2,4
Apartment_env.dae,direct,RRT,No,4,42,450,0.002,0.15,0.5,1.065833008,Yes,266.4582519,1,Exact solution,391.6937579,No,3.311e-05,0.002900469392,0.0005336706612,0.045759,0.001487755,10,391.6937579,0,3,391.6937579,0,2,6
Apartment_env.dae,direct,RRT,No,5,42,450,0.002,0.15,0.5,1.065833008,Yes,266.4582519,1,Exact solution,391.6937579,No,5.385e-05,0.004717314308,0.000867960287,0.045759,0.001487755,10,391.6937579,0,3,391.6937579,0,2,4
Apartment_env.dae,direct,RRT,No,6,42,450,0.002,0.15,0.5,1.065833008,Yes,266.4582519,1,Exact solution,514.1269497,No,7.3859e-05,0.006470122887,0.001190467574,0.045759,0.001487755,10,514.1269497,3.105224974e-05,4,391.6937579,0,2,6
Apartment_env.dae,direct,RRT,No,7,42,450,0.002,0.15,0.5,1.065833008,Yes,266.4582519,1,Exact solution,405.1831998,No,3.618e-05,0.003169404488,0.0005831532625,0.045759,0.001487755,10,405.1831998,7.263995605e-06,3,391.6937579,0,2,4
Apartment_env.dae,direct,RRT,No,8,42,450,0.002,0.15,0.5,1.065833008,Yes,266.4582519,1,Exact solution,391.6937579,No,4.4019e-05,0.003856108793,0.000709503136,0.045759,0.001487755,10,391.6937579,0,3,391.6937579,0,2,3
Apartment_env.dae,direct,RRT,No,9,42,450,0.002,0.15,0.5,1.065833008,Yes,266.4582519,1,Exact solution,496.2997895,No,7.761e-05,0.00679871427,0.001250926609,0.045759,0.001487755,10,496.2997895,3.464079031e-05,4,391.6937579,0,2,6
Apartment_env.dae,direct,RRT,No,10,42,450,0.002,0.15,0.5,1.065833008,Yes,266.4582519,1,Exact solution,391.6937579,No,2.484e-05,0.002176009051,0.0004003738817,0.045759,0.001487755,10,391.6937579,0,3,391.6937579,0,2,3
Apartment_env.dae,direct,RRTConnect,No,1,42,450,0.002,-1,0.05,1.065833008,No,26.64582519,1,Exact solution,394.4877587,No,4.169e-05,0.01057644029,0.002509147673,0.091532,0.002781782,10,394.4877587,0.0003950530502,16,391.6937579,0,2,17
Apartment_env.dae,direct,RRTConnect,No,2,42,450,0.002,-1,0.05,1.065833008,No,26.64582519,1,Exact solution,392.4810495,No,2.631e-05,0.006674649653,0.001583489452,0.091532,0.002781782,10,392.4810495,0.0001199151486,16,391.6937579,0,2,17
Apartment_env.dae,direct,RRTConnect,No,3,42,450,0.002,-1,0.05,1.065833008,No,26.64582519,1,Exact solution,432.397131,No,3.812e-05,0.009670758068,0.002294284224,0.091532,0.002781782,10,432.397131,0.01654409097,18,391.6937579,0,2,21
Apartment_env.dae,direct,RRTConnect,No,4,42,450,0.002,-1,0.05,1.065833008,No,26.64582519,1,Exact solution,396.5478726,No,2.2949e-05,0.005821989163,0.001381204844,0.091532,0.002781782,10,396.5478726,0.0006384285889,16,391.6937579,0,2,17
Apartment_env.dae,direct,RRTConnect,No,5,42,450,0.002,-1,0.05,1.065833008,No,26.64582519,1,Exact solution,392.2979992,No,2.394e-05,0.00607339843,0.001440849011,0.091532,0.002781782,10,392.2979992,9.267950601e-05,16,391.6937579,0,2,17
Apartment_env.dae,direct,RRTConnect,No,6,42,450,0.002,-1,0.05,1.065833008,No,26.64582519,1,Exact solution,424.4551449,No,2.878e-05,0.007301270125,0.001732148477,0.091532,0.002781782,10,424.4551449,0.007762472723,17,391.6937579,0,2,18
Apartment_env.dae,direct,RRTConnect,No,7,42,450,0.002,-1,0.05,1.065833008,No,26.64582519,1,Exact solution,427.2857414,No,8.295e-05,0.0210437928,0.004992415434,0.091532,0.002781782,10,427.2857414,0.02478103267,18,391.6937579,0,2,30
Apartment_env.dae,direct,RRTConnect,No,8,42,450,0.002,-1,0.05,1.065833008,No,26.64582519,1,Exact solution,395.2333766,No,3.165e-05,0.008029367598,0.001904881838,0.091532,0.002781782,10,395.2333766,0.0004873193047,16,391.6937579,0,2,17
Apartment_env.dae,direct,RRTConnect,No,9,42,450,0.002,-1,0.05,1.065833008,No,26.64582519,1,Exact solution,396.270997,No,3.216e-05,0.008158750773,0.001935576617,0.091532,0.002781782,10,396.270997,0.0006077587122,16,391.6937579,0,2,17
Apartment_env.dae,direct,RRTConnect,No,10,42,450,0.002,-1,0.05,1.065833008,No,26.64582519,1,Exact solution,414.318812,No,3.225e-05,0.008181583098,0.001940993342,0.091532,0.002781782,10,414.318812,0.005651379868,17,391.6937579,0,2,21
Apartment_env.dae,direct,RRTConnect,No,1,42,450,0.002,-1,0.2,1.065833008,No,106.5833008,1,Exact solution,412.827586,No,3.082e-05,0.003916722234,0,0.04109,0.001902335,10,412.827586,7.255243296e-05,5,391.6937579,0,2,6
Apartment_env.dae,direct,RRTConnect,No,2,42,450,0.002,-1,0.2,1.065833008,No,106.5833008,1,Exact solution,393.1835901,No,1.808e-05,0.002297674821,0,0.04109,0.001902335,10,393.1835901,4.740199899e-06,5,391.6937579,0,2,6
Apartment_env.dae,direct,RRTConnect,No,3,42,450,0.002,-1,0.2,1.065833008,No,106.5833008,1,Exact solution,436.0150448,No,4.21e-05,0.005350227322,0,0.04109,0.001902335,10,436.0150448,0.0003756057227,6,391.6937579,0,2,8
Apartment_env.dae,direct,RRTConnect,No,4,42,450,0.002,-1,0.2,1.065833008,No,106.5833008,1,Exact solution,537.7588926,No,4.13e-05,0.005248560294,0,0.04109,0.001902335,10,537.7588926,0.002347284916,7,391.6937579,0,2,8
Apartment_env.dae,direct,RRTConnect,No,5,42,450,0.002,-1,0.2,1.065833008,No,106.5833008,1,Exact solution,433.9057478,No,6.102e-05,0.007754652522,0,0.04109,0.001902335,10,433.9057478,0.0002432723018,6,391.6937579,0,2,7
Apartment_env.dae,direct,RRTConnect,No,6,42,450,0.002,-1,0.2,1.065833008,No,106.5833008,1,Exact solution,455.9732381,No,2.745e-05,0.003488449881,0,0.04109,0.001902335,10,455.9732381,0.0008960413961,6,391.6937579,0,2,7
Apartment_env.dae,direct,RRTConnect,No,7,42,450,0.002,-1,0.2,1.065833008,No,106.5833008,1,Exact solution,393.2755475,No,1.74e-05,0.002211257848,0,0.04109,0.001902335,10,393.2755475,5.027612732e-06,5,391.6937579,0,2,6
Apartment_env.dae,direct,RRTConnect,No,8,42,450,0.002,-1,0.2,1.065833008,No,106.5833008,1,Exact solution,452.4065122,No,2.765e-05,0.003513866638,0,0.04109,0.001902335,10,452.4065122,0.0003941923355,6,391.6937579,0,2,7
Apartment_env.dae,direct,RRTConnect,No,9,42,450,0.002,-1,0.2,1.065833008,No,106.5833008,1,Exact solution,404.2944128,No,2.246e-05,0.002854301797,0,0.04109,0.001902335,10,404.2944128,6.28644639e-05,5,391.6937579,0,2,6
Apartment_env.dae,direct,RRTConnect,No,10,42,450,0.002,-1,0.2,1.065833008,No,106.5833008,1,Exact solution,449.1680891,No,3.505e-05,0.004454286642,0,0.04109,0.001902335,10,449.1680891,0.0006313585119,6,391.6937579,0,2,7
Apartment_env.dae,direct,RRTConnect,No,1,42,450,0.002,-1,0.5,1.065833008,No,266.4582519,1,Exact solution,398.6110162,No,3.519e-05,0.002677796007,0.001128863025,0.128518,0.002961972,10,398.6110162,3.669543987e-06,3,391.6937579,0,2,4
Apartment_env.dae,direct,RRTConnect,No,2,42,450,0.002,-1,0.5,1.065833008,No,266.4582519,1,Exact solution,489.6492453,No,0.000439549,0.03344764299,0.01410033003,0.128518,0.002961972,10,489.6492453,0.0008041631937,6,391.6937579,0,2,14
Apartment_env.dae,direct,RRTConnect,No,3,42,450,0.002,-1,0.5,1.065833008,No,266.4582519,1,Exact solution,429.0566626,No,0.000201569,0.01533846727,0.006466149223,0.128518,0.002961972,10,429.0566626,0.0001915296951,4,391.6937579,0,2,9
Apartment_env.dae,direct,RRTConnect,No,4,42,450,0.002,-1,0.5,1.065833008,No,266.4582519,1,Exact solution,401.8253734,No,3.814e-05,0.002902277343,0.001223496328,0.128518,0.002961972,10,401.8253734,5.150256182e-06,3,391.6937579,0,2,4
Apartment_env.dae,direct,RRTConnect,No,5,42,450,0.002,-1,0.5,1.065833008,No,266.4582519,1,Exact solution,397.1606347,No,2.1e-05,0.001598002732,0.0006736607994,0.128518,0.002961972,10,397.1606347,2.869542527e-06,3,391.6937579,0,2,4
Apartment_env.dae,direct,RRTConnect,No,6,42,450,0.002,-1,0.5,1.065833008,No,266.4582519,1,Exact solution,713.1552365,No,0.000465439,0.03541775207,0.01493085756,0.128518,0.002961972,10,713.1552365,0.002096267102,8,391.6937579,0,2,30
Apartment_env.dae,direct,RRTConnect,No,7,42,450,0.002,-1,0.5,1.065833008,No,266.4582519,1,Exact solution,529.2398155,No,0.00011127,0.008467131618,0.003569439864,0.128518,0.002961972,10,529.2398155,0.000145017321,4,391.6937579,0,2,5
Apartment_env.dae,direct,RRTConnect,No,8,42,450,0.002,-1,0.5,1.065833008,No,266.4582519,1,Exact solution,457.9625496,No,0.00019798,0.01506536099,0.006351017384,0.128518,0.002961972,10,457.9625496,0.0003265827499,5,391.6937579,0,2,6
Apartment_env.dae,direct,RRTConnect,No,9,42,450,0.002,-1,0.5,1.065833008,No,266.4582519,1,Exact solution,397.5958899,No,6.389e-05,0.004861733074,0.002049532785,0.128518,0.002961972,10,397.5958899,3.023326015e-06,3,391.6937579,0,2,4
Apartment_env.dae,direct,RRTConnect,No,10,42,450,0.002,-1,0.5,1.065833008,No,266.4582519,1,Exact solution,778.5225558,No,0.00011488,0.008741835897,0.003685245364,0.128518,0.002961972,10,778.5225558,0.0009939875172,6,391.6937579,0,2,7
Apartment_env.dae,direct,LazyRRT,No,1,42,450,0.002,0.02,0.05,1.065833008,Yes,26.64582519,1,Exact solution,660.2530197,No,0.012491826,0.5615162105,0.2371211767,7.520637,0.17311248,10,660.2530197,0.05138689747,27,391.6937579,0,2,497
Apartment_env.dae,direct,LazyRRT,No,2,42,450,0.002,0.02,0.05,1.065833008,Yes,26.64582519,1,Exact solution,581.5664423,No,0.009349325,0.4202586191,0.1774698867,7.520637,0.17311248,10,581.5664423,0.03797209718,24,391.6937579,0,2,494
Apartment_env.dae,direct,LazyRRT,No,3,42,450,0.002,0.02,0.05,1.065833008,Yes,26.64582519,1,Exact solution,811.2410401,No,0.040579869,1.824093152,0.7702914119,7.520637,0.17311248,10,811.2410401,0.1016816696,36,391.6937579,0,2,598
Apartment_env.dae,direct,LazyRRT,No,4,42,450,0.002,0.02,0.05,1.065833008,Yes,26.64582519,1,Exact solution,524.1236983,No,0.000802618,0.03607823371,0.01523538069,7.520637,0.17311248,10,524.1236983,0.01746859252,21,391.6937579,0,2,168
Apartment_env.dae,direct,LazyRRT,No,5,42,450,0.002,0.02,0.05,1.065833008,Yes,26.64582519,1,Exact solution,774.3358804,No,0.029772489,1.338293953,0.5651445693,7.520637,0.17311248,10,774.3358804,0.06416254823,32,391.6937579,0,2,673
Apartment_env.dae,direct,LazyRRT,No,6,42,450,0.002,0.02,0.05,1.065833008,Yes,26.64582519,1,Exact solution,500.2344391,No,0.005126416,0.2304359415,0.0973101766,7.520637,0.17311248,10,500.2344391,0.03075842065,21,391.6937579,0,2,233
Apartment_env.dae,direct,LazyRRT,No,7,42,450,0.002,0.02,0.05,1.065833008,Yes,26.64582519,1,Exact solution,751.999247,No,0.054727462,2.460037233,1.038842535,7.520637,0.17311248,10,751.999247,0.06506901151,31,391.6937579,0,2,1376
Apartment_env.dae,direct,LazyRRT,No,8,42,450,0.002,0.02,0.05,1.065833008,Yes,26.64582519,1,Exact solution,599.667479,No,0.000678988,0.03052097978,0.01288862281,7.520637,0.17311248,10,599.667479,0.03083766934,24,391.6937579,0,2,241
Apartment_env.dae,direct,LazyRRT,No,9,42,450,0.002,0.02,0.05,1.065833008,Yes,26.64582519,1,Exact solution,789.6297774,No,0.011310919,0.5084336249,0.2147050738,7.520637,0.17311248,10,789.6297774,0.05171583319,33,391.6937579,0,2,387
Apartment_env.dae,direct,LazyRRT,No,10,42,450,0.002,0.02,0.05,1.065833008,Yes,26.64582519,1,Exact solution,508.3888129,No,0.002468684,0.1109690517,0.04686082363,7.520637,0.17311248,10,508.3888129,0.02243108588,21,391.6937579,0,2,226
Apartment_env.dae,direct,LazyRRT,No,1,42,450,0.002,0.02,0.2,1.065833008,Yes,106.5833008,1,Exact solution,701.3737811,No,0.006817911,0.3372093705,0.1432059159,1.358679,0.031145015,10,701.3737811,0.03308003009,17,391.6937579,0,2,308
Apartment_env.dae,direct,LazyRRT,No,2,42,450,0.002,0.02,0.2,1.065833008,Yes,106.5833008,1,Exact solution,653.6946247,No,0.003198132,0.1581774943,0.06717474346,1.358679,0.031145015,10,653.6946247,0.01370373918,14,391.6937579,0,2,174
Apartment_env.dae,direct,LazyRRT,No,3,42,450,0.002,0.02,0.2,1.065833008,Yes,106.5833008,1,Exact solution,565.0982231,No,0.004553758,0.22522586,0.0956488117,1.358679,0.031145015,10,565.0982231,0.01101049898,15,391.6937579,0,2,335
Apartment_env.dae,direct,LazyRRT,No,4,42,450,0.002,0.02,0.2,1.065833008,Yes,106.5833008,1,Exact solution,465.6279716,No,0.00012436,0.00615076338,0.002612103283,1.358679,0.031145015,10,465.6279716,0.0005308560421,6,391.6937579,0,2,32
Apartment_env.dae,direct,LazyRRT,No,5,42,450,0.002,0.02,0.2,1.065833008,Yes,106.5833008,1,Exact solution,530.6836171,No,0.003379531,0.1671493689,0.07098491493,1.358679,0.031145015,10,530.6836171,0.03502880479,14,391.6937579,0,2,471
Apartment_env.dae,direct,LazyRRT,No,6,42,450,0.002,0.02,0.2,1.065833008,Yes,106.5833008,1,Exact solution,459.0355636,No,0.000796037,0.03937146373,0.01672025459,1.358679,0.031145015,10,459.0355636,0.0008801173633,7,391.6937579,0,2,87
Apartment_env.dae,direct,LazyRRT,No,7,42,450,0.002,0.02,0.2,1.065833008,Yes,106.5833008,1,Exact solution,488.5052438,No,4.119e-05,0.002037230168,0.000865169944,1.358679,0.031145015,10,488.5052438,0.001309539178,7,391.6937579,0,2,47
Apartment_env.dae,direct,LazyRRT,No,8,42,450,0.002,0.02,0.2,1.065833008,Yes,106.5833008,1,Exact solution,664.9390714,No,0.007701949,0.3809333055,0.161774576,1.358679,0.031145015,10,664.9390714,0.01608275514,16,391.6937579,0,2,353
Apartment_env.dae,direct,LazyRRT,No,9,42,450,0.002,0.02,0.2,1.065833008,Yes,106.5833008,1,Exact solution,474.1031526,No,0.000779558,0.03855642328,0.0163741236,1.358679,0.031145015,10,474.1031526,0.0006646796235,7,391.6937579,0,2,173
Apartment_env.dae,direct,LazyRRT,No,10,42,450,0.002,0.02,0.2,1.065833008,Yes,106.5833008,1,Exact solution,491.3493022,No,7.82e-05,0.003867720299,0.001642541627,1.358679,0.031145015,10,491.3493022,0.01277061745,8,391.6937579,0,2,57
Apartment_env.dae,direct,LazyRRT,No,1,42,450,0.002,0.02,0.5,1.065833008,Yes,266.4582519,1,Exact solution,534.2615084,No,0.002286894,0.1133539894,0.04909551747,1.241726,0.028046664,10,534.2615084,0.003349699002,10,391.6937579,0,2,134
Apartment_env.dae,direct,LazyRRT,No,2,42,450,0.002,0.02,0.5,1.065833008,Yes,266.4582519,1,Exact solution,558.4707188,No,0.001071967,0.05313396069,0.02301321118,1.241726,0.028046664,10,558.4707188,0.005616303474,9,391.6937579,0,2,47
Apartment_env.dae,direct,LazyRRT,No,3,42,450,0.002,0.02,0.5,1.065833008,Yes,266.4582519,1,Exact solution,566.409644,No,0.00019476,0.009653627569,0.004181148309,1.241726,0.028046664,10,566.409644,0.0008826712435,6,391.6937579,0,2,40
Apartment_env.dae,direct,LazyRRT,No,4,42,450,0.002,0.02,0.5,1.065833008,Yes,266.4582519,1,Exact solution,603.9417493,No,0.000903668,0.04479191989,0.01940013314,1.241726,0.028046664,10,603.9417493,0.008110476466,10,391.6937579,0,2,136
Apartment_env.dae,direct,LazyRRT,No,5,42,450,0.002,0.02,0.5,1.065833008,Yes,266.4582519,1,Exact solution,391.6937579,No,2.746e-05,0.00136110399,0.0005895170085,1.241726,0.028046664,10,391.6937579,0,3,391.6937579,0,2,16
Apartment_env.dae,direct,LazyRRT,No,6,42,450,0.002,0.02,0.5,1.065833008,Yes,266.4582519,1,Exact solution,591.597781,No,0.005276685,0.2615483251,0.1132809744,1.241726,0.028046664,10,591.597781,0.02134078886,15,391.6937579,0,2,121
Apartment_env.dae,direct,LazyRRT,No,7,42,450,0.002,0.02,0.5,1.065833008,Yes,266.4582519,1,Exact solution,589.4506515,No,0.000241129,0.01195198995,0.005176607674,1.241726,0.028046664,10,589.4506515,0.004583822247,7,391.6937579,0,2,52
Apartment_env.dae,direct,LazyRRT,No,8,42,450,0.002,0.02,0.5,1.065833008,Yes,266.4582519,1,Exact solution,577.3064288,No,0.00386006,0.1913307745,0.08286857333,1.241726,0.028046664,10,577.3064288,0.00578364413,12,391.6937579,0,2,274
Apartment_env.dae,direct,LazyRRT,No,9,42,450,0.002,0.02,0.5,1.065833008,Yes,266.4582519,1,Exact solution,482.875966,No,0.001491886,0.07394799661,0.03202811987,1.241726,0.028046664,10,482.875966,0.004524349241,6,391.6937579,0,2,38
Apartment_env.dae,direct,LazyRRT,No,10,42,450,0.002,0.02,0.5,1.065833008,Yes,266.4582519,1,Exact solution,543.2368677,No,0.009697064,0.4806523124,0.2081785929,1.241726,0.028046664,10,543.2368677,0.02345038316,14,391.6937579,0,2,539
Apartment_env.dae,direct,LazyRRT,No,1,42,450,0.002,0.05,0.05,1.065833008,Yes,26.64582519,1,Exact solution,473.2243174,No,0.00019932,0.009354712365,0.003893448367,2.635118,0.061294944,10,473.2243174,0.01735251661,19,391.6937579,0,2,84
Apartment_env.dae,direct,LazyRRT,No,2,42,450,0.002,0.05,0.05,1.065833008,Yes,26.64582519,1,Exact solution,568.5268238,No,0.000831388,0.03901964481,0.01624004741,2.635118,0.061294944,10,568.5268238,0.02440226782,23,391.6937579,0,2,166
Apartment_env.dae,direct,LazyRRT,No,3,42,450,0.002,0.05,0.05,1.065833008,Yes,26.64582519,1,Exact solution,553.6895553,No,0.002789382,0.1309144405,0.05448682918,2.635118,0.061294944,10,553.6895553,0.02950107249,23,391.6937579,0,2,145
Apartment_env.dae,direct,LazyRRT,No,4,42,450,0.002,0.05,0.05,1.065833008,Yes,26.64582519,1,Exact solution,462.327811,No,0.000595038,0.02792699848,0.01162326776,2.635118,0.061294944,10,462.327811,0.01230264457,19,391.6937579,0,2,281
Apartment_env.dae,direct,LazyRRT,No,5,42,450,0.002,0.05,0.05,1.065833008,Yes,26.64582519,1,Exact solution,587.6340584,No,0.035740423,1.677410079,0.6981411376,2.635118,0.061294944,10,587.6340584,0.1452516526,27,391.6937579,0,2,806
Apartment_env.dae,direct,LazyRRT,No,6,42,450,0.002,0.05,0.05,1.065833008,Yes,26.64582519,1,Exact solution,691.6549739,No,0.002471673,0.1160033613,0.04828081078,2.635118,0.061294944,10,691.6549739,0.04697548817,28,391.6937579,0,2,259
Apartment_env.dae,direct,LazyRRT,No,7,42,450,0.002,0.05,0.05,1.065833008,Yes,26.64582519,1,Exact solution,528.2538083,No,0.001224107,0.05745117845,0.02391128537,2.635118,0.061294944,10,528.2538083,0.0266272034,22,391.6937579,0,2,233
Apartment_env.dae,direct,LazyRRT,No,8,42,450,0.002,0.05,0.05,1.065833008,Yes,26.64582519,1,Exact solution,555.5549814,No,0.009230435,0.4332132472,0.1803041445,2.635118,0.061294944,10,555.5549814,0.03042156211,24,391.6937579,0,2,411
Apartment_env.dae,direct,LazyRRT,No,9,42,450,0.002,0.05,0.05,1.065833008,Yes,26.64582519,1,Exact solution,557.0446764,No,0.001553246,0.0728987034,0.03034057346,2.635118,0.061294944,10,557.0446764,0.02214510988,23,391.6937579,0,2,365
Apartment_env.dae,direct,LazyRRT,No,10,42,450,0.002,0.05,0.05,1.065833008,Yes,26.64582519,1,Exact solution,682.6649403,No,0.001511206,0.07092563443,0.02951937855,2.635118,0.061294944,10,682.6649403,0.04362581551,28,391.6937579,0,2,176
Apartment_env.dae,direct,LazyRRT,No,1,42,450,0.002,0.05,0.2,1.065833008,Yes,106.5833008,1,Exact solution,476.5571578,No,0.000761048,0.03749326265,0.01511691259,0.787953,0.018736919,10,476.5571578,0.001263766294,8,391.6937579,0,2,68
Apartment_env.dae,direct,LazyRRT,No,2,42,450,0.002,0.05,0.2,1.065833008,Yes,106.5833008,1,Exact solution,504.7027087,No,0.000934938,0.04606000672,0.01857093905,0.787953,0.018736919,10,504.7027087,0.008344567064,10,391.6937579,0,2,129
Apartment_env.dae,direct,LazyRRT,No,3,42,450,0.002,0.05,0.2,1.065833008,Yes,106.5833008,1,Exact solution,633.0815156,No,0.001209666,0.05959456572,0.02402793935,0.787953,0.018736919,10,633.0815156,0.01020900796,14,391.6937579,0,2,66
Apartment_env.dae,direct,LazyRRT,No,4,42,450,0.002,0.05,0.2,1.065833008,Yes,106.5833008,1,Exact solution,543.6153739,No,0.000387428,0.019086759,0.007695592408,0.787953,0.018736919,10,543.6153739,0.002022807249,9,391.6937579,0,2,88
Apartment_env.dae,direct,LazyRRT,No,5,42,450,0.002,0.05,0.2,1.065833008,Yes,106.5833008,1,Exact solution,531.7895663,No,0.000381039,0.01877200296,0.007568685887,0.787953,0.018736919,10,531.7895663,0.007481744806,10,391.6937579,0,2,68
Apartment_env.dae,direct,LazyRRT,No,6,42,450,0.002,0.05,0.2,1.065833008,Yes,106.5833008,1,Exact solution,468.9172207,No,0.002671433,0.1316089644,0.05306343247,0.787953,0.018736919,10,468.9172207,0.01635420335,11,391.6937579,0,2,101
Apartment_env.dae,direct,LazyRRT,No,7,42,450,0.002,0.05,0.2,1.065833008,Yes,106.5833008,1,Exact solution,500.3535894,No,0.001020617,0.05028100887,0.02027280537,0.787953,0.018736919,10,500.3535894,0.002952296373,10,391.6937579,0,2,92
Apartment_env.dae,direct,LazyRRT,No,8,42,450,0.002,0.05,0.2,1.065833008,Yes,106.5833008,1,Exact solution,510.7072046,No,9.4119e-05,0.004636801341,0.00186951243,0.787953,0.018736919,10,510.7072046,0.0005644458398,7,391.6937579,0,2,56
Apartment_env.dae,direct,LazyRRT,No,9,42,450,0.002,0.05,0.2,1.065833008,Yes,106.5833008,1,Exact solution,650.5947949,No,0.008165288,0.4022654124,0.1621894348,0.787953,0.018736919,10,650.5947949,0.01478585824,13,391.6937579,0,2,240
Apartment_env.dae,direct,LazyRRT,No,10,42,450,0.002,0.05,0.2,1.065833008,Yes,106.5833008,1,Exact solution,476.8794274,No,0.000368499,0.01815421602,0.007319600305,0.787953,0.018736919,10,476.8794274,0.01206221193,10,391.6937579,0,2,97
Apartment_env.dae,direct,LazyRRT,No,1,42,450,0.002,0.05,0.5,1.065833008,Yes,266.4582519,1,Exact solution,577.2098497,No,7.873e-05,0.005845282264,0.002658501781,0.26378,0.005729944,10,577.2098497,0.001833562264,7,391.6937579,0,2,15
Apartment_env.dae,direct,LazyRRT,No,2,42,450,0.002,0.05,0.5,1.065833008,Yes,266.4582519,1,Exact solution,562.3790624,No,0.000602538,0.04473523034,0.02034609864,0.26378,0.005729944,10,562.3790624,0.01767777013,11,391.6937579,0,2,110
Apartment_env.dae,direct,LazyRRT,No,3,42,450,0.002,0.05,0.5,1.065833008,Yes,266.4582519,1,Exact solution,616.9752537,No,0.000367619,0.02729374851,0.01241351157,0.26378,0.005729944,10,616.9752537,0.007612474272,9,391.6937579,0,2,46
Apartment_env.dae,direct,LazyRRT,No,4,42,450,0.002,0.05,0.5,1.065833008,Yes,266.4582519,1,Exact solution,452.5537193,No,0.000270619,0.02009201627,0.009138080699,0.26378,0.005729944,10,452.5537193,0.001713939169,6,391.6937579,0,2,141
Apartment_env.dae,direct,LazyRRT,No,5,42,450,0.002,0.05,0.5,1.065833008,Yes,266.4582519,1,Exact solution,471.7765709,No,0.000284959,0.02115668473,0.009622304191,0.26378,0.005729944,10,471.7765709,0.001665171343,7,391.6937579,0,2,41
Apartment_env.dae,direct,LazyRRT,No,6,42,450,0.002,0.05,0.5,1.065833008,Yes,266.4582519,1,Exact solution,534.7570804,No,0.000668458,0.04962943848,0.02257204094,0.26378,0.005729944,10,534.7570804,0.002484291746,7,391.6937579,0,2,31
Apartment_env.dae,direct,LazyRRT,No,7,42,450,0.002,0.05,0.5,1.065833008,Yes,266.4582519,1,Exact solution,413.8200432,No,0.000245769,0.01824703641,0.008298962583,0.26378,0.005729944,10,413.8200432,0.0004121570745,6,391.6937579,0,2,69
Apartment_env.dae,direct,LazyRRT,No,8,42,450,0.002,0.05,0.5,1.065833008,Yes,266.4582519,1,Exact solution,411.37928,No,4.934e-05,0.003663231638,0.001666079993,0.26378,0.005729944,10,411.37928,0.0002198672213,5,391.6937579,0,2,26
Apartment_env.dae,direct,LazyRRT,No,9,42,450,0.002,0.05,0.5,1.065833008,Yes,266.4582519,1,Exact solution,669.6994371,No,0.000925987,0.06874959212,0.03126810731,0.26378,0.005729944,10,669.6994371,0.009816835807,12,391.6937579,0,2,88
Apartment_env.dae,direct,LazyRRT,No,10,42,450,0.002,0.05,0.5,1.065833008,Yes,266.4582519,1,Exact solution,487.916887,No,5.8829e-05,0.004367739239,0.001986498174,0.26378,0.005729944,10,487.916887,2.789476016e-05,4,391.6937579,0,2,27
Apartment_env.dae,direct,LazyRRT,No,1,42,450,0.002,0.15,0.05,1.065833008,Yes,26.64582519,1,Exact solution,551.5909235,No,0.003317682,0.1743062005,0.07404391752,0.898254,0.020586654,10,551.5909235,0.0333153346,23,391.6937579,0,2,239
Apartment_env.dae,direct,LazyRRT,No,2,42,450,0.002,0.15,0.05,1.065833008,Yes,26.64582519,1,Exact solution,450.0823696,No,0.000534158,0.0280638866,0.01192132064,0.898254,0.020586654,10,450.0823696,0.01697654352,19,391.6937579,0,2,159
Apartment_env.dae,direct,LazyRRT,No,3,42,450,0.002,0.15,0.05,1.065833008,Yes,26.64582519,1,Exact solution,568.7189766,No,0.004155569,0.2183275682,0.09274385196,0.898254,0.020586654,10,568.7189766,0.02690164136,24,391.6937579,0,2,135
Apartment_env.dae,direct,LazyRRT,No,4,42,450,0.002,0.15,0.05,1.065833008,Yes,26.64582519,1,Exact solution,468.7888945,No,0.001684186,0.08848468977,0.03758760763,0.898254,0.020586654,10,468.7888945,0.01495241977,19,391.6937579,0,2,129
Apartment_env.dae,direct,LazyRRT,No,5,42,450,0.002,0.15,0.05,1.065833008,Yes,26.64582519,1,Exact solution,491.0353558,No,0.002197104,0.1154326576,0.04903489465,0.898254,0.020586654,10,491.0353558,0.02143009802,20,391.6937579,0,2,114
Apartment_env.dae,direct,LazyRRT,No,6,42,450,0.002,0.15,0.05,1.065833008,Yes,26.64582519,1,Exact solution,467.1633878,No,0.000546109,0.02869177481,0.01218804266,0.898254,0.020586654,10,467.1633878,0.01467576852,19,391.6937579,0,2,112
Apartment_env.dae,direct,LazyRRT,No,7,42,450,0.002,0.15,0.05,1.065833008,Yes,26.64582519,1,Exact solution,634.1234944,No,0.002388283,0.125476925,0.05330162127,0.898254,0.020586654,10,634.1234944,0.04789864052,26,391.6937579,0,2,249
Apartment_env.dae,direct,LazyRRT,No,8,42,450,0.002,0.15,0.05,1.065833008,Yes,26.64582519,1,Exact solution,467.6180198,No,0.001353957,0.07113493706,0.0302175677,0.898254,0.020586654,10,467.6180198,0.02111465982,19,391.6937579,0,2,101
Apartment_env.dae,direct,LazyRRT,No,9,42,450,0.002,0.15,0.05,1.065833008,Yes,26.64582519,1,Exact solution,478.3117196,No,0.00016358,0.00859425595,0.003650773048,0.898254,0.020586654,10,478.3117196,0.02147372759,20,391.6937579,0,2,75
Apartment_env.dae,direct,LazyRRT,No,10,42,450,0.002,0.15,0.05,1.065833008,Yes,26.64582519,1,Exact solution,611.4981674,No,0.000756418,0.03974110464,0.01688171199,0.898254,0.020586654,10,611.4981674,0.03064883659,24,391.6937579,0,2,106
Apartment_env.dae,direct,LazyRRT,No,1,42,450,0.002,0.15,0.2,1.065833008,Yes,106.5833008,1,Exact solution,490.0706709,No,0.00016126,0.02424512041,0.008317371721,0.122888,0.003216632,10,490.0706709,0.0008497834038,8,391.6937579,0,2,18
Apartment_env.dae,direct,LazyRRT,No,2,42,450,0.002,0.15,0.2,1.065833008,Yes,106.5833008,1,Exact solution,397.4643161,No,7.9329e-05,0.01192695744,0.004091583661,0.122888,0.003216632,10,397.4643161,1.309145622e-05,5,391.6937579,0,2,17
Apartment_env.dae,direct,LazyRRT,No,3,42,450,0.002,0.15,0.2,1.065833008,Yes,106.5833008,1,Exact solution,447.563187,No,2.261e-05,0.00339936855,0.001166165042,0.122888,0.003216632,10,447.563187,0.0002251701388,6,391.6937579,0,2,12
Apartment_env.dae,direct,LazyRRT,No,4,42,450,0.002,0.15,0.2,1.065833008,Yes,106.5833008,1,Exact solution,480.3202317,No,0.000182149,0.02738574003,0.009394772055,0.122888,0.003216632,10,480.3202317,0.0004898142784,6,391.6937579,0,2,40
Apartment_env.dae,direct,LazyRRT,No,5,42,450,0.002,0.15,0.2,1.065833008,Yes,106.5833008,1,Exact solution,391.6937579,No,2.558e-05,0.003845902146,0.001319349923,0.122888,0.003216632,10,391.6937579,0,5,391.6937579,0,2,9
Apartment_env.dae,direct,LazyRRT,No,6,42,450,0.002,0.15,0.2,1.065833008,Yes,106.5833008,1,Exact solution,391.6937579,No,2.451e-05,0.003685029773,0.001264162104,0.122888,0.003216632,10,391.6937579,0,5,391.6937579,0,2,12
Apartment_env.dae,direct,LazyRRT,No,7,42,450,0.002,0.15,0.2,1.065833008,Yes,106.5833008,1,Exact solution,427.2884212,No,6.682e-05,0.01004625416,0.00344640195,0.122888,0.003216632,10,427.2884212,0.0001508867638,6,391.6937579,0,2,32
Apartment_env.dae,direct,LazyRRT,No,8,42,450,0.002,0.15,0.2,1.065833008,Yes,106.5833008,1,Exact solution,481.3134049,No,0.00010298,0.01548283827,0.005311440778,0.122888,0.003216632,10,481.3134049,0.0009581148688,7,391.6937579,0,2,17
Apartment_env.dae,direct,LazyRRT,No,9,42,450,0.002,0.15,0.2,1.065833008,Yes,106.5833008,1,Exact solution,399.8299915,No,1.965e-05,0.002954338435,0.001013495934,0.122888,0.003216632,10,399.8299915,4.693404209e-05,5,391.6937579,0,2,5
Apartment_env.dae,direct,LazyRRT,No,10,42,450,0.002,0.15,0.2,1.065833008,Yes,106.5833008,1,Exact solution,543.8617095,No,0.000132469,0.01991645079,0.006832406762,0.122888,0.003216632,10,543.8617095,0.0009776487885,7,391.6937579,0,2,32
Apartment_env.dae,direct,LazyRRT,No,1,42,450,0.002,0.15,0.5,1.065833008,Yes,266.4582519,1,Exact solution,391.6937579,No,2.247e-05,0.002408873756,0.0008877650958,0.08279,0.002082984,10,391.6937579,0,3,391.6937579,0,2,3
Apartment_env.dae,direct,LazyRRT,No,2,42,450,0.002,0.15,0.5,1.065833008,Yes,266.4582519,1,Exact solution,556.5363886,No,0.000160059,0.01715896415,0.006323755828,0.08279,0.002082984,10,556.5363886,0.003679710133,7,391.6937579,0,2,19
Apartment_env.dae,direct,LazyRRT,No,3,42,450,0.002,0.15,0.5,1.065833008,Yes,266.4582519,1,Exact solution,547.0528365,No,0.000301039,0.03227258329,0.01189372126,0.08279,0.002082984,10,547.0528365,0.001910862014,6,391.6937579,0,2,20
Apartment_env.dae,direct,LazyRRT,No,4,42,450,0.002,0.15,0.5,1.065833008,Yes,266.4582519,1,Exact solution,391.6937579,No,1.983e-05,0.002125855211,0.0007834615865,0.08279,0.002082984,10,391.6937579,0,3,391.6937579,0,2,5
Apartment_env.dae,direct,LazyRRT,No,5,42,450,0.002,0.15,0.5,1.065833008,Yes,266.4582519,1,Exact solution,391.6937579,No,1.859e-05,0.001992922257,0.0007344705443,0.08279,0.002082984,10,391.6937579,0,3,391.6937579,0,2,4
Apartment_env.dae,direct,LazyRRT,No,6,42,450,0.002,0.15,0.5,1.065833008,Yes,266.4582519,1,Exact solution,590.0833814,No,0.000112049,0.01201210038,0.004426933298,0.08279,0.002082984,10,590.0833814,0.001737459325,7,391.6937579,0,2,18
Apartment_env.dae,direct,LazyRRT,No,7,42,450,0.002,0.15,0.5,1.065833008,Yes,266.4582519,1,Exact solution,433.6779785,No,2.602e-05,0.002789447936,0.001028021709,0.08279,0.002082984,10,433.6779785,0.0003339913909,4,391.6937579,0,2,20
Apartment_env.dae,direct,LazyRRT,No,8,42,450,0.002,0.15,0.5,1.065833008,Yes,266.4582519,1,Exact solution,391.6937579,No,6.13e-05,0.006571604862,0.002421895878,0.08279,0.002082984,10,391.6937579,0,3,391.6937579,0,2,7
Apartment_env.dae,direct,LazyRRT,No,9,42,450,0.002,0.15,0.5,1.065833008,Yes,266.4582519,1,Exact solution,391.6937579,No,1.94e-05,0.002079757493,0.0007664727574,0.08279,0.002082984,10,391.6937579,0,3,391.6937579,0,2,7
Apartment_env.dae,direct,LazyRRT,No,10,42,450,0.002,0.15,0.5,1.065833008,Yes,266.4582519,1,Exact solution,416.0481811,No,3.1509e-05,0.003377890662,0.001244886088,0.08279,0.002082984,10,416.0481811,3.393534479e-05,4,391.6937579,0,2,8
Apartment_env.dae,direct,pRRT,No,1,42,450,0.002,0.02,0.05,1.065833008,Yes,26.64582519,1,Exact solution,462.6989556,No,0.000665508,0.03692229454,0.01366433538,0.473349,0.011880268,10,462.6989556,0.01965610643,19,391.6937579,0,2,78
Apartment_env.dae,direct,pRRT,No,2,42,450,0.002,0.02,0.05,1.065833008,Yes,26.64582519,1,Exact solution,516.0668644,No,0.001298657,0.0720493161,0.02666426968,0.473349,0.011880268,10,516.0668644,0.02245788757,21,391.6937579,0,2,119
Apartment_env.dae,direct,pRRT,No,3,42,450,0.002,0.02,0.05,1.065833008,Yes,26.64582519,1,Exact solution,469.7379111,No,0.000584098,0.03240567866,0.01199280995,0.473349,0.011880268,10,469.7379111,0.01257591228,19,391.6937579,0,2,64
Apartment_env.dae,direct,pRRT,No,4,42,450,0.002,0.02,0.05,1.065833008,Yes,26.64582519,1,Exact solution,665.6823633,No,0.001331186,0.07385402065,0.02733216122,0.473349,0.011880268,10,665.6823633,0.04314688935,27,391.6937579,0,2,221
Apartment_env.dae,direct,pRRT,No,5,42,450,0.002,0.02,0.05,1.065833008,Yes,26.64582519,1,Exact solution,477.9680355,No,0.000537088,0.02979757017,0.01102759179,0.473349,0.011880268,10,477.9680355,0.01982588233,19,391.6937579,0,2,74
Apartment_env.dae,direct,pRRT,No,6,42,450,0.002,0.02,0.05,1.065833008,Yes,26.64582519,1,Exact solution,494.3921253,No,0.000617638,0.03426647336,0.01268145954,0.473349,0.011880268,10,494.3921253,0.01611361653,20,391.6937579,0,2,131
Apartment_env.dae,direct,pRRT,No,7,42,450,0.002,0.02,0.05,1.065833008,Yes,26.64582519,1,Exact solution,485.8913514,No,0.000783618,0.04347502149,0.0160893921,0.473349,0.011880268,10,485.8913514,0.01915600707,20,391.6937579,0,2,117
Apartment_env.dae,direct,pRRT,No,8,42,450,0.002,0.02,0.05,1.065833008,Yes,26.64582519,1,Exact solution,461.8742648,No,0.001087527,0.06033585203,0.02232930883,0.473349,0.011880268,10,461.8742648,0.01539881041,19,391.6937579,0,2,235
Apartment_env.dae,direct,pRRT,No,9,42,450,0.002,0.02,0.05,1.065833008,Yes,26.64582519,1,Exact solution,526.9071603,No,0.000897988,0.04982025374,0.01843765844,0.473349,0.011880268,10,526.9071603,0.02329184585,21,391.6937579,0,2,145
Apartment_env.dae,direct,pRRT,No,10,42,450,0.002,0.02,0.05,1.065833008,Yes,26.64582519,1,Exact solution,503.4668852,No,0.000728598,0.04042251927,0.01495971112,0.473349,0.011880268,10,503.4668852,0.02250097412,20,391.6937579,0,2,109
Apartment_env.dae,direct,pRRT,No,1,42,450,0.002,0.02,0.2,1.065833008,Yes,106.5833008,1,Exact solution,476.9016653,No,0.00027424,0.01397532584,0.004571108744,0.358472,0.009611204,10,476.9016653,0.0005109448481,6,391.6937579,0,2,12
Apartment_env.dae,direct,pRRT,No,2,42,450,0.002,0.02,0.2,1.065833008,Yes,106.5833008,1,Exact solution,519.1224528,No,0.000775828,0.03953635172,0.01293171731,0.358472,0.009611204,10,519.1224528,0.002788828456,8,391.6937579,0,2,71
Apartment_env.dae,direct,pRRT,No,3,42,450,0.002,0.02,0.2,1.065833008,Yes,106.5833008,1,Exact solution,667.2531309,No,0.000847978,0.04321313031,0.01413433362,0.358472,0.009611204,10,667.2531309,0.003746777768,10,391.6937579,0,2,56
Apartment_env.dae,direct,pRRT,No,4,42,450,0.002,0.02,0.2,1.065833008,Yes,106.5833008,1,Exact solution,484.7558347,No,0.000281499,0.01434524595,0.004692103779,0.358472,0.009611204,10,484.7558347,0.001908175076,7,391.6937579,0,2,26
Apartment_env.dae,direct,pRRT,No,5,42,450,0.002,0.02,0.2,1.065833008,Yes,106.5833008,1,Exact solution,466.9350982,No,0.000372179,0.01896631708,0.006203583289,0.358472,0.009611204,10,466.9350982,0.001676442511,7,391.6937579,0,2,29
Apartment_env.dae,direct,pRRT,No,6,42,450,0.002,0.02,0.2,1.065833008,Yes,106.5833008,1,Exact solution,727.9686434,No,0.001821265,0.09281203259,0.03035735256,0.358472,0.009611204,10,727.9686434,0.02115653841,13,391.6937579,0,2,60
Apartment_env.dae,direct,pRRT,No,7,42,450,0.002,0.02,0.2,1.065833008,Yes,106.5833008,1,Exact solution,484.7680517,No,0.000881388,0.04491571066,0.01469122081,0.358472,0.009611204,10,484.7680517,0.000822612701,7,391.6937579,0,2,50
Apartment_env.dae,direct,pRRT,No,8,42,450,0.002,0.02,0.2,1.065833008,Yes,106.5833008,1,Exact solution,516.0578427,No,0.000305329,0.01555962757,0.00508930886,0.358472,0.009611204,10,516.0578427,0.002879218116,8,391.6937579,0,2,31
Apartment_env.dae,direct,pRRT,No,9,42,450,0.002,0.02,0.2,1.065833008,Yes,106.5833008,1,Exact solution,595.2020711,No,0.000833807,0.04249097328,0.01389812744,0.358472,0.009611204,10,595.2020711,0.009629531634,10,391.6937579,0,2,115
Apartment_env.dae,direct,pRRT,No,10,42,450,0.002,0.02,0.2,1.065833008,Yes,106.5833008,1,Exact solution,411.0296031,No,0.000640839,0.03265728499,0.01068168304,0.358472,0.009611204,10,411.0296031,0.0002764871345,7,391.6937579,0,2,51
Apartment_env.dae,direct,pRRT,No,1,42,450,0.002,0.02,0.5,1.065833008,Yes,266.4582519,1,Exact solution,403.9064408,No,0.000138249,0.008656526192,0.003500612523,0.285095,0.006765711,10,403.9064408,6.65395971e-06,3,391.6937579,0,2,6
Apartment_env.dae,direct,pRRT,No,2,42,450,0.002,0.02,0.5,1.065833008,Yes,266.4582519,1,Exact solution,517.7683983,No,0.000276179,0.01729307805,0.006993147625,0.285095,0.006765711,10,517.7683983,0.0009662105791,7,391.6937579,0,2,25
Apartment_env.dae,direct,pRRT,No,3,42,450,0.002,0.02,0.5,1.065833008,Yes,266.4582519,1,Exact solution,524.1068473,No,0.000634898,0.03975443704,0.01607629632,0.285095,0.006765711,10,524.1068473,0.000951611568,7,391.6937579,0,2,32
Apartment_env.dae,direct,pRRT,No,4,42,450,0.002,0.02,0.5,1.065833008,Yes,266.4582519,1,Exact solution,570.3388961,No,0.0002412,0.0151028515,0.006107441939,0.285095,0.006765711,10,570.3388961,0.000409582556,5,391.6937579,0,2,7
Apartment_env.dae,direct,pRRT,No,5,42,450,0.002,0.02,0.5,1.065833008,Yes,266.4582519,1,Exact solution,647.8622843,No,0.000435839,0.02729026408,0.01103590957,0.285095,0.006765711,10,647.8622843,0.0009907106382,8,391.6937579,0,2,17
Apartment_env.dae,direct,pRRT,No,6,42,450,0.002,0.02,0.5,1.065833008,Yes,266.4582519,1,Exact solution,633.6036206,No,0.00027126,0.01698507255,0.006868593285,0.285095,0.006765711,10,633.6036206,0.0003279560489,5,391.6937579,0,2,22
Apartment_env.dae,direct,pRRT,No,7,42,450,0.002,0.02,0.5,1.065833008,Yes,266.4582519,1,Exact solution,575.1897849,No,0.000284009,0.01778335718,0.007191411599,0.285095,0.006765711,10,575.1897849,0.00461687299,8,391.6937579,0,2,30
Apartment_env.dae,direct,pRRT,No,8,42,450,0.002,0.02,0.5,1.065833008,Yes,266.4582519,1,Exact solution,569.2900506,No,0.001043207,0.06532089721,0.02641511684,0.285095,0.006765711,10,569.2900506,0.007673363159,9,391.6937579,0,2,138
Apartment_env.dae,direct,pRRT,No,9,42,450,0.002,0.02,0.5,1.065833008,Yes,266.4582519,1,Exact solution,548.9253593,No,0.000763888,0.04783120659,0.01934246106,0.285095,0.006765711,10,548.9253593,0.003459707741,8,391.6937579,0,2,89
Apartment_env.dae,direct,pRRT,No,10,42,450,0.002,0.02,0.5,1.065833008,Yes,266.4582519,1,Exact solution,450.2877713,No,0.000464379,0.02907730961,0.01175857289,0.285095,0.006765711,10,450.2877713,0.00163838099,6,391.6937579,0,2,57
Apartment_env.dae,direct,pRRT,No,1,42,450,0.002,0.05,0.05,1.065833008,Yes,26.64582519,1,Exact solution,486.9890528,No,0.000465299,0.03416195773,0.0144319076,0.358792,0.008256387,10,486.9890528,0.01817372851,20,391.6937579,0,2,76
Apartment_env.dae,direct,pRRT,No,2,42,450,0.002,0.05,0.05,1.065833008,Yes,26.64582519,1,Exact solution,514.11018,No,0.000513288,0.0376852797,0.01592035441,0.358792,0.008256387,10,514.11018,0.02129515925,21,391.6937579,0,2,80
Apartment_env.dae,direct,pRRT,No,3,42,450,0.002,0.05,0.05,1.065833008,Yes,26.64582519,1,Exact solution,515.6140224,No,0.000391418,0.02873766153,0.01214038373,0.358792,0.008256387,10,515.6140224,0.02270328838,21,391.6937579,0,2,74
Apartment_env.dae,direct,pRRT,No,4,42,450,0.002,0.05,0.05,1.065833008,Yes,26.64582519,1,Exact solution,442.8463723,No,0.000431328,0.03166782844,0.01337824891,0.358792,0.008256387,10,442.8463723,0.0102558062,18,391.6937579,0,2,119
Apartment_env.dae,direct,pRRT,No,5,42,450,0.002,0.05,0.05,1.065833008,Yes,26.64582519,1,Exact solution,582.2558294,No,0.001167557,0.08572129509,0.03621343425,0.358792,0.008256387,10,582.2558294,0.02567754746,24,391.6937579,0,2,117
Apartment_env.dae,direct,pRRT,No,6,42,450,0.002,0.05,0.05,1.065833008,Yes,26.64582519,1,Exact solution,465.5412086,No,0.000580179,0.04259637453,0.01799507353,0.358792,0.008256387,10,465.5412086,0.01193701917,19,391.6937579,0,2,90
Apartment_env.dae,direct,pRRT,No,7,42,450,0.002,0.05,0.05,1.065833008,Yes,26.64582519,1,Exact solution,493.1294265,No,0.000263449,0.01934225864,0.008171243921,0.358792,0.008256387,10,493.1294265,0.02042146863,20,391.6937579,0,2,66
Apartment_env.dae,direct,pRRT,No,8,42,450,0.002,0.05,0.05,1.065833008,Yes,26.64582519,1,Exact solution,465.5241993,No,0.000264109,0.01939071542,0.008191714756,0.358792,0.008256387,10,465.5241993,0.0146702763,19,391.6937579,0,2,57
Apartment_env.dae,direct,pRRT,No,9,42,450,0.002,0.05,0.05,1.065833008,Yes,26.64582519,1,Exact solution,493.8494186,No,0.000425799,0.03126189276,0.01320675915,0.358792,0.008256387,10,493.8494186,0.02186474772,20,391.6937579,0,2,89
Apartment_env.dae,direct,pRRT,No,10,42,450,0.002,0.05,0.05,1.065833008,Yes,26.64582519,1,Exact solution,473.7817578,No,0.000384459,0.02822673616,0.01192454049,0.358792,0.008256387,10,473.7817578,0.01685981332,19,391.6937579,0,2,101
Apartment_env.dae,direct,pRRT,No,1,42,450,0.002,0.05,0.2,1.065833008,Yes,106.5833008,1,Exact solution,515.342909,No,0.000229049,0.01851960043,0.005602587182,0.162879,0.004526447,10,515.342909,0.001026158648,8,391.6937579,0,2,15
Apartment_env.dae,direct,pRRT,No,2,42,450,0.002,0.05,0.2,1.065833008,Yes,106.5833008,1,Exact solution,434.5481973,No,0.00021862,0.01767637076,0.005347491627,0.162879,0.004526447,10,434.5481973,0.002661621128,7,391.6937579,0,2,28
Apartment_env.dae,direct,pRRT,No,3,42,450,0.002,0.05,0.2,1.065833008,Yes,106.5833008,1,Exact solution,615.7208935,No,0.00016621,0.01343879601,0.004065531897,0.162879,0.004526447,10,615.7208935,0.002258528809,8,391.6937579,0,2,11
Apartment_env.dae,direct,pRRT,No,4,42,450,0.002,0.05,0.2,1.065833008,Yes,106.5833008,1,Exact solution,600.922611,No,0.000480109,0.03881888522,0.0117435681,0.162879,0.004526447,10,600.922611,0.001918882405,8,391.6937579,0,2,19
Apartment_env.dae,direct,pRRT,No,5,42,450,0.002,0.05,0.2,1.065833008,Yes,106.5833008,1,Exact solution,534.7555062,No,0.000173299,0.01401197226,0.004238930342,0.162879,0.004526447,10,534.7555062,0.001952415869,7,391.6937579,0,2,9
Apartment_env.dae,direct,pRRT,No,6,42,450,0.002,0.05,0.2,1.065833008,Yes,106.5833008,1,Exact solution,642.7764045,No,0.000291709,0.02358593192,0.007135264088,0.162879,0.004526447,10,642.7764045,0.001893799386,9,391.6937579,0,2,23
Apartment_env.dae,direct,pRRT,No,7,42,450,0.002,0.05,0.2,1.065833008,Yes,106.5833008,1,Exact solution,431.1218265,No,0.00010066,0.008138795537,0.002462164977,0.162879,0.004526447,10,431.1218265,0.0002317918609,6,391.6937579,0,2,9
Apartment_env.dae,direct,pRRT,No,8,42,450,0.002,0.05,0.2,1.065833008,Yes,106.5833008,1,Exact solution,407.3691046,No,0.00013372,0.01081183925,0.003270819597,0.162879,0.004526447,10,407.3691046,4.878681763e-05,5,391.6937579,0,2,6
Apartment_env.dae,direct,pRRT,No,9,42,450,0.002,0.05,0.2,1.065833008,Yes,106.5833008,1,Exact solution,431.0392956,No,9.416e-05,0.007613242478,0.002303173596,0.162879,0.004526447,10,431.0392956,0.0001657316901,6,391.6937579,0,2,9
Apartment_env.dae,direct,pRRT,No,10,42,450,0.002,0.05,0.2,1.065833008,Yes,106.5833008,1,Exact solution,517.8910441,No,0.000126939,0.01026356613,0.003104954897,0.162879,0.004526447,10,517.8910441,0.0002881191479,6,391.6937579,0,2,9
Apartment_env.dae,direct,pRRT,No,1,42,450,0.002,0.05,0.5,1.065833008,Yes,266.4582519,1,Exact solution,709.8316228,No,0.000819308,0.06421678697,0.03174308382,0.253253,0.005102696,10,709.8316228,0.004469554172,9,391.6937579,0,2,39
Apartment_env.dae,direct,pRRT,No,2,42,450,0.002,0.05,0.5,1.065833008,Yes,266.4582519,1,Exact solution,539.844052,No,0.000482819,0.03784301492,0.01870623012,0.253253,0.005102696,10,539.844052,0.002206850016,6,391.6937579,0,2,50
Apartment_env.dae,direct,pRRT,No,3,42,450,0.002,0.05,0.5,1.065833008,Yes,266.4582519,1,Exact solution,425.272717,No,0.000245089,0.01920990409,0.009495672775,0.253253,0.005102696,10,425.272717,0.001649995272,5,391.6937579,0,2,11
Apartment_env.dae,direct,pRRT,No,4,42,450,0.002,0.05,0.5,1.065833008,Yes,266.4582519,1,Exact solution,391.6937579,No,0.000184129,0.014431902,0.007133852325,0.253253,0.005102696,10,391.6937579,0,3,391.6937579,0,2,8
Apartment_env.dae,direct,pRRT,No,5,42,450,0.002,0.05,0.5,1.065833008,Yes,266.4582519,1,Exact solution,521.1084871,No,0.000361549,0.02833795729,0.01400777267,0.253253,0.005102696,10,521.1084871,0.004260572742,7,391.6937579,0,2,38
Apartment_env.dae,direct,pRRT,No,6,42,450,0.002,0.05,0.5,1.065833008,Yes,266.4582519,1,Exact solution,654.3511433,No,0.000437799,0.03431437886,0.01696198542,0.253253,0.005102696,10,654.3511433,0.003269997898,9,391.6937579,0,2,19
Apartment_env.dae,direct,pRRT,No,7,42,450,0.002,0.05,0.5,1.065833008,Yes,266.4582519,1,Exact solution,416.0260339,No,0.000235099,0.01842689489,0.009108622475,0.253253,0.005102696,10,416.0260339,8.690405436e-05,4,391.6937579,0,2,14
Apartment_env.dae,direct,pRRT,No,8,42,450,0.002,0.05,0.5,1.065833008,Yes,266.4582519,1,Exact solution,454.793448,No,0.000199689,0.0156514839,0.007736705445,0.253253,0.005102696,10,454.793448,0.006109572837,6,391.6937579,0,2,21
Apartment_env.dae,direct,pRRT,No,9,42,450,0.002,0.05,0.5,1.065833008,Yes,266.4582519,1,Exact solution,439.8720865,No,0.00011281,0.008841968756,0.004370685122,0.253253,0.005102696,10,439.8720865,0.0003274541433,4,391.6937579,0,2,9
Apartment_env.dae,direct,pRRT,No,10,42,450,0.002,0.05,0.5,1.065833008,Yes,266.4582519,1,Exact solution,473.139295,No,0.00015283,0.01197870832,0.005921210949,0.253253,0.005102696,10,473.139295,0.0009687790647,5,391.6937579,0,2,11
Apartment_env.dae,direct,pRRT,No,1,42,450,0.002,0.15,0.05,1.065833008,Yes,26.64582519,1,Exact solution,428.1336448,No,0.000151589,0.0119476214,0.003821093198,0.200261,0.005427275,10,428.1336448,0.008110155466,18,391.6937579,0,2,42
Apartment_env.dae,direct,pRRT,No,2,42,450,0.002,0.15,0.05,1.065833008,Yes,26.64582519,1,Exact solution,474.9114236,No,0.000205209,0.01617372922,0.005172688744,0.200261,0.005427275,10,474.9114236,0.01465289329,19,391.6937579,0,2,38
Apartment_env.dae,direct,pRRT,No,3,42,450,0.002,0.15,0.05,1.065833008,Yes,26.64582519,1,Exact solution,487.3224102,No,0.00023011,0.01813632361,0.00580036649,0.200261,0.005427275,10,487.3224102,0.0114043785,20,391.6937579,0,2,47
Apartment_env.dae,direct,pRRT,No,4,42,450,0.002,0.15,0.05,1.065833008,Yes,26.64582519,1,Exact solution,443.0458413,No,0.000223269,0.01759714413,0.005627925887,0.200261,0.005427275,10,443.0458413,0.01416279857,18,391.6937579,0,2,42
Apartment_env.dae,direct,pRRT,No,5,42,450,0.002,0.15,0.05,1.065833008,Yes,26.64582519,1,Exact solution,443.4651176,No,0.000226229,0.01783043916,0.005702538397,0.200261,0.005427275,10,443.4651176,0.01135224804,18,391.6937579,0,2,44
Apartment_env.dae,direct,pRRT,No,6,42,450,0.002,0.15,0.05,1.065833008,Yes,26.64582519,1,Exact solution,449.7981971,No,0.000142109,0.0112004468,0.003582131509,0.200261,0.005427275,10,449.7981971,0.01072989645,18,391.6937579,0,2,33
Apartment_env.dae,direct,pRRT,No,7,42,450,0.002,0.15,0.05,1.065833008,Yes,26.64582519,1,Exact solution,465.284737,No,0.000318009,0.02506416121,0.008016030364,0.200261,0.005427275,10,465.284737,0.01743128503,19,391.6937579,0,2,71
Apartment_env.dae,direct,pRRT,No,8,42,450,0.002,0.15,0.05,1.065833008,Yes,26.64582519,1,Exact solution,432.7695219,No,0.000174099,0.013721767,0.004388501175,0.200261,0.005427275,10,432.7695219,0.01067532835,18,391.6937579,0,2,37
Apartment_env.dae,direct,pRRT,No,9,42,450,0.002,0.15,0.05,1.065833008,Yes,26.64582519,1,Exact solution,591.8515009,No,0.000442319,0.03486176404,0.01114950374,0.200261,0.005427275,10,591.8515009,0.0189030933,24,391.6937579,0,2,50
Apartment_env.dae,direct,pRRT,No,10,42,450,0.002,0.15,0.05,1.065833008,Yes,26.64582519,1,Exact solution,490.1356746,No,0.000427929,0.03372760344,0.01078677603,0.200261,0.005427275,10,490.1356746,0.0199127294,20,391.6937579,0,2,65
Apartment_env.dae,direct,pRRT,No,1,42,450,0.002,0.15,0.2,1.065833008,Yes,106.5833008,1,Exact solution,493.2594161,No,0.000172579,0.01825431275,0.007776104927,0.178351,0.004079049,10,493.2594161,0.000222206743,6,391.6937579,0,2,9
Apartment_env.dae,direct,pRRT,No,2,42,450,0.002,0.15,0.2,1.065833008,Yes,106.5833008,1,Exact solution,602.5316418,No,0.000158839,0.01680098264,0.007157004795,0.178351,0.004079049,10,602.5316418,0.001136051933,8,391.6937579,0,2,14
Apartment_env.dae,direct,pRRT,No,3,42,450,0.002,0.15,0.2,1.065833008,Yes,106.5833008,1,Exact solution,528.9024306,No,0.00016042,0.0169682108,0.007228241862,0.178351,0.004079049,10,528.9024306,0.0003462124826,6,391.6937579,0,2,12
Apartment_env.dae,direct,pRRT,No,4,42,450,0.002,0.15,0.2,1.065833008,Yes,106.5833008,1,Exact solution,435.6919704,No,0.00015313,0.01619712081,0.006899767338,0.178351,0.004079049,10,435.6919704,0.0002348058252,6,391.6937579,0,2,14
Apartment_env.dae,direct,pRRT,No,5,42,450,0.002,0.15,0.2,1.065833008,Yes,106.5833008,1,Exact solution,394.7771736,No,0.00010453,0.01105652085,0.004709937177,0.178351,0.004079049,10,394.7771736,4.711069983e-06,5,391.6937579,0,2,7
Apartment_env.dae,direct,pRRT,No,6,42,450,0.002,0.15,0.2,1.065833008,Yes,106.5833008,1,Exact solution,659.368254,No,0.00019807,0.02095058916,0.008924684364,0.178351,0.004079049,10,659.368254,0.003083680343,10,391.6937579,0,2,15
Apartment_env.dae,direct,pRRT,No,7,42,450,0.002,0.15,0.2,1.065833008,Yes,106.5833008,1,Exact solution,634.6761506,No,0.000327329,0.03462278689,0.0147488666,0.178351,0.004079049,10,634.6761506,0.004055947594,10,391.6937579,0,2,37
Apartment_env.dae,direct,pRRT,No,8,42,450,0.002,0.15,0.2,1.065833008,Yes,106.5833008,1,Exact solution,562.3740108,No,0.00020574,0.02176187315,0.009270281017,0.178351,0.004079049,10,562.3740108,0.002643533258,8,391.6937579,0,2,12
Apartment_env.dae,direct,pRRT,No,9,42,450,0.002,0.15,0.2,1.065833008,Yes,106.5833008,1,Exact solution,428.3297444,No,8.859e-05,0.009370488685,0.00399170893,0.178351,0.004079049,10,428.3297444,0.0001527610958,6,391.6937579,0,2,9
Apartment_env.dae,direct,pRRT,No,10,42,450,0.002,0.15,0.2,1.065833008,Yes,106.5833008,1,Exact solution,472.8543388,No,0.00011693,0.01236811426,0.005268659275,0.178351,0.004079049,10,472.8543388,0.0004144550523,6,391.6937579,0,2,8
Apartment_env.dae,direct,pRRT,No,1,42,450,0.002,0.15,0.5,1.065833008,Yes,266.4582519,1,Exact solution,402.3166539,No,8.592e-05,0.006033481086,0.001484641421,0.087139,0.002617623,10,402.3166539,5.873487387e-06,3,391.6937579,0,2,3
Apartment_env.dae,direct,pRRT,No,2,42,450,0.002,0.15,0.5,1.065833008,Yes,266.4582519,1,Exact solution,391.6937579,No,0.000203299,0.01427607858,0.003512873793,0.087139,0.002617623,10,391.6937579,0,3,391.6937579,0,2,5
Apartment_env.dae,direct,pRRT,No,3,42,450,0.002,0.15,0.5,1.065833008,Yes,266.4582519,1,Exact solution,637.6062074,No,0.000158179,0.01110765834,0.002733229695,0.087139,0.002617623,10,637.6062074,0.0002084205209,5,391.6937579,0,2,7
Apartment_env.dae,direct,pRRT,No,4,42,450,0.002,0.15,0.5,1.065833008,Yes,266.4582519,1,Exact solution,391.6937579,No,0.00010292,0.00722725644,0.001778390306,0.087139,0.002617623,10,391.6937579,0,3,391.6937579,0,2,3
Apartment_env.dae,direct,pRRT,No,5,42,450,0.002,0.15,0.5,1.065833008,Yes,266.4582519,1,Exact solution,411.8704512,No,0.00011743,0.008246178816,0.002029113619,0.087139,0.002617623,10,411.8704512,0.0001784298955,4,391.6937579,0,2,5
Apartment_env.dae,direct,pRRT,No,6,42,450,0.002,0.15,0.5,1.065833008,Yes,266.4582519,1,Exact solution,531.6072164,No,0.0001191,0.008363449689,0.002057970127,0.087139,0.002617623,10,531.6072164,0.0001094235343,4,391.6937579,0,2,6
Apartment_env.dae,direct,pRRT,No,7,42,450,0.002,0.15,0.5,1.065833008,Yes,266.4582519,1,Exact solution,419.7766413,No,0.00014969,0.01051154311,0.002586545326,0.087139,0.002617623,10,419.7766413,0.0003701666618,4,391.6937579,0,2,5
Apartment_env.dae,direct,pRRT,No,8,42,450,0.002,0.15,0.5,1.065833008,Yes,266.4582519,1,Exact solution,403.0247661,No,0.000119959,0.008423770456,0.002072813085,0.087139,0.002617623,10,403.0247661,6.224025141e-06,3,391.6937579,0,2,3
Apartment_env.dae,direct,pRRT,No,9,42,450,0.002,0.15,0.5,1.065833008,Yes,266.4582519,1,Exact solution,391.6937579,No,8.381e-05,0.005885312497,0.001448182001,0.087139,0.002617623,10,391.6937579,0,3,391.6937579,0,2,3
Apartment_env.dae,direct,pRRT,No,10,42,450,0.002,0.15,0.5,1.065833008,Yes,266.4582519,1,Exact solution,391.6937579,No,0.000100599,0.007064270993,0.001738284944,0.087139,0.002617623,10,391.6937579,0,3,391.6937579,0,2,3
Apartment_env.dae,direct,TRRT,No,1,42,450,0.002,0.02,0.05,1.065833008,Yes,26.64582519,1,Exact solution,549.7127877,No,0.000518068,0.03946556714,0.01902584339,0.445854,0.009200495,10,549.7127877,0.02441781747,22,391.6937579,0,2,83
Apartment_env.dae,direct,TRRT,No,2,42,450,0.002,0.02,0.05,1.065833008,Yes,26.64582519,1,Exact solution,488.9833955,No,0.000608938,0.04638789411,0.02236300837,0.445854,0.009200495,10,488.9833955,0.02128541413,20,391.6937579,0,2,153
Apartment_env.dae,direct,TRRT,No,3,42,450,0.002,0.02,0.05,1.065833008,Yes,26.64582519,1,Exact solution,575.2913428,No,0.000767128,0.05843854782,0.02817247386,0.445854,0.009200495,10,575.2913428,0.03735100031,23,391.6937579,0,2,160
Apartment_env.dae,direct,TRRT,No,4,42,450,0.002,0.02,0.05,1.065833008,Yes,26.64582519,1,Exact solution,481.2938449,No,0.000783608,0.05969396708,0.02877769537,0.445854,0.009200495,10,481.2938449,0.02113430406,20,391.6937579,0,2,167
Apartment_env.dae,direct,TRRT,No,5,42,450,0.002,0.02,0.05,1.065833008,Yes,26.64582519,1,Exact solution,523.2471915,No,0.000634368,0.04832510963,0.02329691511,0.445854,0.009200495,10,523.2471915,0.02702026259,22,391.6937579,0,2,110
Apartment_env.dae,direct,TRRT,No,6,42,450,0.002,0.02,0.05,1.065833008,Yes,26.64582519,1,Exact solution,585.0813034,No,0.000657229,0.05006662297,0.02413647634,0.445854,0.009200495,10,585.0813034,0.02916606981,24,391.6937579,0,2,152
Apartment_env.dae,direct,TRRT,No,7,42,450,0.002,0.02,0.05,1.065833008,Yes,26.64582519,1,Exact solution,497.3344742,No,0.000808418,0.06158395202,0.02968883285,0.445854,0.009200495,10,497.3344742,0.02649183167,20,391.6937579,0,2,122
Apartment_env.dae,direct,TRRT,No,8,42,450,0.002,0.02,0.05,1.065833008,Yes,26.64582519,1,Exact solution,570.6744326,No,0.00031522,0.02401294053,0.01157633043,0.445854,0.009200495,10,570.6744326,0.02454451225,23,391.6937579,0,2,95
Apartment_env.dae,direct,TRRT,No,9,42,450,0.002,0.02,0.05,1.065833008,Yes,26.64582519,1,Exact solution,523.7777162,No,0.000411319,0.0313336041,0.01510552838,0.445854,0.009200495,10,523.7777162,0.01861199396,21,391.6937579,0,2,102
Apartment_env.dae,direct,TRRT,No,10,42,450,0.002,0.02,0.05,1.065833008,Yes,26.64582519,1,Exact solution,460.4079657,No,0.000348469,0.0265457946,0.01279738687,0.445854,0.009200495,10,460.4079657,0.01401522375,19,391.6937579,0,2,87
Apartment_env.dae,direct,TRRT,No,1,42,450,0.002,0.02,0.2,1.065833008,Yes,106.5833008,1,Exact solution,530.3973772,No,0.000425909,0.03367606639,0.01466528427,0.229221,0.005155786,10,530.3973772,0.002879535147,8,391.6937579,0,2,19
Apartment_env.dae,direct,TRRT,No,2,42,450,0.002,0.02,0.2,1.065833008,Yes,106.5833008,1,Exact solution,531.4156021,No,0.000502318,0.03971762587,0.01729626813,0.229221,0.005155786,10,531.4156021,0.001504081665,8,391.6937579,0,2,46
Apartment_env.dae,direct,TRRT,No,3,42,450,0.002,0.02,0.2,1.065833008,Yes,106.5833008,1,Exact solution,435.6981561,No,0.000283099,0.02238426687,0.009747921062,0.229221,0.005155786,10,435.6981561,0.0006239050764,6,391.6937579,0,2,29
Apartment_env.dae,direct,TRRT,No,4,42,450,0.002,0.02,0.2,1.065833008,Yes,106.5833008,1,Exact solution,460.84876,No,0.00028121,0.02223490611,0.009682877304,0.229221,0.005155786,10,460.84876,0.002268846505,7,391.6937579,0,2,33
Apartment_env.dae,direct,TRRT,No,5,42,450,0.002,0.02,0.2,1.065833008,Yes,106.5833008,1,Exact solution,449.5491032,No,0.000307619,0.02432303113,0.0105922159,0.229221,0.005155786,10,449.5491032,0.0007426352267,6,391.6937579,0,2,33
Apartment_env.dae,direct,TRRT,No,6,42,450,0.002,0.02,0.2,1.065833008,Yes,106.5833008,1,Exact solution,443.008415,No,0.000161529,0.01277188631,0.005561912763,0.229221,0.005155786,10,443.008415,0.0003616151203,7,391.6937579,0,2,17
Apartment_env.dae,direct,TRRT,No,7,42,450,0.002,0.02,0.2,1.065833008,Yes,106.5833008,1,Exact solution,564.6567583,No,0.000291789,0.02307137378,0.01004714301,0.229221,0.005155786,10,564.6567583,0.001655760682,8,391.6937579,0,2,25
Apartment_env.dae,direct,TRRT,No,8,42,450,0.002,0.02,0.2,1.065833008,Yes,106.5833008,1,Exact solution,421.2197374,No,0.000138049,0.01091535349,0.004753428146,0.229221,0.005155786,10,421.2197374,0.0003059333919,6,391.6937579,0,2,7
Apartment_env.dae,direct,TRRT,No,9,42,450,0.002,0.02,0.2,1.065833008,Yes,106.5833008,1,Exact solution,569.7733099,No,0.000331289,0.02619458701,0.01140724277,0.229221,0.005155786,10,569.7733099,0.001601495257,8,391.6937579,0,2,30
Apartment_env.dae,direct,TRRT,No,10,42,450,0.002,0.02,0.2,1.065833008,Yes,106.5833008,1,Exact solution,635.7669507,No,0.0001762,0.01393190305,0.006067077916,0.229221,0.005155786,10,635.7669507,0.002010585975,8,391.6937579,0,2,20
Apartment_env.dae,direct,TRRT,No,1,42,450,0.002,0.02,0.5,1.065833008,Yes,266.4582519,1,Exact solution,636.0106081,No,0.000625688,0.03663575982,0.01559864046,0.443458,0.010146013,10,636.0106081,0.003511745012,10,391.6937579,0,2,36
Apartment_env.dae,direct,TRRT,No,2,42,450,0.002,0.02,0.5,1.065833008,Yes,266.4582519,1,Exact solution,704.4579558,No,0.000733098,0.04292491186,0.01827641273,0.443458,0.010146013,10,704.4579558,0.009204036598,12,391.6937579,0,2,65
Apartment_env.dae,direct,TRRT,No,3,42,450,0.002,0.02,0.5,1.065833008,Yes,266.4582519,1,Exact solution,508.9482834,No,0.000892138,0.05223714295,0.02224134058,0.443458,0.010146013,10,508.9482834,0.002978117306,9,391.6937579,0,2,64
Apartment_env.dae,direct,TRRT,No,4,42,450,0.002,0.02,0.5,1.065833008,Yes,266.4582519,1,Exact solution,522.9587025,No,0.001092757,0.06398393927,0.02724284876,0.443458,0.010146013,10,522.9587025,0.003319948314,8,391.6937579,0,2,40
Apartment_env.dae,direct,TRRT,No,5,42,450,0.002,0.02,0.5,1.065833008,Yes,266.4582519,1,Exact solution,555.9819321,No,0.000795568,0.04658270283,0.01983381365,0.443458,0.010146013,10,555.9819321,0.00272843762,9,391.6937579,0,2,36
Apartment_env.dae,direct,TRRT,No,6,42,450,0.002,0.02,0.5,1.065833008,Yes,266.4582519,1,Exact solution,469.2766713,No,0.000364459,0.02134008066,0.009086101867,0.443458,0.010146013,10,469.2766713,0.001005262441,7,391.6937579,0,2,17
Apartment_env.dae,direct,TRRT,No,7,42,450,0.002,0.02,0.5,1.065833008,Yes,266.4582519,1,Exact solution,559.0760545,No,0.000495218,0.02899638112,0.01234597361,0.443458,0.010146013,10,559.0760545,0.003576221426,8,391.6937579,0,2,25
Apartment_env.dae,direct,TRRT,No,8,42,450,0.002,0.02,0.5,1.065833008,Yes,266.4582519,1,Exact solution,584.7125408,No,0.000517398,0.03029508135,0.01289892946,0.443458,0.010146013,10,584.7125408,0.001146850423,7,391.6937579,0,2,25
Apartment_env.dae,direct,TRRT,No,9,42,450,0.002,0.02,0.5,1.065833008,Yes,266.4582519,1,Exact solution,616.046226,No,0.001034307,0.0605615304,0.02578566797,0.443458,0.010146013,10,616.046226,0.003470588384,10,391.6937579,0,2,69
Apartment_env.dae,direct,TRRT,No,10,42,450,0.002,0.02,0.5,1.065833008,Yes,266.4582519,1,Exact solution,677.9296807,No,0.001023017,0.05990046973,0.02550420397,0.443458,0.010146013,10,677.9296807,0.008313024858,12,391.6937579,0,2,99
Apartment_env.dae,direct,TRRT,No,1,42,450,0.002,0.05,0.05,1.065833008,Yes,26.64582519,1,Exact solution,478.6073478,No,0.000315069,0.02647674066,0.01283817471,0.355634,0.0072991,10,478.6073478,0.01479350183,19,391.6937579,0,2,79
Apartment_env.dae,direct,TRRT,No,2,42,450,0.002,0.05,0.05,1.065833008,Yes,26.64582519,1,Exact solution,561.2671971,No,0.000405848,0.03410533008,0.01653716338,0.355634,0.0072991,10,561.2671971,0.02832118119,23,391.6937579,0,2,93
Apartment_env.dae,direct,TRRT,No,3,42,450,0.002,0.05,0.05,1.065833008,Yes,26.64582519,1,Exact solution,493.2402997,No,0.000592798,0.04981562422,0.02415484955,0.355634,0.0072991,10,493.2402997,0.01227544036,20,391.6937579,0,2,70
Apartment_env.dae,direct,TRRT,No,4,42,450,0.002,0.05,0.05,1.065833008,Yes,26.64582519,1,Exact solution,509.4735535,No,0.000357819,0.03006922568,0.01458011685,0.355634,0.0072991,10,509.4735535,0.03017909796,21,391.6937579,0,2,104
Apartment_env.dae,direct,TRRT,No,5,42,450,0.002,0.05,0.05,1.065833008,Yes,26.64582519,1,Exact solution,516.9078063,No,0.000228309,0.01918588685,0.009302948973,0.355634,0.0072991,10,516.9078063,0.01955896847,21,391.6937579,0,2,88
Apartment_env.dae,direct,TRRT,No,6,42,450,0.002,0.05,0.05,1.065833008,Yes,26.64582519,1,Exact solution,548.463178,No,0.000680199,0.0571603443,0.02771619423,0.355634,0.0072991,10,548.463178,0.02538636443,22,391.6937579,0,2,104
Apartment_env.dae,direct,TRRT,No,7,42,450,0.002,0.05,0.05,1.065833008,Yes,26.64582519,1,Exact solution,531.1289488,No,0.000457739,0.03846597663,0.01865157554,0.355634,0.0072991,10,531.1289488,0.02821945301,21,391.6937579,0,2,146
Apartment_env.dae,direct,TRRT,No,8,42,450,0.002,0.05,0.05,1.065833008,Yes,26.64582519,1,Exact solution,439.9568248,No,0.000392779,0.0330070801,0.01600463843,0.355634,0.0072991,10,439.9568248,0.01138699428,18,391.6937579,0,2,90
Apartment_env.dae,direct,TRRT,No,9,42,450,0.002,0.05,0.05,1.065833008,Yes,26.64582519,1,Exact solution,466.9747155,No,0.000230349,0.01935731771,0.00938607323,0.355634,0.0072991,10,466.9747155,0.01627762154,19,391.6937579,0,2,73
Apartment_env.dae,direct,TRRT,No,10,42,450,0.002,0.05,0.05,1.065833008,Yes,26.64582519,1,Exact solution,492.0816195,No,0.000571079,0.04799047376,0.02326986145,0.355634,0.0072991,10,492.0816195,0.03117697722,21,391.6937579,0,2,109
Apartment_env.dae,direct,TRRT,No,1,42,450,0.002,0.05,0.2,1.065833008,Yes,106.5833008,1,Exact solution,578.0628876,No,0.000249599,0.0211660747,0.009383785073,0.227466,0.005045076,10,578.0628876,0.003934592641,10,391.6937579,0,2,27
Apartment_env.dae,direct,TRRT,No,2,42,450,0.002,0.05,0.2,1.065833008,Yes,106.5833008,1,Exact solution,541.9334855,No,0.00018272,0.0154947142,0.006869439415,0.227466,0.005045076,10,541.9334855,0.0007011873532,7,391.6937579,0,2,8
Apartment_env.dae,direct,TRRT,No,3,42,450,0.002,0.05,0.2,1.065833008,Yes,106.5833008,1,Exact solution,392.7461979,No,0.0001017,0.008624192394,0.003823456592,0.227466,0.005045076,10,392.7461979,4.856272522e-06,5,391.6937579,0,2,9
Apartment_env.dae,direct,TRRT,No,4,42,450,0.002,0.05,0.2,1.065833008,Yes,106.5833008,1,Exact solution,489.7172368,No,0.000263229,0.02232190304,0.009896210966,0.227466,0.005045076,10,489.7172368,0.0003949082195,6,391.6937579,0,2,18
Apartment_env.dae,direct,TRRT,No,5,42,450,0.002,0.05,0.2,1.065833008,Yes,106.5833008,1,Exact solution,620.9240364,No,0.000311079,0.02637959829,0.01169515293,0.227466,0.005045076,10,620.9240364,0.001866147107,10,391.6937579,0,2,15
Apartment_env.dae,direct,TRRT,No,6,42,450,0.002,0.05,0.2,1.065833008,Yes,106.5833008,1,Exact solution,501.8985613,No,0.000234279,0.01986693382,0.00880782288,0.227466,0.005045076,10,501.8985613,0.0004697742702,6,391.6937579,0,2,8
Apartment_env.dae,direct,TRRT,No,7,42,450,0.002,0.05,0.2,1.065833008,Yes,106.5833008,1,Exact solution,650.5697368,No,0.000378609,0.0321061638,0.01423397322,0.227466,0.005045076,10,650.5697368,0.009463484076,12,391.6937579,0,2,44
Apartment_env.dae,direct,TRRT,No,8,42,450,0.002,0.05,0.2,1.065833008,Yes,106.5833008,1,Exact solution,545.893461,No,0.000462898,0.03925389784,0.01740285555,0.227466,0.005045076,10,545.893461,0.001756948649,9,391.6937579,0,2,18
Apartment_env.dae,direct,TRRT,No,9,42,450,0.002,0.05,0.2,1.065833008,Yes,106.5833008,1,Exact solution,476.6244823,No,0.000307869,0.02610738926,0.01157447156,0.227466,0.005045076,10,476.6244823,0.0005471201178,6,391.6937579,0,2,17
Apartment_env.dae,direct,TRRT,No,10,42,450,0.002,0.05,0.2,1.065833008,Yes,106.5833008,1,Exact solution,542.2757798,No,0.00019039,0.01614513264,0.007157796466,0.227466,0.005045076,10,542.2757798,0.002071335132,8,391.6937579,0,2,13
Apartment_env.dae,direct,TRRT,No,1,42,450,0.002,0.05,0.5,1.065833008,Yes,266.4582519,1,Exact solution,598.9757149,No,0.000511058,0.03202028424,0.01210308541,0.305755,0.007577719,10,598.9757149,0.002713004983,8,391.6937579,0,2,17
Apartment_env.dae,direct,TRRT,No,2,42,450,0.002,0.05,0.5,1.065833008,Yes,266.4582519,1,Exact solution,751.38774,No,0.000515049,0.03227033991,0.01219760191,0.305755,0.007577719,10,751.38774,0.003649631959,12,391.6937579,0,2,22
Apartment_env.dae,direct,TRRT,No,3,42,450,0.002,0.05,0.5,1.065833008,Yes,266.4582519,1,Exact solution,653.5267776,No,0.000784088,0.04912694963,0.01856909398,0.305755,0.007577719,10,653.5267776,0.002103541,9,391.6937579,0,2,46
Apartment_env.dae,direct,TRRT,No,4,42,450,0.002,0.05,0.5,1.065833008,Yes,266.4582519,1,Exact solution,416.2878074,No,0.000503508,0.0315472398,0.01192428321,0.305755,0.007577719,10,416.2878074,0.0006380250731,5,391.6937579,0,2,16
Apartment_env.dae,direct,TRRT,No,5,42,450,0.002,0.05,0.5,1.065833008,Yes,266.4582519,1,Exact solution,616.3202617,No,0.000430939,0.02700043688,0.01020567435,0.305755,0.007577719,10,616.3202617,0.002526131374,9,391.6937579,0,2,19
Apartment_env.dae,direct,TRRT,No,6,42,450,0.002,0.05,0.5,1.065833008,Yes,266.4582519,1,Exact solution,505.4869769,No,0.000309989,0.01942232758,0.007341286785,0.305755,0.007577719,10,505.4869769,0.0008125332489,6,391.6937579,0,2,10
Apartment_env.dae,direct,TRRT,No,7,42,450,0.002,0.05,0.5,1.065833008,Yes,266.4582519,1,Exact solution,447.2851403,No,0.000271699,0.01702327174,0.006434487283,0.305755,0.007577719,10,447.2851403,0.0004923309974,6,391.6937579,0,2,11
Apartment_env.dae,direct,TRRT,No,8,42,450,0.002,0.05,0.5,1.065833008,Yes,266.4582519,1,Exact solution,478.5993938,No,0.000348399,0.02182890202,0.008250928177,0.305755,0.007577719,10,478.5993938,0.0003350696084,5,391.6937579,0,2,15
Apartment_env.dae,direct,TRRT,No,9,42,450,0.002,0.05,0.5,1.065833008,Yes,266.4582519,1,Exact solution,479.0709065,No,0.000387709,0.02429186586,0.009181883738,0.305755,0.007577719,10,479.0709065,0.001200174145,7,391.6937579,0,2,28
Apartment_env.dae,direct,TRRT,No,10,42,450,0.002,0.05,0.5,1.065833008,Yes,266.4582519,1,Exact solution,617.4498886,No,0.000817548,0.05122338235,0.01936150744,0.305755,0.007577719,10,617.4498886,0.001080383641,7,391.6937579,0,2,15
Apartment_env.dae,direct,TRRT,No,1,42,450,0.002,0.15,0.05,1.065833008,Yes,26.64582519,1,Exact solution,484.532043,No,0.000552648,0.04739826709,0.01589521344,0.179098,0.004742887,10,484.532043,0.01770461327,20,391.6937579,0,2,88
Apartment_env.dae,direct,TRRT,No,2,42,450,0.002,0.15,0.05,1.065833008,Yes,26.64582519,1,Exact solution,480.7522688,No,0.0001825,0.01565224835,0.005249049038,0.179098,0.004742887,10,480.7522688,0.01883676948,20,391.6937579,0,2,60
Apartment_env.dae,direct,TRRT,No,3,42,450,0.002,0.15,0.05,1.065833008,Yes,26.64582519,1,Exact solution,485.1463261,No,0.00016164,0.01386317492,0.004649075542,0.179098,0.004742887,10,485.1463261,0.02353232916,20,391.6937579,0,2,68
Apartment_env.dae,direct,TRRT,No,4,42,450,0.002,0.15,0.05,1.065833008,Yes,26.64582519,1,Exact solution,552.8316187,No,0.000264199,0.0226592239,0.00759886853,0.179098,0.004742887,10,552.8316187,0.01468340476,22,391.6937579,0,2,60
Apartment_env.dae,direct,TRRT,No,5,42,450,0.002,0.15,0.05,1.065833008,Yes,26.64582519,1,Exact solution,447.530877,No,0.00015829,0.01357585968,0.004552723135,0.179098,0.004742887,10,447.530877,0.00945569961,18,391.6937579,0,2,56
Apartment_env.dae,direct,TRRT,No,6,42,450,0.002,0.15,0.05,1.065833008,Yes,26.64582519,1,Exact solution,517.9607839,No,0.000285019,0.02444486669,0.008197691549,0.179098,0.004742887,10,517.9607839,0.0172283612,21,391.6937579,0,2,65
Apartment_env.dae,direct,TRRT,No,7,42,450,0.002,0.15,0.05,1.065833008,Yes,26.64582519,1,Exact solution,456.038928,No,0.000121789,0.01044532424,0.003502884566,0.179098,0.004742887,10,456.038928,0.009161672723,19,391.6937579,0,2,43
Apartment_env.dae,direct,TRRT,No,8,42,450,0.002,0.15,0.05,1.065833008,Yes,26.64582519,1,Exact solution,428.1051648,No,0.000166909,0.01431507463,0.00480062206,0.179098,0.004742887,10,428.1051648,0.008840375388,18,391.6937579,0,2,60
Apartment_env.dae,direct,TRRT,No,9,42,450,0.002,0.15,0.05,1.065833008,Yes,26.64582519,1,Exact solution,480.1297187,No,0.000131079,0.01124208801,0.003770082733,0.179098,0.004742887,10,480.1297187,0.02359905295,20,391.6937579,0,2,41
Apartment_env.dae,direct,TRRT,No,10,42,450,0.002,0.15,0.05,1.065833008,Yes,26.64582519,1,Exact solution,433.7241605,No,6.415e-05,0.005501872501,0.001845076689,0.179098,0.004742887,10,433.7241605,0.008213121057,18,391.6937579,0,2,36
Apartment_env.dae,direct,TRRT,No,1,42,450,0.002,0.15,0.2,1.065833008,Yes,106.5833008,1,Exact solution,470.3062749,No,0.000181139,0.02369628525,0.01282677392,0.177771,0.003249021,10,470.3062749,0.002190199081,7,391.6937579,0,2,12
Apartment_env.dae,direct,TRRT,No,2,42,450,0.002,0.15,0.2,1.065833008,Yes,106.5833008,1,Exact solution,628.9082584,No,0.000198839,0.02601176811,0.01408014232,0.177771,0.003249021,10,628.9082584,0.00156021448,9,391.6937579,0,2,14
Apartment_env.dae,direct,TRRT,No,3,42,450,0.002,0.15,0.2,1.065833008,Yes,106.5833008,1,Exact solution,408.8513151,No,0.0001213,0.01586825256,0.008589468181,0.177771,0.003249021,10,408.8513151,0.0001097146233,6,391.6937579,0,2,11
Apartment_env.dae,direct,TRRT,No,4,42,450,0.002,0.15,0.2,1.065833008,Yes,106.5833008,1,Exact solution,521.7103379,No,7.864e-05,0.01028754643,0.005568637904,0.177771,0.003249021,10,521.7103379,0.0006961667963,7,391.6937579,0,2,7
Apartment_env.dae,direct,TRRT,No,5,42,450,0.002,0.15,0.2,1.065833008,Yes,106.5833008,1,Exact solution,410.6704434,No,9.5e-05,0.01242773284,0.006727118526,0.177771,0.003249021,10,410.6704434,7.007478794e-05,5,391.6937579,0,2,8
Apartment_env.dae,direct,TRRT,No,6,42,450,0.002,0.15,0.2,1.065833008,Yes,106.5833008,1,Exact solution,397.2589931,No,0.00010631,0.01390728714,0.007527999689,0.177771,0.003249021,10,397.2589931,5.229084142e-05,6,391.6937579,0,2,12
Apartment_env.dae,direct,TRRT,No,7,42,450,0.002,0.15,0.2,1.065833008,Yes,106.5833008,1,Exact solution,414.2408865,No,9.316e-05,0.01218702728,0.006596824862,0.177771,0.003249021,10,414.2408865,0.0002006502889,6,391.6937579,0,2,9
Apartment_env.dae,direct,TRRT,No,8,42,450,0.002,0.15,0.2,1.065833008,Yes,106.5833008,1,Exact solution,436.3147124,No,0.000235259,0.03077616842,0.01665910713,0.177771,0.003249021,10,436.3147124,0.0001865568619,6,391.6937579,0,2,15
Apartment_env.dae,direct,TRRT,No,9,42,450,0.002,0.15,0.2,1.065833008,Yes,106.5833008,1,Exact solution,516.7635605,No,0.00011414,0.01493159396,0.008082455879,0.177771,0.003249021,10,516.7635605,0.001215348756,7,391.6937579,0,2,9
Apartment_env.dae,direct,TRRT,No,10,42,450,0.002,0.15,0.2,1.065833008,Yes,106.5833008,1,Exact solution,409.516335,No,0.000135129,0.01767733801,0.009568724203,0.177771,0.003249021,10,409.516335,0.0002458975486,6,391.6937579,0,2,12
Apartment_env.dae,direct,TRRT,No,1,42,450,0.002,0.15,0.5,1.065833008,Yes,266.4582519,1,Exact solution,485.1149629,No,0.000968288,0.06973446123,0.0312685696,0.310455,0.006823212,10,485.1149629,0.003353958323,7,391.6937579,0,2,19
Apartment_env.dae,direct,TRRT,No,2,42,450,0.002,0.15,0.5,1.065833008,Yes,266.4582519,1,Exact solution,436.9745818,No,0.000293639,0.02114738328,0.009482376636,0.310455,0.006823212,10,436.9745818,0.0002809257349,5,391.6937579,0,2,9
Apartment_env.dae,direct,TRRT,No,3,42,450,0.002,0.15,0.5,1.065833008,Yes,266.4582519,1,Exact solution,519.3141737,No,0.000601548,0.04332246778,0.01942556915,0.310455,0.006823212,10,519.3141737,0.001442755986,8,391.6937579,0,2,29
Apartment_env.dae,direct,TRRT,No,4,42,450,0.002,0.15,0.5,1.065833008,Yes,266.4582519,1,Exact solution,425.2876459,No,0.00022003,0.01584618781,0.00710534817,0.310455,0.006823212,10,425.2876459,0.00041482537,6,391.6937579,0,2,12
Apartment_env.dae,direct,TRRT,No,5,42,450,0.002,0.15,0.5,1.065833008,Yes,266.4582519,1,Exact solution,569.4352326,No,0.000253669,0.0182688116,0.008191640072,0.310455,0.006823212,10,569.4352326,0.003748631582,9,391.6937579,0,2,17
Apartment_env.dae,direct,TRRT,No,6,42,450,0.002,0.15,0.5,1.065833008,Yes,266.4582519,1,Exact solution,692.5131234,No,0.000233139,0.01679027578,0.007528672304,0.310455,0.006823212,10,692.5131234,0.004543238988,10,391.6937579,0,2,18
Apartment_env.dae,direct,TRRT,No,7,42,450,0.002,0.15,0.5,1.065833008,Yes,266.4582519,1,Exact solution,793.0378807,No,0.000482618,0.03475733068,0.01558500624,0.310455,0.006823212,10,793.0378807,0.006087753365,13,391.6937579,0,2,23
Apartment_env.dae,direct,TRRT,No,8,42,450,0.002,0.15,0.5,1.065833008,Yes,266.4582519,1,Exact solution,525.8352752,No,0.000597059,0.04299917761,0.01928060752,0.310455,0.006823212,10,525.8352752,0.001141445146,6,391.6937579,0,2,16
Apartment_env.dae,direct,TRRT,No,9,42,450,0.002,0.15,0.5,1.065833008,Yes,266.4582519,1,Exact solution,526.1012145,No,0.000416259,0.02997826793,0.01344209937,0.310455,0.006823212,10,526.1012145,0.00220827949,8,391.6937579,0,2,17
Apartment_env.dae,direct,TRRT,No,10,42,450,0.002,0.15,0.5,1.065833008,Yes,266.4582519,1,Exact solution,583.3272404,No,0.00024453,0.0176106363,0.007896517693,0.310455,0.006823212,10,583.3272404,0.001553407854,8,391.6937579,0,2,16
Apartment_env.dae,direct,RRTstar,Yes,1,42,450,0.002,0.02,0.05,1.065833008,Yes,26.64582519,1,Exact solution,447.0116269,No,0.100463778,4.329165504,1.777288658,41.002854,0.963011474,10,447.0116269,0.01597839028,21,391.6937579,0,2,1438
Apartment_env.dae,direct,RRTstar,Yes,2,42,450,0.002,0.02,0.05,1.065833008,Yes,26.64582519,1,Exact solution,447.8179447,No,0.107102309,4.615231786,1.89472985,41.002854,0.963011474,10,447.8179447,0.02704172941,23,391.6937579,0,2,1501
Apartment_env.dae,direct,RRTstar,Yes,3,42,450,0.002,0.02,0.05,1.065833008,Yes,26.64582519,1,Exact solution,445.1137761,No,0.009721794,0.4189296487,0.1719867056,41.002854,0.963011474,10,445.1137761,0.0108675504,18,391.6937579,0,2,343
Apartment_env.dae,direct,RRTstar,Yes,4,42,450,0.002,0.02,0.05,1.065833008,Yes,26.64582519,1,Exact solution,447.9814602,No,0.052144218,2.24698846,0.9224750361,41.002854,0.963011474,10,447.9814602,0.01314516908,20,391.6937579,0,2,915
Apartment_env.dae,direct,RRTstar,Yes,5,42,450,0.002,0.02,0.05,1.065833008,Yes,26.64582519,1,Exact solution,441.6979752,No,0.208222634,8.972689085,3.683633376,41.002854,0.963011474,10,441.6979752,0.01264874291,21,391.6937579,0,2,2519
Apartment_env.dae,direct,RRTstar,Yes,6,42,450,0.002,0.02,0.05,1.065833008,Yes,26.64582519,1,Exact solution,448.6632619,No,0.045435117,1.95788119,0.8037854014,41.002854,0.963011474,10,448.6632619,0.02121106795,20,391.6937579,0,2,844
Apartment_env.dae,direct,RRTstar,Yes,7,42,450,0.002,0.02,0.05,1.065833008,Yes,26.64582519,1,Exact solution,449.6105372,No,0.168013964,7.240024929,2.972308215,41.002854,0.963011474,10,449.6105372,0.01329288809,23,391.6937579,0,2,2166
Apartment_env.dae,direct,RRTstar,Yes,8,42,450,0.002,0.02,0.05,1.065833008,Yes,26.64582519,1,Exact solution,447.6138402,No,0.045994416,1.981982393,0.8136798707,41.002854,0.963011474,10,447.6138402,0.020119483,21,391.6937579,0,2,840
Apartment_env.dae,direct,RRTstar,Yes,9,42,450,0.002,0.02,0.05,1.065833008,Yes,26.64582519,1,Exact solution,446.8007719,No,0.12155719,5.238118695,2.150448842,41.002854,0.963011474,10,446.8007719,0.02208885474,21,391.6937579,0,2,1685
Apartment_env.dae,direct,RRTstar,Yes,10,42,450,0.002,0.02,0.05,1.065833008,Yes,26.64582519,1,Exact solution,447.1734833,No,0.092867828,4.00184231,1.642909919,41.002854,0.963011474,10,447.1734833,0.01206281027,20,391.6937579,0,2,1386
Apartment_env.dae,direct,RRTstar,Yes,1,42,450,0.002,0.02,0.2,1.065833008,Yes,106.5833008,1,Exact solution,394.4934278,No,0.002399174,0.1170282649,0.04631972911,0.66206,0.015938237,10,394.4934278,8.416650634e-06,5,391.6937579,0,2,117
Apartment_env.dae,direct,RRTstar,Yes,2,42,450,0.002,0.02,0.2,1.065833008,Yes,106.5833008,1,Exact solution,443.1226801,No,0.001044777,0.05096272282,0.02017102037,0.66206,0.015938237,10,443.1226801,0.0004309903206,7,391.6937579,0,2,67
Apartment_env.dae,direct,RRTstar,Yes,3,42,450,0.002,0.02,0.2,1.065833008,Yes,106.5833008,1,Exact solution,411.7971008,No,0.000996777,0.0486213517,0.01924430684,0.66206,0.015938237,10,411.7971008,0.0001977265122,6,391.6937579,0,2,57
Apartment_env.dae,direct,RRTstar,Yes,4,42,450,0.002,0.02,0.2,1.065833008,Yes,106.5833008,1,Exact solution,419.6058362,No,0.000632879,0.03087092945,0.01221869853,0.66206,0.015938237,10,419.6058362,0.0002018239804,6,391.6937579,0,2,50
Apartment_env.dae,direct,RRTstar,Yes,5,42,450,0.002,0.02,0.2,1.065833008,Yes,106.5833008,1,Exact solution,429.17099,No,0.001575206,0.07683628828,0.03041176472,0.66206,0.015938237,10,429.17099,0.0003635901621,7,391.6937579,0,2,69
Apartment_env.dae,direct,RRTstar,Yes,6,42,450,0.002,0.02,0.2,1.065833008,Yes,106.5833008,1,Exact solution,395.1237275,No,0.003182231,0.1552246617,0.06143784398,0.66206,0.015938237,10,395.1237275,5.353081468e-06,5,391.6937579,0,2,115
Apartment_env.dae,direct,RRTstar,Yes,7,42,450,0.002,0.02,0.2,1.065833008,Yes,106.5833008,1,Exact solution,435.6846133,No,0.001281737,0.06252129159,0.02474589614,0.66206,0.015938237,10,435.6846133,0.001069595775,7,391.6937579,0,2,64
Apartment_env.dae,direct,RRTstar,Yes,8,42,450,0.002,0.02,0.2,1.065833008,Yes,106.5833008,1,Exact solution,404.7546829,No,0.000931288,0.04542689226,0.01797994138,0.66206,0.015938237,10,404.7546829,0.0001752908325,7,391.6937579,0,2,58
Apartment_env.dae,direct,RRTstar,Yes,9,42,450,0.002,0.02,0.2,1.065833008,Yes,106.5833008,1,Exact solution,414.2822402,No,0.000378459,0.01846068694,0.007306730716,0.66206,0.015938237,10,414.2822402,0.0002818372212,6,391.6937579,0,2,24
Apartment_env.dae,direct,RRTstar,Yes,10,42,450,0.002,0.02,0.2,1.065833008,Yes,106.5833008,1,Exact solution,406.9814014,No,0.001150237,0.05610691029,0.02220708721,0.66206,0.015938237,10,406.9814014,0.0002327119135,6,391.6937579,0,2,49
Apartment_env.dae,direct,RRTstar,Yes,1,42,450,0.002,0.02,0.5,1.065833008,Yes,266.4582519,1,Exact solution,416.1968556,No,0.000597369,0.02951473149,0.01332941504,0.882859,0.019290148,10,416.1968556,3.294812087e-05,4,391.6937579,0,2,21
Apartment_env.dae,direct,RRTstar,Yes,2,42,450,0.002,0.02,0.5,1.065833008,Yes,266.4582519,1,Exact solution,446.3294717,No,0.00019701,0.009733844996,0.004395989844,0.882859,0.019290148,10,446.3294717,8.500412673e-05,4,391.6937579,0,2,12
Apartment_env.dae,direct,RRTstar,Yes,3,42,450,0.002,0.02,0.5,1.065833008,Yes,266.4582519,1,Exact solution,396.2468403,No,0.001086467,0.0536800232,0.02424292116,0.882859,0.019290148,10,396.2468403,2.371752418e-06,3,391.6937579,0,2,31
Apartment_env.dae,direct,RRTstar,Yes,4,42,450,0.002,0.02,0.5,1.065833008,Yes,266.4582519,1,Exact solution,393.3432149,No,0.001218977,0.06022706041,0.02719968789,0.882859,0.019290148,10,393.3432149,9.0255297e-07,3,391.6937579,0,2,42
Apartment_env.dae,direct,RRTstar,Yes,5,42,450,0.002,0.02,0.5,1.065833008,Yes,266.4582519,1,Exact solution,423.8208731,No,0.000623479,0.03080477105,0.01391202148,0.882859,0.019290148,10,423.8208731,5.287645826e-05,4,391.6937579,0,2,24
Apartment_env.dae,direct,RRTstar,Yes,6,42,450,0.002,0.02,0.5,1.065833008,Yes,266.4582519,1,Exact solution,392.0265904,No,0.011883847,0.5871555995,0.2651706549,0.882859,0.019290148,10,392.0265904,1.851893029e-07,3,391.6937579,0,2,215
Apartment_env.dae,direct,RRTstar,Yes,7,42,450,0.002,0.02,0.5,1.065833008,Yes,266.4582519,1,Exact solution,409.2761972,No,0.001204676,0.05952047842,0.02688058201,0.882859,0.019290148,10,409.2761972,2.108302609e-05,4,391.6937579,0,2,34
Apartment_env.dae,direct,RRTstar,Yes,8,42,450,0.002,0.02,0.5,1.065833008,Yes,266.4582519,1,Exact solution,391.851765,No,0.000393559,0.01944491296,0.008781693148,0.882859,0.019290148,10,391.851765,9.655773285e-08,3,391.6937579,0,2,20
Apartment_env.dae,direct,RRTstar,Yes,9,42,450,0.002,0.02,0.5,1.065833008,Yes,266.4582519,1,Exact solution,406.0668577,No,0.000549019,0.02712586085,0.01225055555,0.882859,0.019290148,10,406.0668577,1.577422465e-05,4,391.6937579,0,2,15
Apartment_env.dae,direct,RRTstar,Yes,10,42,450,0.002,0.02,0.5,1.065833008,Yes,266.4582519,1,Exact solution,396.6595686,No,0.000114389,0.005651717147,0.002552423137,0.882859,0.019290148,10,396.6595686,1.077799368e-05,4,391.6937579,0,2,7
Apartment_env.dae,direct,RRTstar,Yes,1,42,450,0.002,0.05,0.05,1.065833008,Yes,26.64582519,1,Exact solution,448.0967456,No,0.059884567,2.631079495,1.110415659,37.510313,0.863797193,10,448.0967456,0.01629616799,20,391.6937579,0,2,976
Apartment_env.dae,direct,RRTstar,Yes,2,42,450,0.002,0.05,0.05,1.065833008,Yes,26.64582519,1,Exact solution,448.9137577,No,0.123543434,5.427986077,2.290816659,37.510313,0.863797193,10,448.9137577,0.02118634026,22,391.6937579,0,2,1680
Apartment_env.dae,direct,RRTstar,Yes,3,42,450,0.002,0.05,0.05,1.065833008,Yes,26.64582519,1,Exact solution,443.7241511,No,0.058127482,2.553880468,1.077834732,37.510313,0.863797193,10,443.7241511,0.02414146098,22,391.6937579,0,2,972
Apartment_env.dae,direct,RRTstar,Yes,4,42,450,0.002,0.05,0.05,1.065833008,Yes,26.64582519,1,Exact solution,443.0965373,No,0.074487018,3.272650626,1.381183088,37.510313,0.863797193,10,443.0965373,0.01809262374,20,391.6937579,0,2,1170
Apartment_env.dae,direct,RRTstar,Yes,5,42,450,0.002,0.05,0.05,1.065833008,Yes,26.64582519,1,Exact solution,442.1835799,No,0.062058451,2.726590941,1.150725124,37.510313,0.863797193,10,442.1835799,0.01440655338,21,391.6937579,0,2,1043
Apartment_env.dae,direct,RRTstar,Yes,6,42,450,0.002,0.05,0.05,1.065833008,Yes,26.64582519,1,Exact solution,434.8702316,No,0.112825253,4.957073659,2.092073701,37.510313,0.863797193,10,434.8702316,0.01226483989,21,391.6937579,0,2,1592
Apartment_env.dae,direct,RRTstar,Yes,7,42,450,0.002,0.05,0.05,1.065833008,Yes,26.64582519,1,Exact solution,448.1187664,No,0.066517179,2.922488956,1.23340154,37.510313,0.863797193,10,448.1187664,0.009594404486,20,391.6937579,0,2,1093
Apartment_env.dae,direct,RRTstar,Yes,8,42,450,0.002,0.05,0.05,1.065833008,Yes,26.64582519,1,Exact solution,438.849464,No,0.126909215,5.575864534,2.353226995,37.510313,0.863797193,10,438.849464,0.0219985285,22,391.6937579,0,2,1722
Apartment_env.dae,direct,RRTstar,Yes,9,42,450,0.002,0.05,0.05,1.065833008,Yes,26.64582519,1,Exact solution,448.3742109,No,0.106500761,4.679201712,1.974801166,37.510313,0.863797193,10,448.3742109,0.02244899656,24,391.6937579,0,2,1513
Apartment_env.dae,direct,RRTstar,Yes,10,42,450,0.002,0.05,0.05,1.065833008,Yes,26.64582519,1,Exact solution,447.7879514,No,0.062898439,2.76349653,1.166300687,37.510313,0.863797193,10,447.7879514,0.03041625256,22,391.6937579,0,2,1048
Apartment_env.dae,direct,RRTstar,Yes,1,42,450,0.002,0.05,0.2,1.065833008,Yes,106.5833008,1,Exact solution,449.9334053,No,0.000185109,0.01167858338,0.00530102118,0.345274,0.0075126,10,449.9334053,0.0004451863339,6,391.6937579,0,2,20
Apartment_env.dae,direct,RRTstar,Yes,2,42,450,0.002,0.05,0.2,1.065833008,Yes,106.5833008,1,Exact solution,438.1527316,No,0.002101084,0.1325580316,0.06016936391,0.345274,0.0075126,10,438.1527316,0.0008709647213,8,391.6937579,0,2,81
Apartment_env.dae,direct,RRTstar,Yes,3,42,450,0.002,0.05,0.2,1.065833008,Yes,106.5833008,1,Exact solution,448.1121601,No,0.000783268,0.04941661749,0.02243067737,0.345274,0.0075126,10,448.1121601,0.0001972147682,6,391.6937579,0,2,39
Apartment_env.dae,direct,RRTstar,Yes,4,42,450,0.002,0.05,0.2,1.065833008,Yes,106.5833008,1,Exact solution,446.5069219,No,0.000231649,0.0146148062,0.006633800924,0.345274,0.0075126,10,446.5069219,0.00047525778,6,391.6937579,0,2,22
Apartment_env.dae,direct,RRTstar,Yes,5,42,450,0.002,0.05,0.2,1.065833008,Yes,106.5833008,1,Exact solution,432.7711333,No,0.001066978,0.06731596809,0.03055536455,0.345274,0.0075126,10,432.7711333,0.0006572111699,8,391.6937579,0,2,51
Apartment_env.dae,direct,RRTstar,Yes,6,42,450,0.002,0.05,0.2,1.065833008,Yes,106.5833008,1,Exact solution,399.0256569,No,0.000107779,0.006799810047,0.003086499099,0.345274,0.0075126,10,399.0256569,3.098047803e-05,5,391.6937579,0,2,10
Apartment_env.dae,direct,RRTstar,Yes,7,42,450,0.002,0.05,0.2,1.065833008,Yes,106.5833008,1,Exact solution,409.2836268,No,0.000608999,0.03842193302,0.01744008448,0.345274,0.0075126,10,409.2836268,0.0001692925627,6,391.6937579,0,2,41
Apartment_env.dae,direct,RRTstar,Yes,8,42,450,0.002,0.05,0.2,1.065833008,Yes,106.5833008,1,Exact solution,401.0150095,No,3.875e-05,0.002444749342,0.00110969521,0.345274,0.0075126,10,401.0150095,5.470740287e-05,5,391.6937579,0,2,6
Apartment_env.dae,direct,RRTstar,Yes,9,42,450,0.002,0.05,0.2,1.065833008,Yes,106.5833008,1,Exact solution,404.3805067,No,0.00012838,0.008099533433,0.003676456029,0.345274,0.0075126,10,404.3805067,4.354313043e-05,6,391.6937579,0,2,14
Apartment_env.dae,direct,RRTstar,Yes,10,42,450,0.002,0.05,0.2,1.065833008,Yes,106.5833008,1,Exact solution,416.8755913,No,0.000220699,0.01392396736,0.006320222536,0.345274,0.0075126,10,416.8755913,0.0002479439986,6,391.6937579,0,2,19
Apartment_env.dae,direct,RRTstar,Yes,1,42,450,0.002,0.05,0.5,1.065833008,Yes,266.4582519,1,Exact solution,392.8754845,No,0.00019729,0.0119444905,0.005329509468,0.214054,0.004723307,10,392.8754845,6.291440228e-07,3,391.6937579,0,2,10
Apartment_env.dae,direct,RRTstar,Yes,2,42,450,0.002,0.05,0.5,1.065833008,Yes,266.4582519,1,Exact solution,394.7119789,No,0.000331799,0.020088043,0.008963079285,0.214054,0.004723307,10,394.7119789,1.581523849e-06,3,391.6937579,0,2,15
Apartment_env.dae,direct,RRTstar,Yes,3,42,450,0.002,0.05,0.5,1.065833008,Yes,266.4582519,1,Exact solution,407.0798063,No,0.00015236,0.009224302156,0.004115789257,0.214054,0.004723307,10,407.0798063,2.508312089e-05,4,391.6937579,0,2,6
Apartment_env.dae,direct,RRTstar,Yes,4,42,450,0.002,0.05,0.5,1.065833008,Yes,266.4582519,1,Exact solution,391.6937579,No,7.32e-05,0.004431733511,0.001977394156,0.214054,0.004723307,10,391.6937579,0,3,391.6937579,0,2,4
Apartment_env.dae,direct,RRTstar,Yes,5,42,450,0.002,0.05,0.5,1.065833008,Yes,266.4582519,1,Exact solution,391.6937579,No,8.376e-05,0.005071065559,0.002262657575,0.214054,0.004723307,10,391.6937579,0,3,391.6937579,0,2,4
Apartment_env.dae,direct,RRTstar,Yes,6,42,450,0.002,0.05,0.5,1.065833008,Yes,266.4582519,1,Exact solution,413.9877017,No,0.000747628,0.04526349811,0.02019610981,0.214054,0.004723307,10,413.9877017,1.869547989e-05,4,391.6937579,0,2,19
Apartment_env.dae,direct,RRTstar,Yes,7,42,450,0.002,0.05,0.5,1.065833008,Yes,266.4582519,1,Exact solution,424.6710845,No,0.000507868,0.03074775458,0.01371933354,0.214054,0.004723307,10,424.6710845,4.645707075e-05,4,391.6937579,0,2,19
Apartment_env.dae,direct,RRTstar,Yes,8,42,450,0.002,0.05,0.5,1.065833008,Yes,266.4582519,1,Exact solution,392.3168192,No,6.71e-05,0.004062422385,0.00181261131,0.214054,0.004723307,10,392.3168192,3.334424929e-07,3,391.6937579,0,2,6
Apartment_env.dae,direct,RRTstar,Yes,9,42,450,0.002,0.05,0.5,1.065833008,Yes,266.4582519,1,Exact solution,391.7068119,No,0.000496968,0.03008783797,0.01342488551,0.214054,0.004723307,10,391.7068119,6.965207227e-09,3,391.6937579,0,2,15
Apartment_env.dae,direct,RRTstar,Yes,10,42,450,0.002,0.05,0.5,1.065833008,Yes,266.4582519,1,Exact solution,391.6937579,No,0.000877608,0.05313285223,0.02370733512,0.214054,0.004723307,10,391.6937579,0,3,391.6937579,0,2,37
Apartment_env.dae,direct,RRTstar,Yes,1,42,450,0.002,0.15,0.05,1.065833008,Yes,26.64582519,1,Exact solution,449.3728971,No,0.052241848,2.275593273,0.9471747928,25.140439,0.584756391,10,449.3728971,0.03366872584,21,391.6937579,0,2,925
Apartment_env.dae,direct,RRTstar,Yes,2,42,450,0.002,0.15,0.05,1.065833008,Yes,26.64582519,1,Exact solution,439.8899924,No,0.098332622,4.283253019,1.782827071,25.140439,0.584756391,10,439.8899924,0.01740461583,21,391.6937579,0,2,1427
Apartment_env.dae,direct,RRTstar,Yes,3,42,450,0.002,0.15,0.05,1.065833008,Yes,26.64582519,1,Exact solution,446.156768,No,0.095534321,4.161362329,1.732092263,25.140439,0.584756391,10,446.156768,0.03516802777,23,391.6937579,0,2,1408
Apartment_env.dae,direct,RRTstar,Yes,4,42,450,0.002,0.15,0.05,1.065833008,Yes,26.64582519,1,Exact solution,449.6751011,No,0.138155825,6.017904766,2.504844678,25.140439,0.584756391,10,449.6751011,0.01771802693,21,391.6937579,0,2,1834
Apartment_env.dae,direct,RRTstar,Yes,5,42,450,0.002,0.15,0.05,1.065833008,Yes,26.64582519,1,Exact solution,443.251109,No,0.017189834,0.7487688916,0.3116615909,25.140439,0.584756391,10,443.251109,0.01829705037,19,391.6937579,0,2,453
Apartment_env.dae,direct,RRTstar,Yes,6,42,450,0.002,0.15,0.05,1.065833008,Yes,26.64582519,1,Exact solution,438.6788568,No,0.035034035,1.526041238,0.6351872323,25.140439,0.584756391,10,438.6788568,0.01102977749,18,391.6937579,0,2,705
Apartment_env.dae,direct,RRTstar,Yes,7,42,450,0.002,0.15,0.05,1.065833008,Yes,26.64582519,1,Exact solution,447.9159272,No,0.022558269,0.9826115874,0.4089944094,25.140439,0.584756391,10,447.9159272,0.02045393818,20,391.6937579,0,2,541
Apartment_env.dae,direct,RRTstar,Yes,8,42,450,0.002,0.15,0.05,1.065833008,Yes,26.64582519,1,Exact solution,423.9112837,No,0.00012473,0.005433091666,0.002261426738,25.140439,0.584756391,10,423.9112837,0.00764125233,18,391.6937579,0,2,33
Apartment_env.dae,direct,RRTstar,Yes,9,42,450,0.002,0.15,0.05,1.065833008,Yes,26.64582519,1,Exact solution,448.5957612,No,0.11781698,5.131968669,2.136089704,25.140439,0.584756391,10,448.5957612,0.02805429971,22,391.6937579,0,2,1631
Apartment_env.dae,direct,RRTstar,Yes,10,42,450,0.002,0.15,0.05,1.065833008,Yes,26.64582519,1,Exact solution,435.6530599,No,0.00017223,0.007502135634,0.003122629096,25.140439,0.584756391,10,435.6530599,0.00719540273,18,391.6937579,0,2,37
Apartment_env.dae,direct,RRTstar,Yes,1,42,450,0.002,0.15,0.2,1.065833008,Yes,106.5833008,1,Exact solution,438.5234776,No,6.793e-05,0.005126817469,0.002381814106,0.235873,0.005031936,10,438.5234776,0.0001765366349,6,391.6937579,0,2,9
Apartment_env.dae,direct,RRTstar,Yes,2,42,450,0.002,0.15,0.2,1.065833008,Yes,106.5833008,1,Exact solution,440.7120985,No,0.001087857,0.08210281572,0.03814328202,0.235873,0.005031936,10,440.7120985,0.0003764160029,6,391.6937579,0,2,55
Apartment_env.dae,direct,RRTstar,Yes,3,42,450,0.002,0.15,0.2,1.065833008,Yes,106.5833008,1,Exact solution,434.8319332,No,0.001035147,0.0781246831,0.03629512331,0.235873,0.005031936,10,434.8319332,0.0004981677836,7,391.6937579,0,2,54
Apartment_env.dae,direct,RRTstar,Yes,4,42,450,0.002,0.15,0.2,1.065833008,Yes,106.5833008,1,Exact solution,430.8730886,No,0.00010677,0.008058152527,0.003743652173,0.235873,0.005031936,10,430.8730886,0.0004790056442,6,391.6937579,0,2,11
Apartment_env.dae,direct,RRTstar,Yes,5,42,450,0.002,0.15,0.2,1.065833008,Yes,106.5833008,1,Exact solution,448.7955839,No,0.00016283,0.01228911657,0.005709271175,0.235873,0.005031936,10,448.7955839,0.0004783680947,6,391.6937579,0,2,15
Apartment_env.dae,direct,RRTstar,Yes,6,42,450,0.002,0.15,0.2,1.065833008,Yes,106.5833008,1,Exact solution,412.4271195,No,6.573e-05,0.004960778923,0.002304676008,0.235873,0.005031936,10,412.4271195,7.662870008e-05,5,391.6937579,0,2,7
Apartment_env.dae,direct,RRTstar,Yes,7,42,450,0.002,0.15,0.2,1.065833008,Yes,106.5833008,1,Exact solution,402.1835009,No,5.9479e-05,0.004489003036,0.002085498619,0.235873,0.005031936,10,402.1835009,3.15289706e-05,5,391.6937579,0,2,6
Apartment_env.dae,direct,RRTstar,Yes,8,42,450,0.002,0.15,0.2,1.065833008,Yes,106.5833008,1,Exact solution,417.8056406,No,0.000247599,0.01868680816,0.008681507299,0.235873,0.005031936,10,417.8056406,0.0001451435556,6,391.6937579,0,2,24
Apartment_env.dae,direct,RRTstar,Yes,9,42,450,0.002,0.15,0.2,1.065833008,Yes,106.5833008,1,Exact solution,415.8801783,No,0.0001312,0.009901935109,0.004600235694,0.235873,0.005031936,10,415.8801783,9.785609964e-05,5,391.6937579,0,2,15
Apartment_env.dae,direct,RRTstar,Yes,10,42,450,0.002,0.15,0.2,1.065833008,Yes,106.5833008,1,Exact solution,418.6510906,No,0.00016076,0.01213288939,0.005636691236,0.235873,0.005031936,10,418.6510906,0.0001376952468,6,391.6937579,0,2,15
Apartment_env.dae,direct,RRTstar,Yes,1,42,450,0.002,0.15,0.5,1.065833008,Yes,266.4582519,1,Exact solution,391.6937579,No,5.081e-05,0.003689014613,0.0006752035918,0.047544,0.001547616,10,391.6937579,0,3,391.6937579,0,2,5
Apartment_env.dae,direct,RRTstar,Yes,2,42,450,0.002,0.15,0.5,1.065833008,Yes,266.4582519,1,Exact solution,407.0038294,No,6.855e-05,0.004977011449,0.0009109467865,0.047544,0.001547616,10,407.0038294,8.108938402e-06,3,391.6937579,0,2,6
Apartment_env.dae,direct,RRTstar,Yes,3,42,450,0.002,0.15,0.5,1.065833008,Yes,266.4582519,1,Exact solution,391.6937579,No,4.141e-05,0.003006536019,0.000550288934,0.047544,0.001547616,10,391.6937579,0,3,391.6937579,0,2,3
Apartment_env.dae,direct,RRTstar,Yes,4,42,450,0.002,0.15,0.5,1.065833008,Yes,266.4582519,1,Exact solution,391.6937579,No,7.8359e-05,0.005689185122,0.001041296561,0.047544,0.001547616,10,391.6937579,0,3,391.6937579,0,2,7
Apartment_env.dae,direct,RRTstar,Yes,5,42,450,0.002,0.15,0.5,1.065833008,Yes,266.4582519,1,Exact solution,391.6937579,No,3.553e-05,0.002579623877,0.0004721508289,0.047544,0.001547616,10,391.6937579,0,3,391.6937579,0,2,4
Apartment_env.dae,direct,RRTstar,Yes,6,42,450,0.002,0.15,0.5,1.065833008,Yes,266.4582519,1,Exact solution,391.6937579,No,6.742e-05,0.004894968809,0.0008959304499,0.047544,0.001547616,10,391.6937579,0,3,391.6937579,0,2,5
Apartment_env.dae,direct,RRTstar,Yes,7,42,450,0.002,0.15,0.5,1.065833008,Yes,266.4582519,1,Exact solution,396.9823049,No,0.00013307,0.009661428351,0.001768339736,0.047544,0.001547616,10,396.9823049,2.790051585e-06,3,391.6937579,0,2,9
Apartment_env.dae,direct,RRTstar,Yes,8,42,450,0.002,0.15,0.5,1.065833008,Yes,266.4582519,1,Exact solution,391.6937579,No,7.243e-05,0.005258715379,0.0009625073048,0.047544,0.001547616,10,391.6937579,0,3,391.6937579,0,2,6
Apartment_env.dae,direct,RRTstar,Yes,9,42,450,0.002,0.15,0.5,1.065833008,Yes,266.4582519,1,Exact solution,391.6937579,No,4.197e-05,0.003047194318,0.0005577306583,0.047544,0.001547616,10,391.6937579,0,3,391.6937579,0,2,3
Apartment_env.dae,direct,RRTstar,Yes,10,42,450,0.002,0.15,0.5,1.065833008,Yes,266.4582519,1,Exact solution,391.6937579,No,6.529e-05,0.004740322064,0.00086762532,0.047544,0.001547616,10,391.6937579,0,3,391.6937579,0,2,4
Apartment_env.dae,direct,InformedRRTstar,Yes,1,42,450,0.002,0.02,0.05,1.065833008,Yes,26.64582519,1,Exact solution,440.0470218,No,0.056089618,2.404264614,0.9819249845,32.407626,0.763888755,10,440.0470218,0.02218862216,21,391.6937579,0,2,721
Apartment_env.dae,direct,InformedRRTstar,Yes,2,42,450,0.002,0.02,0.05,1.065833008,Yes,26.64582519,1,Exact solution,448.4883637,No,0.035207764,1.50917022,0.6163597534,32.407626,0.763888755,10,448.4883637,0.02416949505,21,391.6937579,0,2,572
Apartment_env.dae,direct,InformedRRTstar,Yes,3,42,450,0.002,0.02,0.05,1.065833008,Yes,26.64582519,1,Exact solution,439.4132116,No,0.116296604,4.98501897,2.035930091,32.407626,0.763888755,10,439.4132116,0.01927148981,22,391.6937579,0,2,1339
Apartment_env.dae,direct,InformedRRTstar,Yes,4,42,450,0.002,0.02,0.05,1.065833008,Yes,26.64582519,1,Exact solution,443.3345197,No,0.107151029,4.592996647,1.875824373,32.407626,0.763888755,10,443.3345197,0.02475016574,23,391.6937579,0,2,1126
Apartment_env.dae,direct,InformedRRTstar,Yes,5,42,450,0.002,0.02,0.05,1.065833008,Yes,26.64582519,1,Exact solution,437.0988777,No,0.030534037,1.308832317,0.5345398111,32.407626,0.763888755,10,437.0988777,0.0231267811,22,391.6937579,0,2,463
Apartment_env.dae,direct,InformedRRTstar,Yes,6,42,450,0.002,0.02,0.05,1.065833008,Yes,26.64582519,1,Exact solution,447.8143327,No,0.068488764,2.93575028,1.198988885,32.407626,0.763888755,10,447.8143327,0.009920725598,21,391.6937579,0,2,1065
Apartment_env.dae,direct,InformedRRTstar,Yes,7,42,450,0.002,0.02,0.05,1.065833008,Yes,26.64582519,1,Exact solution,449.0437413,No,0.115580526,4.954324502,2.023394173,32.407626,0.763888755,10,449.0437413,0.01805581744,21,391.6937579,0,2,1214
Apartment_env.dae,direct,InformedRRTstar,Yes,8,42,450,0.002,0.02,0.05,1.065833008,Yes,26.64582519,1,Exact solution,447.7087595,No,0.083760212,3.590356308,1.466336335,32.407626,0.763888755,10,447.7087595,0.01756202519,21,391.6937579,0,2,1019
Apartment_env.dae,direct,InformedRRTstar,Yes,9,42,450,0.002,0.02,0.05,1.065833008,Yes,26.64582519,1,Exact solution,449.2336704,No,0.066774078,2.86225078,1.168970976,32.407626,0.763888755,10,449.2336704,0.04078200367,23,391.6937579,0,2,968
Apartment_env.dae,direct,InformedRRTstar,Yes,10,42,450,0.002,0.02,0.05,1.065833008,Yes,26.64582519,1,Exact solution,444.7296968,No,0.076162003,3.264661363,1.333319361,32.407626,0.763888755,10,444.7296968,0.0312542103,23,391.6937579,0,2,833
Apartment_env.dae,direct,InformedRRTstar,Yes,1,42,450,0.002,0.02,0.2,1.065833008,Yes,106.5833008,1,Exact solution,413.549023,No,0.000197709,0.0119689615,0.005065492007,0.317687,0.00730083,10,413.549023,8.136769791e-05,5,391.6937579,0,2,8
Apartment_env.dae,direct,InformedRRTstar,Yes,2,42,450,0.002,0.02,0.2,1.065833008,Yes,106.5833008,1,Exact solution,418.4768575,No,0.00030291,0.01833764839,0.007760841357,0.317687,0.00730083,10,418.4768575,0.0001166773627,5,391.6937579,0,2,11
Apartment_env.dae,direct,InformedRRTstar,Yes,3,42,450,0.002,0.02,0.2,1.065833008,Yes,106.5833008,1,Exact solution,443.4025534,No,0.000910238,0.0551042369,0.02332116046,0.317687,0.00730083,10,443.4025534,0.0007186014732,7,391.6937579,0,2,34
Apartment_env.dae,direct,InformedRRTstar,Yes,4,42,450,0.002,0.02,0.2,1.065833008,Yes,106.5833008,1,Exact solution,420.1175471,No,0.000215039,0.01301808977,0.005509503036,0.317687,0.00730083,10,420.1175471,0.0001276930532,5,391.6937579,0,2,9
Apartment_env.dae,direct,InformedRRTstar,Yes,5,42,450,0.002,0.02,0.2,1.065833008,Yes,106.5833008,1,Exact solution,441.1821915,No,0.000653468,0.03955982444,0.01674246965,0.317687,0.00730083,10,441.1821915,0.000349644704,6,391.6937579,0,2,38
Apartment_env.dae,direct,InformedRRTstar,Yes,6,42,450,0.002,0.02,0.2,1.065833008,Yes,106.5833008,1,Exact solution,441.2301055,No,0.000514369,0.03113901115,0.0131786214,0.317687,0.00730083,10,441.2301055,0.0003278312125,6,391.6937579,0,2,25
Apartment_env.dae,direct,InformedRRTstar,Yes,7,42,450,0.002,0.02,0.2,1.065833008,Yes,106.5833008,1,Exact solution,405.6442364,No,0.000487088,0.02948746651,0.01247965632,0.317687,0.00730083,10,405.6442364,0.0001714279585,6,391.6937579,0,2,17
Apartment_env.dae,direct,InformedRRTstar,Yes,8,42,450,0.002,0.02,0.2,1.065833008,Yes,106.5833008,1,Exact solution,405.4105337,No,0.000862477,0.05221286843,0.02209747836,0.317687,0.00730083,10,405.4105337,4.71647197e-05,5,391.6937579,0,2,15
Apartment_env.dae,direct,InformedRRTstar,Yes,9,42,450,0.002,0.02,0.2,1.065833008,Yes,106.5833008,1,Exact solution,397.681255,No,0.000488749,0.02958802058,0.01252221271,0.317687,0.00730083,10,397.681255,5.212873747e-05,6,391.6937579,0,2,14
Apartment_env.dae,direct,InformedRRTstar,Yes,10,42,450,0.002,0.02,0.2,1.065833008,Yes,106.5833008,1,Exact solution,412.8052022,No,0.000615658,0.03727087232,0.0157737416,0.317687,0.00730083,10,412.8052022,0.0002442705571,6,391.6937579,0,2,21
Apartment_env.dae,direct,InformedRRTstar,Yes,1,42,450,0.002,0.02,0.5,1.065833008,Yes,266.4582519,1,Exact solution,391.6937579,No,0.001056917,0.0529196987,0.02225320113,0.386317,0.008919746,10,391.6937579,0,3,391.6937579,0,2,3
Apartment_env.dae,direct,InformedRRTstar,Yes,2,42,450,0.002,0.02,0.5,1.065833008,Yes,266.4582519,1,Exact solution,394.7954524,No,0.000929377,0.04653378725,0.01956786891,0.386317,0.008919746,10,394.7954524,1.616069119e-06,3,391.6937579,0,2,5
Apartment_env.dae,direct,InformedRRTstar,Yes,3,42,450,0.002,0.02,0.5,1.065833008,Yes,266.4582519,1,Exact solution,392.2586502,No,0.00012181,0.006099011085,0.002564688078,0.386317,0.008919746,10,392.2586502,3.438252792e-07,3,391.6937579,0,2,3
Apartment_env.dae,direct,InformedRRTstar,Yes,4,42,450,0.002,0.02,0.5,1.065833008,Yes,266.4582519,1,Exact solution,405.66932,No,6.052e-05,0.003030228642,0.001274237932,0.386317,0.008919746,10,405.66932,7.492434822e-06,3,391.6937579,0,2,3
Apartment_env.dae,direct,InformedRRTstar,Yes,5,42,450,0.002,0.02,0.5,1.065833008,Yes,266.4582519,1,Exact solution,392.8288362,No,0.002181084,0.1092065963,0.04592233916,0.386317,0.008919746,10,392.8288362,6.004647042e-07,3,391.6937579,0,2,4
Apartment_env.dae,direct,InformedRRTstar,Yes,6,42,450,0.002,0.02,0.5,1.065833008,Yes,266.4582519,1,Exact solution,399.5111667,No,0.000173619,0.008693081074,0.003655517441,0.386317,0.008919746,10,399.5111667,4.200241395e-06,3,391.6937579,0,2,5
Apartment_env.dae,direct,InformedRRTstar,Yes,7,42,450,0.002,0.02,0.5,1.065833008,Yes,266.4582519,1,Exact solution,411.0879394,No,6.48e-05,0.003244527693,0.001364352578,0.386317,0.008919746,10,411.0879394,2.150472117e-05,4,391.6937579,0,2,5
Apartment_env.dae,direct,InformedRRTstar,Yes,8,42,450,0.002,0.02,0.5,1.065833008,Yes,266.4582519,1,Exact solution,392.5617252,No,0.001883905,0.09432688185,0.0396652877,0.386317,0.008919746,10,392.5617252,4.603218884e-07,3,391.6937579,0,2,5
Apartment_env.dae,direct,InformedRRTstar,Yes,9,42,450,0.002,0.02,0.5,1.065833008,Yes,266.4582519,1,Exact solution,400.6104924,No,3.652e-05,0.001828551718,0.0007689221626,0.386317,0.008919746,10,400.6104924,5.009242583e-06,3,391.6937579,0,2,3
Apartment_env.dae,direct,InformedRRTstar,Yes,10,42,450,0.002,0.02,0.5,1.065833008,Yes,266.4582519,1,Exact solution,392.0707518,No,0.001207006,0.06043463569,0.02541329857,0.386317,0.008919746,10,392.0707518,2.298839574e-07,3,391.6937579,0,2,3
Apartment_env.dae,direct,InformedRRTstar,Yes,1,42,450,0.002,0.05,0.05,1.065833008,Yes,26.64582519,1,Exact solution,448.9302188,No,0.067019028,2.890346762,1.189679581,28.604035,0.670592258,10,448.9302188,0.02566048187,22,391.6937579,0,2,1044
Apartment_env.dae,direct,InformedRRTstar,Yes,2,42,450,0.002,0.05,0.05,1.065833008,Yes,26.64582519,1,Exact solution,446.1032017,No,0.064804094,2.794822737,1.150361467,28.604035,0.670592258,10,446.1032017,0.01959397789,22,391.6937579,0,2,858
Apartment_env.dae,direct,InformedRRTstar,Yes,3,42,450,0.002,0.05,0.05,1.065833008,Yes,26.64582519,1,Exact solution,448.7447859,No,0.039462503,1.70190946,0.7005135022,28.604035,0.670592258,10,448.7447859,0.02237350205,21,391.6937579,0,2,714
Apartment_env.dae,direct,InformedRRTstar,Yes,4,42,450,0.002,0.05,0.05,1.065833008,Yes,26.64582519,1,Exact solution,448.1824279,No,0.031979364,1.379182211,0.5676775311,28.604035,0.670592258,10,448.1824279,0.01622013491,19,391.6937579,0,2,669
Apartment_env.dae,direct,InformedRRTstar,Yes,5,42,450,0.002,0.05,0.05,1.065833008,Yes,26.64582519,1,Exact solution,441.2293439,No,0.06618264,2.854275643,1.174832547,28.604035,0.670592258,10,441.2293439,0.02416508589,21,391.6937579,0,2,779
Apartment_env.dae,direct,InformedRRTstar,Yes,6,42,450,0.002,0.05,0.05,1.065833008,Yes,26.64582519,1,Exact solution,436.5172816,No,0.166703247,7.189453572,2.959211061,28.604035,0.670592258,10,436.5172816,0.01392231776,22,391.6937579,0,2,1288
Apartment_env.dae,direct,InformedRRTstar,Yes,7,42,450,0.002,0.05,0.05,1.065833008,Yes,26.64582519,1,Exact solution,442.5972124,No,0.057094774,2.462340922,1.013510473,28.604035,0.670592258,10,442.5972124,0.01043200876,19,391.6937579,0,2,882
Apartment_env.dae,direct,InformedRRTstar,Yes,8,42,450,0.002,0.05,0.05,1.065833008,Yes,26.64582519,1,Exact solution,448.2064421,No,0.030041358,1.29560133,0.533275269,28.604035,0.670592258,10,448.2064421,0.01944261469,21,391.6937579,0,2,645
Apartment_env.dae,direct,InformedRRTstar,Yes,9,42,450,0.002,0.05,0.05,1.065833008,Yes,26.64582519,1,Exact solution,449.3886495,No,0.047568871,2.051514867,0.844412642,28.604035,0.670592258,10,449.3886495,0.0169688694,22,391.6937579,0,2,833
Apartment_env.dae,direct,InformedRRTstar,Yes,10,42,450,0.002,0.05,0.05,1.065833008,Yes,26.64582519,1,Exact solution,439.0952425,No,0.092391399,3.984587496,1.640073933,28.604035,0.670592258,10,439.0952425,0.02240413028,22,391.6937579,0,2,811
Apartment_env.dae,direct,InformedRRTstar,Yes,1,42,450,0.002,0.05,0.2,1.065833008,Yes,106.5833008,1,Exact solution,426.7143866,No,0.000510108,0.03181644701,0.01463344594,0.349027,0.007510489,10,426.7143866,0.000232437024,6,391.6937579,0,2,22
Apartment_env.dae,direct,InformedRRTstar,Yes,2,42,450,0.002,0.05,0.2,1.065833008,Yes,106.5833008,1,Exact solution,418.5144191,No,0.000347789,0.02169228926,0.00997700787,0.349027,0.007510489,10,418.5144191,0.0001060899026,6,391.6937579,0,2,16
Apartment_env.dae,direct,InformedRRTstar,Yes,3,42,450,0.002,0.05,0.2,1.065833008,Yes,106.5833008,1,Exact solution,409.9884029,No,0.00021925,0.01367505706,0.006289615185,0.349027,0.007510489,10,409.9884029,0.0001611084659,6,391.6937579,0,2,9
Apartment_env.dae,direct,InformedRRTstar,Yes,4,42,450,0.002,0.05,0.2,1.065833008,Yes,106.5833008,1,Exact solution,398.659505,No,8.435e-05,0.005261076684,0.00241974477,0.349027,0.007510489,10,398.659505,2.816618658e-05,5,391.6937579,0,2,6
Apartment_env.dae,direct,InformedRRTstar,Yes,5,42,450,0.002,0.05,0.2,1.065833008,Yes,106.5833008,1,Exact solution,401.0743251,No,0.000259379,0.01617798233,0.007440794057,0.349027,0.007510489,10,401.0743251,4.580985469e-05,5,391.6937579,0,2,11
Apartment_env.dae,direct,InformedRRTstar,Yes,6,42,450,0.002,0.05,0.2,1.065833008,Yes,106.5833008,1,Exact solution,417.4893643,No,0.000792048,0.04940160362,0.02272144642,0.349027,0.007510489,10,417.4893643,8.169469005e-05,5,391.6937579,0,2,20
Apartment_env.dae,direct,InformedRRTstar,Yes,7,42,450,0.002,0.05,0.2,1.065833008,Yes,106.5833008,1,Exact solution,404.9753525,No,9.5829e-05,0.005977044666,0.002749042342,0.349027,0.007510489,10,404.9753525,7.019986217e-05,5,391.6937579,0,2,5
Apartment_env.dae,direct,InformedRRTstar,Yes,8,42,450,0.002,0.05,0.2,1.065833008,Yes,106.5833008,1,Exact solution,414.1567703,No,0.00011844,0.007387337551,0.003397683113,0.349027,0.007510489,10,414.1567703,0.000236825115,6,391.6937579,0,2,8
Apartment_env.dae,direct,InformedRRTstar,Yes,9,42,450,0.002,0.05,0.2,1.065833008,Yes,106.5833008,1,Exact solution,448.7571333,No,0.001424396,0.08884240171,0.04086158591,0.349027,0.007510489,10,448.7571333,0.0004499278784,6,391.6937579,0,2,63
Apartment_env.dae,direct,InformedRRTstar,Yes,10,42,450,0.002,0.05,0.2,1.065833008,Yes,106.5833008,1,Exact solution,441.7516343,No,0.001744305,0.1087957601,0.05003880144,0.349027,0.007510489,10,441.7516343,0.0008303388751,7,391.6937579,0,2,70
Apartment_env.dae,direct,InformedRRTstar,Yes,1,42,450,0.002,0.05,0.5,1.065833008,Yes,266.4582519,1,Exact solution,397.6188587,No,0.000690648,0.04096859758,0.01929316647,0.329634,0.006948811,10,397.6188587,3.066545168e-06,3,391.6937579,0,2,3
Apartment_env.dae,direct,InformedRRTstar,Yes,2,42,450,0.002,0.05,0.5,1.065833008,Yes,266.4582519,1,Exact solution,400.2582519,No,6.237e-05,0.003699730443,0.001742298237,0.329634,0.006948811,10,400.2582519,4.827288307e-06,3,391.6937579,0,2,3
Apartment_env.dae,direct,InformedRRTstar,Yes,3,42,450,0.002,0.05,0.5,1.065833008,Yes,266.4582519,1,Exact solution,396.4071817,No,8.333e-05,0.004943058166,0.002327813245,0.329634,0.006948811,10,396.4071817,2.637470583e-06,3,391.6937579,0,2,4
Apartment_env.dae,direct,InformedRRTstar,Yes,4,42,450,0.002,0.05,0.5,1.065833008,Yes,266.4582519,1,Exact solution,396.8218745,No,0.000840757,0.04987292397,0.02348644282,0.329634,0.006948811,10,396.8218745,2.641661342e-06,3,391.6937579,0,2,6
Apartment_env.dae,direct,InformedRRTstar,Yes,5,42,450,0.002,0.05,0.5,1.065833008,Yes,266.4582519,1,Exact solution,391.8162907,No,0.000249389,0.01479352374,0.006966650875,0.329634,0.006948811,10,391.8162907,6.579686346e-08,3,391.6937579,0,2,4
Apartment_env.dae,direct,InformedRRTstar,Yes,6,42,450,0.002,0.05,0.5,1.065833008,Yes,266.4582519,1,Exact solution,393.1573159,No,0.001926305,0.1142666226,0.05381109196,0.329634,0.006948811,10,393.1573159,7.715468471e-07,3,391.6937579,0,2,4
Apartment_env.dae,direct,InformedRRTstar,Yes,7,42,450,0.002,0.05,0.5,1.065833008,Yes,266.4582519,1,Exact solution,391.6937579,No,0.00016592,0.009842220219,0.004634954682,0.329634,0.006948811,10,391.6937579,0,3,391.6937579,0,2,3
Apartment_env.dae,direct,InformedRRTstar,Yes,8,42,450,0.002,0.05,0.5,1.065833008,Yes,266.4582519,1,Exact solution,392.1668155,No,0.00026704,0.01584056465,0.007459729377,0.329634,0.006948811,10,392.1668155,2.683468181e-07,3,391.6937579,0,2,3
Apartment_env.dae,direct,InformedRRTstar,Yes,9,42,450,0.002,0.05,0.5,1.065833008,Yes,266.4582519,1,Exact solution,391.6937579,No,0.000440889,0.02615312578,0.01231617969,0.329634,0.006948811,10,391.6937579,0,3,391.6937579,0,2,3
Apartment_env.dae,direct,InformedRRTstar,Yes,10,42,450,0.002,0.05,0.5,1.065833008,Yes,266.4582519,1,Exact solution,413.079297,No,0.000830317,0.04925363287,0.02319480272,0.329634,0.006948811,10,413.079297,0.0001450992146,4,391.6937579,0,2,13
Apartment_env.dae,direct,InformedRRTstar,Yes,1,42,450,0.002,0.15,0.05,1.065833008,Yes,26.64582519,1,Exact solution,447.0329116,No,0.032378593,1.405982112,0.5819708324,18.750937,0.43786294,10,447.0329116,0.02710330217,21,391.6937579,0,2,642
Apartment_env.dae,direct,InformedRRTstar,Yes,2,42,450,0.002,0.15,0.05,1.065833008,Yes,26.64582519,1,Exact solution,448.062987,No,0.000515618,0.02238978343,0.009267686111,18.750937,0.43786294,10,448.062987,0.01250828529,19,391.6937579,0,2,69
Apartment_env.dae,direct,InformedRRTstar,Yes,3,42,450,0.002,0.15,0.05,1.065833008,Yes,26.64582519,1,Exact solution,446.1930347,No,0.101184765,4.393766265,1.818688722,18.750937,0.43786294,10,446.1930347,0.02760578671,23,391.6937579,0,2,1195
Apartment_env.dae,direct,InformedRRTstar,Yes,4,42,450,0.002,0.15,0.05,1.065833008,Yes,26.64582519,1,Exact solution,448.0898643,No,0.017880382,0.7764233998,0.3213808826,18.750937,0.43786294,10,448.0898643,0.02111822125,20,391.6937579,0,2,473
Apartment_env.dae,direct,InformedRRTstar,Yes,5,42,450,0.002,0.15,0.05,1.065833008,Yes,26.64582519,1,Exact solution,448.9365247,No,0.010510032,0.4563792192,0.1889066665,18.750937,0.43786294,10,448.9365247,0.01636270499,19,391.6937579,0,2,358
Apartment_env.dae,direct,InformedRRTstar,Yes,6,42,450,0.002,0.15,0.05,1.065833008,Yes,26.64582519,1,Exact solution,447.2395921,No,0.074521697,3.235970537,1.339448383,18.750937,0.43786294,10,447.2395921,0.02839077413,24,391.6937579,0,2,786
Apartment_env.dae,direct,InformedRRTstar,Yes,7,42,450,0.002,0.15,0.05,1.065833008,Yes,26.64582519,1,Exact solution,439.0681832,No,0.003325091,0.1443860908,0.05976498043,18.750937,0.43786294,10,439.0681832,0.0228535374,20,391.6937579,0,2,200
Apartment_env.dae,direct,InformedRRTstar,Yes,8,42,450,0.002,0.15,0.05,1.065833008,Yes,26.64582519,1,Exact solution,449.3245171,No,0.068464794,2.972960428,1.230581982,18.750937,0.43786294,10,449.3245171,0.02921820331,23,391.6937579,0,2,1043
Apartment_env.dae,direct,InformedRRTstar,Yes,9,42,450,0.002,0.15,0.05,1.065833008,Yes,26.64582519,1,Exact solution,422.7608083,No,0.00019725,0.008565226157,0.003545359327,18.750937,0.43786294,10,422.7608083,0.007243969515,17,391.6937579,0,2,39
Apartment_env.dae,direct,InformedRRTstar,Yes,10,42,450,0.002,0.15,0.05,1.065833008,Yes,26.64582519,1,Exact solution,448.270429,No,0.122840186,5.334113938,2.207921922,18.750937,0.43786294,10,448.270429,0.01730852472,22,391.6937579,0,2,1447
Apartment_env.dae,direct,InformedRRTstar,Yes,1,42,450,0.002,0.15,0.2,1.065833008,Yes,106.5833008,1,Exact solution,449.8093586,No,0.000500108,0.03511357996,0.01483894199,0.257036,0.005913353,10,449.8093586,0.0006234658826,7,391.6937579,0,2,27
Apartment_env.dae,direct,InformedRRTstar,Yes,2,42,450,0.002,0.15,0.2,1.065833008,Yes,106.5833008,1,Exact solution,399.3984491,No,7.1969e-05,0.005053087006,0.00213542638,0.257036,0.005913353,10,399.3984491,1.747911571e-05,5,391.6937579,0,2,5
Apartment_env.dae,direct,InformedRRTstar,Yes,3,42,450,0.002,0.15,0.2,1.065833008,Yes,106.5833008,1,Exact solution,439.6998845,No,0.001160497,0.08148080856,0.03443365765,0.257036,0.005913353,10,439.6998845,0.0005692114881,7,391.6937579,0,2,28
Apartment_env.dae,direct,InformedRRTstar,Yes,4,42,450,0.002,0.15,0.2,1.065833008,Yes,106.5833008,1,Exact solution,435.4516682,No,0.000175489,0.01232143264,0.005207017466,0.257036,0.005913353,10,435.4516682,0.0001644671281,6,391.6937579,0,2,12
Apartment_env.dae,direct,InformedRRTstar,Yes,5,42,450,0.002,0.15,0.2,1.065833008,Yes,106.5833008,1,Exact solution,428.1374513,No,0.000142469,0.01000303259,0.004227265363,0.257036,0.005913353,10,428.1374513,0.0001580525533,6,391.6937579,0,2,11
Apartment_env.dae,direct,InformedRRTstar,Yes,6,42,450,0.002,0.15,0.2,1.065833008,Yes,106.5833008,1,Exact solution,399.897479,No,6.096e-05,0.004280123162,0.001808773112,0.257036,0.005913353,10,399.897479,1.928664232e-05,5,391.6937579,0,2,5
Apartment_env.dae,direct,InformedRRTstar,Yes,7,42,450,0.002,0.15,0.2,1.065833008,Yes,106.5833008,1,Exact solution,402.7084457,No,0.000166709,0.01170497133,0.004946501916,0.257036,0.005913353,10,402.7084457,0.000126639273,6,391.6937579,0,2,9
Apartment_env.dae,direct,InformedRRTstar,Yes,8,42,450,0.002,0.15,0.2,1.065833008,Yes,106.5833008,1,Exact solution,407.7415036,No,0.000176769,0.01241130399,0.005244996954,0.257036,0.005913353,10,407.7415036,6.512641528e-05,5,391.6937579,0,2,9
Apartment_env.dae,direct,InformedRRTstar,Yes,9,42,450,0.002,0.15,0.2,1.065833008,Yes,106.5833008,1,Exact solution,403.7956828,No,0.000537298,0.03772476402,0.01594242414,0.257036,0.005913353,10,403.7956828,0.0001305031485,6,391.6937579,0,2,11
Apartment_env.dae,direct,InformedRRTstar,Yes,10,42,450,0.002,0.15,0.2,1.065833008,Yes,106.5833008,1,Exact solution,446.7217913,No,0.000668588,0.04694289673,0.01983799209,0.257036,0.005913353,10,446.7217913,0.0007247393245,7,391.6937579,0,2,39
Apartment_env.dae,direct,InformedRRTstar,Yes,1,42,450,0.002,0.15,0.5,1.065833008,Yes,266.4582519,1,Exact solution,420.831988,No,0.000374019,0.04942898654,0.02782726323,0.178412,0.003106652,10,420.831988,5.422318603e-05,4,391.6937579,0,2,6
Apartment_env.dae,direct,InformedRRTstar,Yes,2,42,450,0.002,0.15,0.5,1.065833008,Yes,266.4582519,1,Exact solution,402.4249208,No,7.495e-05,0.009905118566,0.005576330023,0.178412,0.003106652,10,402.4249208,5.740365811e-06,3,391.6937579,0,2,4
Apartment_env.dae,direct,InformedRRTstar,Yes,3,42,450,0.002,0.15,0.5,1.065833008,Yes,266.4582519,1,Exact solution,391.8376706,No,6.593e-05,0.008713068273,0.004905236003,0.178412,0.003106652,10,391.8376706,8.795690528e-08,3,391.6937579,0,2,3
Apartment_env.dae,direct,InformedRRTstar,Yes,4,42,450,0.002,0.15,0.5,1.065833008,Yes,266.4582519,1,Exact solution,391.6937579,No,5.625e-05,0.007433794788,0.004185037542,0.178412,0.003106652,10,391.6937579,0,3,391.6937579,0,2,3
Apartment_env.dae,direct,InformedRRTstar,Yes,5,42,450,0.002,0.15,0.5,1.065833008,Yes,266.4582519,1,Exact solution,391.6937579,No,3.824e-05,0.005053658892,0.002845081522,0.178412,0.003106652,10,391.6937579,0,3,391.6937579,0,2,3
Apartment_env.dae,direct,InformedRRTstar,Yes,6,42,450,0.002,0.15,0.5,1.065833008,Yes,266.4582519,1,Exact solution,391.829018,No,0.000331509,0.04381102002,0.02466449086,0.178412,0.003106652,10,391.829018,7.269337789e-08,3,391.6937579,0,2,3
Apartment_env.dae,direct,InformedRRTstar,Yes,7,42,450,0.002,0.15,0.5,1.065833008,Yes,266.4582519,1,Exact solution,407.5770481,No,8.489e-05,0.0112187527,0.006315872657,0.178412,0.003106652,10,407.5770481,2.04849993e-05,4,391.6937579,0,2,4
Apartment_env.dae,direct,InformedRRTstar,Yes,8,42,450,0.002,0.15,0.5,1.065833008,Yes,266.4582519,1,Exact solution,401.918688,No,0.000230899,0.03051476947,0.01717903971,0.178412,0.003106652,10,401.918688,5.67440323e-06,3,391.6937579,0,2,3
Apartment_env.dae,direct,InformedRRTstar,Yes,9,42,450,0.002,0.15,0.5,1.065833008,Yes,266.4582519,1,Exact solution,391.6937579,No,4.136e-05,0.00546598671,0.003077211604,0.178412,0.003106652,10,391.6937579,0,3,391.6937579,0,2,3
Apartment_env.dae,direct,InformedRRTstar,Yes,10,42,450,0.002,0.15,0.5,1.065833008,Yes,266.4582519,1,Exact solution,395.3701057,No,5.196e-05,0.006866844039,0.003865858679,0.178412,0.003106652,10,395.3701057,2.170847598e-06,3,391.6937579,0,2,3
Apartment_env.dae,direct,RRT,No,1,42,450,0.001,0.02,0.05,0.5329165038,Yes,26.64582519,1,Exact solution,467.9134408,No,0.000963547,0.05913990519,0.0236104661,0.643826,0.015411258,10,467.9134408,0.01735695404,19,391.6937579,0,2,102
Apartment_env.dae,direct,RRT,No,2,42,450,0.001,0.02,0.05,0.5329165038,Yes,26.64582519,1,Exact solution,506.998985,No,0.001755136,0.1077254941,0.04300732505,0.643826,0.015411258,10,506.998985,0.02712624463,21,391.6937579,0,2,201
Apartment_env.dae,direct,RRT,No,3,42,450,0.001,0.02,0.05,0.5329165038,Yes,26.64582519,1,Exact solution,486.8732664,No,0.000955948,0.05867349916,0.02342426249,0.643826,0.015411258,10,486.8732664,0.03512432738,20,391.6937579,0,2,165
Apartment_env.dae,direct,RRT,No,4,42,450,0.001,0.02,0.05,0.5329165038,Yes,26.64582519,1,Exact solution,569.9021592,No,0.001824026,0.1119537757,0.0446953849,0.643826,0.015411258,10,569.9021592,0.01620656328,23,391.6937579,0,2,233
Apartment_env.dae,direct,RRT,No,5,42,450,0.001,0.02,0.05,0.5329165038,Yes,26.64582519,1,Exact solution,511.3895757,No,0.000204449,0.01254852589,0.00500975685,0.643826,0.015411258,10,511.3895757,0.02259779545,21,391.6937579,0,2,52
Apartment_env.dae,direct,RRT,No,6,42,450,0.001,0.02,0.05,0.5329165038,Yes,26.64582519,1,Exact solution,477.5773364,No,0.000567159,0.03481068333,0.01389749368,0.643826,0.015411258,10,477.5773364,0.02129519712,19,391.6937579,0,2,121
Apartment_env.dae,direct,RRT,No,7,42,450,0.001,0.02,0.05,0.5329165038,Yes,26.64582519,1,Exact solution,622.7991355,No,0.001024648,0.06289011909,0.02510766664,0.643826,0.015411258,10,622.7991355,0.0220231198,25,391.6937579,0,2,180
Apartment_env.dae,direct,RRT,No,8,42,450,0.001,0.02,0.05,0.5329165038,Yes,26.64582519,1,Exact solution,503.8305277,No,0.000491219,0.03014969181,0.01203668274,0.643826,0.015411258,10,503.8305277,0.01971868458,20,391.6937579,0,2,85
Apartment_env.dae,direct,RRT,No,9,42,450,0.001,0.02,0.05,0.5329165038,Yes,26.64582519,1,Exact solution,480.1353852,No,0.001115907,0.06849134934,0.02734384975,0.643826,0.015411258,10,480.1353852,0.01569478782,20,391.6937579,0,2,197
Apartment_env.dae,direct,RRT,No,10,42,450,0.001,0.02,0.05,0.5329165038,Yes,26.64582519,1,Exact solution,554.028356,No,0.001587606,0.09744295642,0.03890222028,0.643826,0.015411258,10,554.028356,0.02408561702,22,391.6937579,0,2,275
Apartment_env.dae,direct,RRT,No,1,42,450,0.001,0.02,0.2,0.5329165038,Yes,106.5833008,1,Exact solution,416.8906078,No,0.000280069,0.02084678472,0.008669807579,0.420663,0.009790313,10,416.8906078,0.001721247632,6,391.6937579,0,2,22
Apartment_env.dae,direct,RRT,No,2,42,450,0.001,0.02,0.2,0.5329165038,Yes,106.5833008,1,Exact solution,574.5591943,No,0.000893508,0.06650778531,0.0276594069,0.420663,0.009790313,10,574.5591943,0.003719659429,9,391.6937579,0,2,49
Apartment_env.dae,direct,RRT,No,3,42,450,0.001,0.02,0.2,0.5329165038,Yes,106.5833008,1,Exact solution,465.9505356,No,0.00028182,0.02097711946,0.008724011482,0.420663,0.009790313,10,465.9505356,0.005094539555,7,391.6937579,0,2,25
Apartment_env.dae,direct,RRT,No,4,42,450,0.001,0.02,0.2,0.5329165038,Yes,106.5833008,1,Exact solution,663.3719652,No,0.000384819,0.02864379439,0.01191244544,0.420663,0.009790313,10,663.3719652,0.000754883931,8,391.6937579,0,2,18
Apartment_env.dae,direct,RRT,No,5,42,450,0.001,0.02,0.2,0.5329165038,Yes,106.5833008,1,Exact solution,577.5207933,No,0.000507519,0.0377769026,0.01571074297,0.420663,0.009790313,10,577.5207933,0.001051699758,8,391.6937579,0,2,18
Apartment_env.dae,direct,RRT,No,6,42,450,0.001,0.02,0.2,0.5329165038,Yes,106.5833008,1,Exact solution,559.5459459,No,8.6479e-05,0.006437017649,0.002677041335,0.420663,0.009790313,10,559.5459459,0.0006821148752,7,391.6937579,0,2,9
Apartment_env.dae,direct,RRT,No,7,42,450,0.001,0.02,0.2,0.5329165038,Yes,106.5833008,1,Exact solution,500.3668989,No,0.000407169,0.03030740456,0.01260431137,0.420663,0.009790313,10,500.3668989,0.001298585616,7,391.6937579,0,2,46
Apartment_env.dae,direct,RRT,No,8,42,450,0.001,0.02,0.2,0.5329165038,Yes,106.5833008,1,Exact solution,631.3750258,No,0.000450358,0.03352215445,0.01394126876,0.420663,0.009790313,10,631.3750258,0.001206135398,9,391.6937579,0,2,27
Apartment_env.dae,direct,RRT,No,9,42,450,0.001,0.02,0.2,0.5329165038,Yes,106.5833008,1,Exact solution,484.4511805,No,0.001215047,0.09044136707,0.03761295855,0.420663,0.009790313,10,484.4511805,0.004135164758,9,391.6937579,0,2,145
Apartment_env.dae,direct,RRT,No,10,42,450,0.001,0.02,0.2,0.5329165038,Yes,106.5833008,1,Exact solution,641.8212934,No,0.001144667,0.08520266979,0.03543427738,0.420663,0.009790313,10,641.8212934,0.005795283342,10,391.6937579,0,2,89
Apartment_env.dae,direct,RRT,No,1,42,450,0.001,0.02,0.5,0.5329165038,Yes,266.4582519,1,Exact solution,530.082305,No,0.000197659,0.01588892551,0.006738765039,0.442681,0.010157502,10,530.082305,0.001610208434,7,391.6937579,0,2,23
Apartment_env.dae,direct,RRT,No,2,42,450,0.001,0.02,0.5,0.5329165038,Yes,266.4582519,1,Exact solution,565.3123095,No,0.000832668,0.06693446707,0.02838805219,0.442681,0.010157502,10,565.3123095,0.003512553712,7,391.6937579,0,2,67
Apartment_env.dae,direct,RRT,No,3,42,450,0.001,0.02,0.5,0.5329165038,Yes,266.4582519,1,Exact solution,404.203556,No,0.000495408,0.03982363975,0.01688988668,0.442681,0.010157502,10,404.203556,0.0001988867565,4,391.6937579,0,2,39
Apartment_env.dae,direct,RRT,No,4,42,450,0.001,0.02,0.5,0.5329165038,Yes,266.4582519,1,Exact solution,539.7845293,No,0.000605538,0.0486764993,0.02064453581,0.442681,0.010157502,10,539.7845293,0.001158038167,6,391.6937579,0,2,12
Apartment_env.dae,direct,RRT,No,5,42,450,0.001,0.02,0.5,0.5329165038,Yes,266.4582519,1,Exact solution,683.5760296,No,0.000676568,0.05438628423,0.02306615325,0.442681,0.010157502,10,683.5760296,0.004455236393,8,391.6937579,0,2,17
Apartment_env.dae,direct,RRT,No,6,42,450,0.001,0.02,0.5,0.5329165038,Yes,266.4582519,1,Exact solution,456.1872521,No,0.001116507,0.08975101844,0.03806494183,0.442681,0.010157502,10,456.1872521,0.008845589279,6,391.6937579,0,2,105
Apartment_env.dae,direct,RRT,No,7,42,450,0.001,0.02,0.5,0.5329165038,Yes,266.4582519,1,Exact solution,546.5015146,No,0.000830437,0.06675512693,0.02831199097,0.442681,0.010157502,10,546.5015146,0.007553572914,9,391.6937579,0,2,58
Apartment_env.dae,direct,RRT,No,8,42,450,0.001,0.02,0.5,0.5329165038,Yes,266.4582519,1,Exact solution,667.6275926,No,0.000368279,0.02960430639,0.01255569263,0.442681,0.010157502,10,667.6275926,0.003558920443,8,391.6937579,0,2,25
Apartment_env.dae,direct,RRT,No,9,42,450,0.001,0.02,0.5,0.5329165038,Yes,266.4582519,1,Exact solution,395.8334512,No,5.927e-05,0.004764450973,0.002020685139,0.442681,0.010157502,10,395.8334512,2.209881156e-06,3,391.6937579,0,2,3
Apartment_env.dae,direct,RRT,No,10,42,450,0.001,0.02,0.5,0.5329165038,Yes,266.4582519,1,Exact solution,405.8949268,No,0.000324639,0.02609628142,0.01106787924,0.442681,0.010157502,10,405.8949268,0.0002081794686,4,391.6937579,0,2,37
Apartment_env.dae,direct,RRT,No,1,42,450,0.001,0.05,0.05,0.5329165038,Yes,26.64582519,1,Exact solution,523.2268893,No,0.000328819,0.02929511665,0.01171048957,0.345486,0.008262857,10,523.2268893,0.02687437731,21,391.6937579,0,2,72
Apartment_env.dae,direct,RRT,No,2,42,450,0.001,0.05,0.05,0.5329165038,Yes,26.64582519,1,Exact solution,441.9353504,No,0.000252619,0.0225063122,0.008996719062,0.345486,0.008262857,10,441.9353504,0.00985028555,18,391.6937579,0,2,63
Apartment_env.dae,direct,RRT,No,3,42,450,0.001,0.05,0.05,0.5329165038,Yes,26.64582519,1,Exact solution,537.6436281,No,0.000574018,0.05114036679,0.02044295434,0.345486,0.008262857,10,537.6436281,0.02321046105,22,391.6937579,0,2,92
Apartment_env.dae,direct,RRT,No,4,42,450,0.001,0.05,0.05,0.5329165038,Yes,26.64582519,1,Exact solution,502.8905686,No,0.000320839,0.02858416311,0.01142629156,0.345486,0.008262857,10,502.8905686,0.02122843191,20,391.6937579,0,2,96
Apartment_env.dae,direct,RRT,No,5,42,450,0.001,0.05,0.05,0.5329165038,Yes,26.64582519,1,Exact solution,469.9698865,No,0.000622319,0.0554435957,0.02216313583,0.345486,0.008262857,10,469.9698865,0.0176528938,19,391.6937579,0,2,138
Apartment_env.dae,direct,RRT,No,6,42,450,0.001,0.05,0.05,0.5329165038,Yes,26.64582519,1,Exact solution,487.122269,No,0.000358619,0.03195005592,0.0127717804,0.345486,0.008262857,10,487.122269,0.01235684001,20,391.6937579,0,2,82
Apartment_env.dae,direct,RRT,No,7,42,450,0.001,0.05,0.05,0.5329165038,Yes,26.64582519,1,Exact solution,515.4708392,No,0.00029059,0.02588922157,0.01034901014,0.345486,0.008262857,10,515.4708392,0.01328793667,21,391.6937579,0,2,72
Apartment_env.dae,direct,RRT,No,8,42,450,0.001,0.05,0.05,0.5329165038,Yes,26.64582519,1,Exact solution,501.3540422,No,0.000276169,0.02460442696,0.009835423728,0.345486,0.008262857,10,501.3540422,0.0212565631,21,391.6937579,0,2,68
Apartment_env.dae,direct,RRT,No,9,42,450,0.001,0.05,0.05,0.5329165038,Yes,26.64582519,1,Exact solution,488.8760136,No,0.000585199,0.05213650356,0.02084115209,0.345486,0.008262857,10,488.8760136,0.01742080335,20,391.6937579,0,2,89
Apartment_env.dae,direct,RRT,No,10,42,450,0.001,0.05,0.05,0.5329165038,Yes,26.64582519,1,Exact solution,491.7165579,No,0.000268669,0.02393623755,0.009568320331,0.345486,0.008262857,10,491.7165579,0.01817010063,20,391.6937579,0,2,67
Apartment_env.dae,direct,RRT,No,1,42,450,0.001,0.05,0.2,0.5329165038,Yes,106.5833008,1,Exact solution,396.5600416,No,8.002e-05,0.007926639879,0.003436477196,0.258257,0.005828904,10,396.5600416,1.721171432e-05,5,391.6937579,0,2,8
Apartment_env.dae,direct,RRT,No,2,42,450,0.001,0.05,0.2,0.5329165038,Yes,106.5833008,1,Exact solution,517.8391055,No,0.000476868,0.04723770189,0.02047920529,0.258257,0.005828904,10,517.8391055,0.004138077539,8,391.6937579,0,2,36
Apartment_env.dae,direct,RRT,No,3,42,450,0.001,0.05,0.2,0.5329165038,Yes,106.5833008,1,Exact solution,427.8312322,No,0.000219699,0.02176299493,0.009435023788,0.258257,0.005828904,10,427.8312322,0.0001279815178,6,391.6937579,0,2,20
Apartment_env.dae,direct,RRT,No,4,42,450,0.001,0.05,0.2,0.5329165038,Yes,106.5833008,1,Exact solution,537.306485,No,0.000499979,0.04952703674,0.02147171247,0.258257,0.005828904,10,537.306485,0.002857499958,9,391.6937579,0,2,15
Apartment_env.dae,direct,RRT,No,5,42,450,0.001,0.05,0.2,0.5329165038,Yes,106.5833008,1,Exact solution,484.5836614,No,0.000153609,0.01521623625,0.006596773627,0.258257,0.005828904,10,484.5836614,0.0001807669379,6,391.6937579,0,2,15
Apartment_env.dae,direct,RRT,No,6,42,450,0.001,0.05,0.2,0.5329165038,Yes,106.5833008,1,Exact solution,444.5829747,No,0.00011823,0.011711655,0.005077414383,0.258257,0.005828904,10,444.5829747,0.0002584842701,6,391.6937579,0,2,8
Apartment_env.dae,direct,RRT,No,7,42,450,0.001,0.05,0.2,0.5329165038,Yes,106.5833008,1,Exact solution,455.7635674,No,0.0001588,0.01573044755,0.006819702309,0.258257,0.005828904,10,455.7635674,0.001204882754,8,391.6937579,0,2,20
Apartment_env.dae,direct,RRT,No,8,42,450,0.001,0.05,0.2,0.5329165038,Yes,106.5833008,1,Exact solution,427.2017246,No,5.95e-05,0.005893964918,0.002555241104,0.258257,0.005828904,10,427.2017246,0.0006100314101,6,391.6937579,0,2,6
Apartment_env.dae,direct,RRT,No,9,42,450,0.001,0.05,0.2,0.5329165038,Yes,106.5833008,1,Exact solution,489.928098,No,0.000654068,0.06479082095,0.02808909981,0.258257,0.005828904,10,489.928098,0.0007284536645,7,391.6937579,0,2,57
Apartment_env.dae,direct,RRT,No,10,42,450,0.001,0.05,0.2,0.5329165038,Yes,106.5833008,1,Exact solution,547.0216446,No,0.00018635,0.01845950189,0.008002843358,0.258257,0.005828904,10,547.0216446,0.0007871475146,7,391.6937579,0,2,8
Apartment_env.dae,direct,RRT,No,1,42,450,0.001,0.05,0.5,0.5329165038,Yes,266.4582519,1,Exact solution,391.6937579,No,0.00010929,0.01132752862,0.005213334527,0.221546,0.004764637,10,391.6937579,0,3,391.6937579,0,2,9
Apartment_env.dae,direct,RRT,No,2,42,450,0.001,0.05,0.5,0.5329165038,Yes,266.4582519,1,Exact solution,479.8440249,No,0.000330729,0.03427891128,0.01577638315,0.221546,0.004764637,10,479.8440249,5.215843745e-05,5,391.6937579,0,2,19
Apartment_env.dae,direct,RRT,No,3,42,450,0.001,0.05,0.5,0.5329165038,Yes,266.4582519,1,Exact solution,771.5167268,No,0.000371719,0.0385273823,0.01773168174,0.221546,0.004764637,10,771.5167268,0.001228906177,8,391.6937579,0,2,20
Apartment_env.dae,direct,RRT,No,4,42,450,0.001,0.05,0.5,0.5329165038,Yes,266.4582519,1,Exact solution,586.0582782,No,0.000322729,0.03344973908,0.0153947684,0.221546,0.004764637,10,586.0582782,0.01763652555,8,391.6937579,0,2,19
Apartment_env.dae,direct,RRT,No,5,42,450,0.001,0.05,0.5,0.5329165038,Yes,266.4582519,1,Exact solution,455.575532,No,0.000463649,0.04805560726,0.02211691225,0.221546,0.004764637,10,455.575532,5.033881866e-05,4,391.6937579,0,2,15
Apartment_env.dae,direct,RRT,No,6,42,450,0.001,0.05,0.5,0.5329165038,Yes,266.4582519,1,Exact solution,499.8821634,No,9.648e-05,0.009999816647,0.004602273906,0.221546,0.004764637,10,499.8821634,3.186119422e-05,4,391.6937579,0,2,8
Apartment_env.dae,direct,RRT,No,7,42,450,0.001,0.05,0.5,0.5329165038,Yes,266.4582519,1,Exact solution,398.2135736,No,7.57e-05,0.007846041876,0.003611029588,0.221546,0.004764637,10,398.2135736,4.940260532e-05,4,391.6937579,0,2,5
Apartment_env.dae,direct,RRT,No,8,42,450,0.001,0.05,0.5,0.5329165038,Yes,266.4582519,1,Exact solution,542.2131268,No,0.000141099,0.01462442091,0.006730682481,0.221546,0.004764637,10,542.2131268,0.006100024206,6,391.6937579,0,2,13
Apartment_env.dae,direct,RRT,No,9,42,450,0.001,0.05,0.5,0.5329165038,Yes,266.4582519,1,Exact solution,693.0243448,No,0.00018556,0.01923264902,0.008851554166,0.221546,0.004764637,10,693.0243448,0.0004564203051,6,391.6937579,0,2,14
Apartment_env.dae,direct,RRT,No,10,42,450,0.001,0.05,0.5,0.5329165038,Yes,266.4582519,1,Exact solution,391.6937579,No,4.056e-05,0.004203903018,0.001934786791,0.221546,0.004764637,10,391.6937579,0,3,391.6937579,0,2,4
Apartment_env.dae,direct,RRT,No,1,42,450,0.001,0.15,0.05,0.5329165038,Yes,26.64582519,1,Exact solution,507.099887,No,0.000663618,0.06975774939,0.02690509505,0.259188,0.006343983,10,507.099887,0.02162972755,21,391.6937579,0,2,87
Apartment_env.dae,direct,RRT,No,2,42,450,0.001,0.15,0.05,0.5329165038,Yes,26.64582519,1,Exact solution,498.6944548,No,0.000298349,0.03136164898,0.01209597721,0.259188,0.006343983,10,498.6944548,0.01676540096,20,391.6937579,0,2,58
Apartment_env.dae,direct,RRT,No,3,42,450,0.001,0.15,0.05,0.5329165038,Yes,26.64582519,1,Exact solution,465.4639812,No,0.0001341,0.01409623336,0.005436822458,0.259188,0.006343983,10,465.4639812,0.01331847775,19,391.6937579,0,2,44
Apartment_env.dae,direct,RRT,No,4,42,450,0.001,0.15,0.05,0.5329165038,Yes,26.64582519,1,Exact solution,498.8355197,No,0.000315189,0.03313182474,0.0127787221,0.259188,0.006343983,10,498.8355197,0.01831698873,20,391.6937579,0,2,64
Apartment_env.dae,direct,RRT,No,5,42,450,0.001,0.15,0.05,0.5329165038,Yes,26.64582519,1,Exact solution,467.8365645,No,9.457e-05,0.009940945483,0.003834155852,0.259188,0.006343983,10,467.8365645,0.01547774041,19,391.6937579,0,2,34
Apartment_env.dae,direct,RRT,No,6,42,450,0.001,0.15,0.05,0.5329165038,Yes,26.64582519,1,Exact solution,438.6463254,No,0.000147249,0.01547842108,0.005969922968,0.259188,0.006343983,10,438.6463254,0.009417392423,18,391.6937579,0,2,43
Apartment_env.dae,direct,RRT,No,7,42,450,0.001,0.15,0.05,0.5329165038,Yes,26.64582519,1,Exact solution,433.9712563,No,0.0001185,0.01245640309,0.004804350941,0.259188,0.006343983,10,433.9712563,0.00790898162,18,391.6937579,0,2,30
Apartment_env.dae,direct,RRT,No,8,42,450,0.001,0.15,0.05,0.5329165038,Yes,26.64582519,1,Exact solution,510.7887582,No,0.000242989,0.02554235383,0.009851514184,0.259188,0.006343983,10,510.7887582,0.02482129716,21,391.6937579,0,2,67
Apartment_env.dae,direct,RRT,No,9,42,450,0.001,0.15,0.05,0.5329165038,Yes,26.64582519,1,Exact solution,481.9700199,No,0.000198739,0.02089091218,0.008057484403,0.259188,0.006343983,10,481.9700199,0.0203919353,20,391.6937579,0,2,36
Apartment_env.dae,direct,RRT,No,10,42,450,0.001,0.15,0.05,0.5329165038,Yes,26.64582519,1,Exact solution,488.6077695,No,0.000252399,0.02653150787,0.01023302425,0.259188,0.006343983,10,488.6077695,0.01839034397,20,391.6937579,0,2,74
Apartment_env.dae,direct,RRT,No,1,42,450,0.001,0.15,0.2,0.5329165038,Yes,106.5833008,1,Exact solution,414.7023439,No,7.19e-05,0.0134113743,0.006603356671,0.2141,0.004330379,10,414.7023439,0.0001101168089,5,391.6937579,0,2,6
Apartment_env.dae,direct,RRT,No,2,42,450,0.001,0.15,0.2,0.5329165038,Yes,106.5833008,1,Exact solution,543.7767285,No,0.00025345,0.04727556072,0.02327706187,0.2141,0.004330379,10,543.7767285,0.001572431983,8,391.6937579,0,2,19
Apartment_env.dae,direct,RRT,No,3,42,450,0.001,0.15,0.2,0.5329165038,Yes,106.5833008,1,Exact solution,462.5681303,No,7.3909e-05,0.01378610936,0.006787864927,0.2141,0.004330379,10,462.5681303,0.000303648434,6,391.6937579,0,2,8
Apartment_env.dae,direct,RRT,No,4,42,450,0.001,0.15,0.2,0.5329165038,Yes,106.5833008,1,Exact solution,415.2980167,No,5.6859e-05,0.01060580433,0.005221978539,0.2141,0.004330379,10,415.2980167,0.0001715057035,6,391.6937579,0,2,8
Apartment_env.dae,direct,RRT,No,5,42,450,0.001,0.15,0.2,0.5329165038,Yes,106.5833008,1,Exact solution,509.329377,No,0.000144679,0.02698670684,0.01328744144,0.2141,0.004330379,10,509.329377,0.002545953437,7,391.6937579,0,2,12
Apartment_env.dae,direct,RRT,No,6,42,450,0.001,0.15,0.2,0.5329165038,Yes,106.5833008,1,Exact solution,458.2104468,No,0.000155329,0.02897323169,0.01426554643,0.2141,0.004330379,10,458.2104468,0.0007278489933,6,391.6937579,0,2,16
Apartment_env.dae,direct,RRT,No,7,42,450,0.001,0.15,0.2,0.5329165038,Yes,106.5833008,1,Exact solution,391.6937579,No,7.966e-05,0.01485883277,0.007316041619,0.2141,0.004330379,10,391.6937579,0,5,391.6937579,0,2,7
Apartment_env.dae,direct,RRT,No,8,42,450,0.001,0.15,0.2,0.5329165038,Yes,106.5833008,1,Exact solution,599.7687882,No,0.00012475,0.02326938725,0.01145714527,0.2141,0.004330379,10,599.7687882,0.0007738440236,7,391.6937579,0,2,13
Apartment_env.dae,direct,RRT,No,9,42,450,0.001,0.15,0.2,0.5329165038,Yes,106.5833008,1,Exact solution,407.9283476,No,6.311e-05,0.01177179182,0.005796075654,0.2141,0.004330379,10,407.9283476,6.55197891e-05,5,391.6937579,0,2,6
Apartment_env.dae,direct,RRT,No,10,42,450,0.001,0.15,0.2,0.5329165038,Yes,106.5833008,1,Exact solution,391.6937579,No,0.00012417,0.02316120092,0.01140387758,0.2141,0.004330379,10,391.6937579,0,5,391.6937579,0,2,7
Apartment_env.dae,direct,RRT,No,1,42,450,0.001,0.15,0.5,0.5329165038,Yes,266.4582519,1,Exact solution,407.5708338,No,9.215e-05,0.007119670713,0.002058394626,0.086162,0.002440494,10,407.5708338,0.0001911650175,5,391.6937579,0,2,8
Apartment_env.dae,direct,RRT,No,2,42,450,0.001,0.15,0.5,0.5329165038,Yes,266.4582519,1,Exact solution,439.2223988,No,0.000189339,0.01462866341,0.004229347587,0.086162,0.002440494,10,439.2223988,0.0003689088541,4,391.6937579,0,2,10
Apartment_env.dae,direct,RRT,No,3,42,450,0.001,0.15,0.5,0.5329165038,Yes,266.4582519,1,Exact solution,402.9275755,No,0.000106109,0.008198167549,0.00237020288,0.086162,0.002440494,10,402.9275755,6.176191e-06,3,391.6937579,0,2,6
Apartment_env.dae,direct,RRT,No,4,42,450,0.001,0.15,0.5,0.5329165038,Yes,266.4582519,1,Exact solution,448.7984705,No,0.00010813,0.008354313556,0.002415346836,0.086162,0.002440494,10,448.7984705,0.0003386575043,4,391.6937579,0,2,8
Apartment_env.dae,direct,RRT,No,5,42,450,0.001,0.15,0.5,0.5329165038,Yes,266.4582519,1,Exact solution,391.6937579,No,0.00011623,0.00898013377,0.002596280059,0.086162,0.002440494,10,391.6937579,0,3,391.6937579,0,2,8
Apartment_env.dae,direct,RRT,No,6,42,450,0.001,0.15,0.5,0.5329165038,Yes,266.4582519,1,Exact solution,407.3470056,No,0.000122639,0.009475304357,0.002739440679,0.086162,0.002440494,10,407.3470056,0.000234505444,4,391.6937579,0,2,10
Apartment_env.dae,direct,RRT,No,7,42,450,0.001,0.15,0.5,0.5329165038,Yes,266.4582519,1,Exact solution,450.462985,No,0.0001021,0.007888425174,0.002280652104,0.086162,0.002440494,10,450.462985,0.0001725551353,4,391.6937579,0,2,8
Apartment_env.dae,direct,RRT,No,8,42,450,0.001,0.15,0.5,0.5329165038,Yes,266.4582519,1,Exact solution,391.6937579,No,4.195e-05,0.003241130617,0.0009370553942,0.086162,0.002440494,10,391.6937579,0,3,391.6937579,0,2,3
Apartment_env.dae,direct,RRT,No,9,42,450,0.001,0.15,0.5,0.5329165038,Yes,266.4582519,1,Exact solution,404.257142,No,8.428e-05,0.006511620702,0.001882599014,0.086162,0.002440494,10,404.257142,6.822991093e-06,3,391.6937579,0,2,3
Apartment_env.dae,direct,RRT,No,10,42,450,0.001,0.15,0.5,0.5329165038,Yes,266.4582519,1,Exact solution,429.756797,No,0.000152269,0.01176457015,0.003401298875,0.086162,0.002440494,10,429.756797,0.0003023914389,4,391.6937579,0,2,12
Apartment_env.dae,direct,RRTConnect,No,1,42,450,0.001,-1,0.05,0.5329165038,No,26.64582519,1,Exact solution,405.8494258,No,4.635e-05,0.01806333527,0.006163338571,0.166724,0.004376318,10,405.8494258,0.007416689661,17,391.6937579,0,2,19
Apartment_env.dae,direct,RRTConnect,No,2,42,450,0.001,-1,0.05,0.5329165038,No,26.64582519,1,Exact solution,431.5858579,No,4.207e-05,0.01639535092,0.005594210435,0.166724,0.004376318,10,431.5858579,0.02171812367,18,391.6937579,0,2,20
Apartment_env.dae,direct,RRTConnect,No,3,42,450,0.001,-1,0.05,0.5329165038,No,26.64582519,1,Exact solution,439.993827,No,6.649e-05,0.02591221494,0.008841432181,0.166724,0.004376318,10,439.993827,0.01074154029,18,391.6937579,0,2,22
Apartment_env.dae,direct,RRTConnect,No,4,42,450,0.001,-1,0.05,0.5329165038,No,26.64582519,1,Exact solution,392.2668258,No,3.7419e-05,0.01458278193,0.004975748996,0.166724,0.004376318,10,392.2668258,8.800304672e-05,16,391.6937579,0,2,17
Apartment_env.dae,direct,RRTConnect,No,5,42,450,0.001,-1,0.05,0.5329165038,No,26.64582519,1,Exact solution,392.4012525,No,3.724e-05,0.01451302277,0.004951946675,0.166724,0.004376318,10,392.4012525,0.0001080893108,16,391.6937579,0,2,17
Apartment_env.dae,direct,RRTConnect,No,6,42,450,0.001,-1,0.05,0.5329165038,No,26.64582519,1,Exact solution,391.8045787,No,3.512e-05,0.01368682491,0.004670042084,0.166724,0.004376318,10,391.8045787,1.732409093e-05,16,391.6937579,0,2,17
Apartment_env.dae,direct,RRTConnect,No,7,42,450,0.001,-1,0.05,0.5329165038,No,26.64582519,1,Exact solution,439.322998,No,5.385e-05,0.02098620506,0.007160642547,0.166724,0.004376318,10,439.322998,0.01579779313,18,391.6937579,0,2,23
Apartment_env.dae,direct,RRTConnect,No,8,42,450,0.001,-1,0.05,0.5329165038,No,26.64582519,1,Exact solution,399.3976393,No,3.858e-05,0.01503524218,0.005130131652,0.166724,0.004376318,10,399.3976393,0.001463607732,16,391.6937579,0,2,18
Apartment_env.dae,direct,RRTConnect,No,9,42,450,0.001,-1,0.05,0.5329165038,No,26.64582519,1,Exact solution,391.8024294,No,3.486e-05,0.01358549876,0.00463546888,0.166724,0.004376318,10,391.8024294,1.698951332e-05,16,391.6937579,0,2,17
Apartment_env.dae,direct,RRTConnect,No,10,42,450,0.001,-1,0.05,0.5329165038,No,26.64582519,1,Exact solution,413.9576119,No,3.583e-05,0.01396352325,0.004764453527,0.166724,0.004376318,10,413.9576119,0.007891600283,17,391.6937579,0,2,18
Apartment_env.dae,direct,RRTConnect,No,1,42,450,0.001,-1,0.2,0.5329165038,No,106.5833008,1,Exact solution,526.9351033,No,6.851e-05,0.01518400701,0.00603428471,0.171851,0.004126059,10,526.9351033,0.0007807392334,7,391.6937579,0,2,8
Apartment_env.dae,direct,RRTConnect,No,2,42,450,0.001,-1,0.2,0.5329165038,No,106.5833008,1,Exact solution,394.931632,No,3.114e-05,0.006901619884,0.002742776614,0.171851,0.004126059,10,394.931632,1.010375981e-05,5,391.6937579,0,2,6
Apartment_env.dae,direct,RRTConnect,No,3,42,450,0.001,-1,0.2,0.5329165038,No,106.5833008,1,Exact solution,544.3688668,No,7.53e-05,0.01668888816,0.006632340368,0.171851,0.004126059,10,544.3688668,0.001208647687,7,391.6937579,0,2,9
Apartment_env.dae,direct,RRTConnect,No,4,42,450,0.001,-1,0.2,0.5329165038,No,106.5833008,1,Exact solution,601.1342526,No,0.000217559,0.04821803212,0.01916235509,0.171851,0.004126059,10,601.1342526,0.001900221503,8,391.6937579,0,2,15
Apartment_env.dae,direct,RRTConnect,No,5,42,450,0.001,-1,0.2,0.5329165038,No,106.5833008,1,Exact solution,393.2848596,No,3.073e-05,0.006810750772,0.00270666427,0.171851,0.004126059,10,393.2848596,5.056684774e-06,5,391.6937579,0,2,6
Apartment_env.dae,direct,RRTConnect,No,6,42,450,0.001,-1,0.2,0.5329165038,No,106.5833008,1,Exact solution,558.9417053,No,0.00012947,0.02869469256,0.0114035738,0.171851,0.004126059,10,558.9417053,0.0009447410182,7,391.6937579,0,2,10
Apartment_env.dae,direct,RRTConnect,No,7,42,450,0.001,-1,0.2,0.5329165038,No,106.5833008,1,Exact solution,510.8181363,No,5.184e-05,0.01148940189,0.004566009624,0.171851,0.004126059,10,510.8181363,0.0005405270991,6,391.6937579,0,2,7
Apartment_env.dae,direct,RRTConnect,No,8,42,450,0.001,-1,0.2,0.5329165038,No,106.5833008,1,Exact solution,393.0355081,No,5.511e-05,0.01221413846,0.004854027592,0.171851,0.004126059,10,393.0355081,4.276121456e-06,5,391.6937579,0,2,6
Apartment_env.dae,direct,RRTConnect,No,9,42,450,0.001,-1,0.2,0.5329165038,No,106.5833008,1,Exact solution,407.4133984,No,3.913e-05,0.008672459411,0.00344652694,0.171851,0.004126059,10,407.4133984,7.844324489e-05,5,391.6937579,0,2,6
Apartment_env.dae,direct,RRTConnect,No,10,42,450,0.001,-1,0.2,0.5329165038,No,106.5833008,1,Exact solution,433.5481238,No,7.66e-05,0.01697700973,0.006746842924,0.171851,0.004126059,10,433.5481238,0.0001598048462,6,391.6937579,0,2,8
Apartment_env.dae,direct,RRTConnect,No,1,42,450,0.001,-1,0.5,0.5329165038,No,266.4582519,1,Exact solution,399.4996211,No,4.7659e-05,0.0130228445,0.007702135132,0.141106,0.002297053,10,399.4996211,4.431218947e-06,3,391.6937579,0,2,4
Apartment_env.dae,direct,RRTConnect,No,2,42,450,0.001,-1,0.5,0.5329165038,No,266.4582519,1,Exact solution,427.5161395,No,4.342e-05,0.01186453573,0.007017073532,0.141106,0.002297053,10,427.5161395,0.0001222504269,4,391.6937579,0,2,5
Apartment_env.dae,direct,RRTConnect,No,3,42,450,0.001,-1,0.5,0.5329165038,No,266.4582519,1,Exact solution,472.3845146,No,4.737e-05,0.01294387511,0.00765543006,0.141106,0.002297053,10,472.3845146,2.570634173e-05,3,391.6937579,0,2,4
Apartment_env.dae,direct,RRTConnect,No,4,42,450,0.001,-1,0.5,0.5329165038,No,266.4582519,1,Exact solution,724.9920741,No,8.746e-05,0.02389848675,0.0141343448,0.141106,0.002297053,10,724.9920741,0.0004053573191,5,391.6937579,0,2,7
Apartment_env.dae,direct,RRTConnect,No,5,42,450,0.001,-1,0.5,0.5329165038,No,266.4582519,1,Exact solution,403.8623187,No,3.664e-05,0.01001189749,0.005921362833,0.141106,0.002297053,10,403.8623187,7.320550094e-05,4,391.6937579,0,2,5
Apartment_env.dae,direct,RRTConnect,No,6,42,450,0.001,-1,0.5,0.5329165038,No,266.4582519,1,Exact solution,418.6072136,No,4.396e-05,0.01201209098,0.007104342525,0.141106,0.002297053,10,418.6072136,0.0001130242771,4,391.6937579,0,2,5
Apartment_env.dae,direct,RRTConnect,No,7,42,450,0.001,-1,0.5,0.5329165038,No,266.4582519,1,Exact solution,394.3061811,No,4.314e-05,0.01178802559,0.006971822942,0.141106,0.002297053,10,394.3061811,1.365915436e-06,3,391.6937579,0,2,4
Apartment_env.dae,direct,RRTConnect,No,8,42,450,0.001,-1,0.5,0.5329165038,No,266.4582519,1,Exact solution,523.7772066,No,9.509e-05,0.02598338789,0.01536742336,0.141106,0.002297053,10,523.7772066,0.0006455141922,5,391.6937579,0,2,7
Apartment_env.dae,direct,RRTConnect,No,9,42,450,0.001,-1,0.5,0.5329165038,No,266.4582519,1,Exact solution,394.8413704,No,3.78e-05,0.01032886804,0.00610882956,0.141106,0.002297053,10,394.8413704,1.86815844e-06,3,391.6937579,0,2,4
Apartment_env.dae,direct,RRTConnect,No,10,42,450,0.001,-1,0.5,0.5329165038,No,266.4582519,1,Exact solution,397.4628599,No,3.3859e-05,0.009251987912,0.005471927515,0.141106,0.002297053,10,397.4628599,3.33887537e-06,3,391.6937579,0,2,4
Apartment_env.dae,direct,LazyRRT,No,1,42,450,0.001,0.02,0.05,0.5329165038,Yes,26.64582519,1,Exact solution,531.5287064,No,0.001725265,0.07620531404,0.03042558209,4.991853,0.119484516,10,531.5287064,0.01712059697,22,391.6937579,0,2,222
Apartment_env.dae,direct,LazyRRT,No,2,42,450,0.001,0.02,0.05,0.5329165038,Yes,26.64582519,1,Exact solution,606.4554809,No,0.004078969,0.1801689095,0.07193388039,4.991853,0.119484516,10,606.4554809,0.04941572023,25,391.6937579,0,2,235
Apartment_env.dae,direct,LazyRRT,No,3,42,450,0.001,0.02,0.05,0.5329165038,Yes,26.64582519,1,Exact solution,814.501286,No,0.064171536,2.834470098,1.131684893,4.991853,0.119484516,10,814.501286,0.09675931591,35,391.6937579,0,2,931
Apartment_env.dae,direct,LazyRRT,No,4,42,450,0.001,0.02,0.05,0.5329165038,Yes,26.64582519,1,Exact solution,654.3324576,No,0.015988317,0.7062072887,0.2819589173,4.991853,0.119484516,10,654.3324576,0.05654554766,28,391.6937579,0,2,362
Apartment_env.dae,direct,LazyRRT,No,5,42,450,0.001,0.02,0.05,0.5329165038,Yes,26.64582519,1,Exact solution,549.0715089,No,0.000987118,0.04360120746,0.01740813136,4.991853,0.119484516,10,549.0715089,0.02953402209,22,391.6937579,0,2,338
Apartment_env.dae,direct,LazyRRT,No,6,42,450,0.001,0.02,0.05,0.5329165038,Yes,26.64582519,1,Exact solution,596.776634,No,0.002648833,0.1169995048,0.04671298953,4.991853,0.119484516,10,596.776634,0.04673549096,24,391.6937579,0,2,187
Apartment_env.dae,direct,LazyRRT,No,7,42,450,0.001,0.02,0.05,0.5329165038,Yes,26.64582519,1,Exact solution,446.5193285,No,0.00011302,0.004992116917,0.00199314267,4.991853,0.119484516,10,446.5193285,0.01084395982,18,391.6937579,0,2,97
Apartment_env.dae,direct,LazyRRT,No,8,42,450,0.001,0.02,0.05,0.5329165038,Yes,26.64582519,1,Exact solution,512.8903704,No,0.000728738,0.03218850909,0.01285152011,4.991853,0.119484516,10,512.8903704,0.0232513402,21,391.6937579,0,2,210
Apartment_env.dae,direct,LazyRRT,No,9,42,450,0.001,0.02,0.05,0.5329165038,Yes,26.64582519,1,Exact solution,679.8318674,No,0.016702365,0.7377469374,0.2945513747,4.991853,0.119484516,10,679.8318674,0.05828303468,29,391.6937579,0,2,582
Apartment_env.dae,direct,LazyRRT,No,10,42,450,0.001,0.02,0.05,0.5329165038,Yes,26.64582519,1,Exact solution,524.8248581,No,0.005869864,0.2592731143,0.1035168678,4.991853,0.119484516,10,524.8248581,0.04950665567,22,391.6937579,0,2,470
Apartment_env.dae,direct,LazyRRT,No,1,42,450,0.001,0.02,0.2,0.5329165038,Yes,106.5833008,1,Exact solution,675.7561082,No,0.008142388,0.3936579771,0.1606140445,1.764419,0.041618107,10,675.7561082,0.008449005959,14,391.6937579,0,2,252
Apartment_env.dae,direct,LazyRRT,No,2,42,450,0.001,0.02,0.2,0.5329165038,Yes,106.5833008,1,Exact solution,555.9771947,No,0.003347131,0.1618228975,0.06602439571,1.764419,0.041618107,10,555.9771947,0.02233771293,12,391.6937579,0,2,174
Apartment_env.dae,direct,LazyRRT,No,3,42,450,0.001,0.02,0.2,0.5329165038,Yes,106.5833008,1,Exact solution,650.2635469,No,0.002741913,0.1325625756,0.05408606622,1.764419,0.041618107,10,650.2635469,0.01198022058,15,391.6937579,0,2,221
Apartment_env.dae,direct,LazyRRT,No,4,42,450,0.001,0.02,0.2,0.5329165038,Yes,106.5833008,1,Exact solution,638.0356105,No,0.005703044,0.2757236286,0.112496354,1.764419,0.041618107,10,638.0356105,0.01037065284,14,391.6937579,0,2,458
Apartment_env.dae,direct,LazyRRT,No,5,42,450,0.001,0.02,0.2,0.5329165038,Yes,106.5833008,1,Exact solution,614.1910142,No,0.003095712,0.1496676066,0.06106498792,1.764419,0.041618107,10,614.1910142,0.01881657647,15,391.6937579,0,2,165
Apartment_env.dae,direct,LazyRRT,No,6,42,450,0.001,0.02,0.2,0.5329165038,Yes,106.5833008,1,Exact solution,668.7859016,No,0.008719746,0.4215713586,0.1720028169,1.764419,0.041618107,10,668.7859016,0.02248928596,15,391.6937579,0,2,484
Apartment_env.dae,direct,LazyRRT,No,7,42,450,0.001,0.02,0.2,0.5329165038,Yes,106.5833008,1,Exact solution,537.8703799,No,0.00027297,0.01319721168,0.005384515663,1.764419,0.041618107,10,537.8703799,0.002663451615,10,391.6937579,0,2,100
Apartment_env.dae,direct,LazyRRT,No,8,42,450,0.001,0.02,0.2,0.5329165038,Yes,106.5833008,1,Exact solution,410.2272716,No,0.000862268,0.04168785332,0.01700881251,1.764419,0.041618107,10,410.2272716,7.084027683e-05,6,391.6937579,0,2,92
Apartment_env.dae,direct,LazyRRT,No,9,42,450,0.001,0.02,0.2,0.5329165038,Yes,106.5833008,1,Exact solution,612.7918166,No,0.003275151,0.1583428986,0.06460454211,1.764419,0.041618107,10,612.7918166,0.01604490639,13,391.6937579,0,2,180
Apartment_env.dae,direct,LazyRRT,No,10,42,450,0.001,0.02,0.2,0.5329165038,Yes,106.5833008,1,Exact solution,557.6123954,No,0.000334769,0.01618499233,0.006603542236,1.764419,0.041618107,10,557.6123954,0.01453996801,11,391.6937579,0,2,249
Apartment_env.dae,direct,LazyRRT,No,1,42,450,0.001,0.02,0.5,0.5329165038,Yes,266.4582519,1,Exact solution,526.9659029,No,0.001076587,0.05209003602,0.02201468482,1.896921,0.043638232,10,526.9659029,0.007763623931,12,391.6937579,0,2,167
Apartment_env.dae,direct,LazyRRT,No,2,42,450,0.001,0.02,0.5,0.5329165038,Yes,266.4582519,1,Exact solution,552.228695,No,0.021313202,1.031226886,0.4358249026,1.896921,0.043638232,10,552.228695,0.03586137021,15,391.6937579,0,2,344
Apartment_env.dae,direct,LazyRRT,No,3,42,450,0.001,0.02,0.5,0.5329165038,Yes,266.4582519,1,Exact solution,488.2217763,No,5.985e-05,0.002895807451,0.001223848037,1.896921,0.043638232,10,488.2217763,0.003240008984,6,391.6937579,0,2,48
Apartment_env.dae,direct,LazyRRT,No,4,42,450,0.001,0.02,0.5,0.5329165038,Yes,266.4582519,1,Exact solution,442.7060708,No,6.281e-05,0.00303902533,0.001284375859,1.896921,0.043638232,10,442.7060708,0.001779131124,6,391.6937579,0,2,43
Apartment_env.dae,direct,LazyRRT,No,5,42,450,0.001,0.02,0.5,0.5329165038,Yes,266.4582519,1,Exact solution,436.2218024,No,7.927e-05,0.003835432859,0.00162095963,1.896921,0.043638232,10,436.2218024,0.0002872967263,4,391.6937579,0,2,69
Apartment_env.dae,direct,LazyRRT,No,6,42,450,0.001,0.02,0.5,0.5329165038,Yes,266.4582519,1,Exact solution,608.6019907,No,0.002137984,0.1034451127,0.04371875557,1.896921,0.043638232,10,608.6019907,0.005923593995,12,391.6937579,0,2,160
Apartment_env.dae,direct,LazyRRT,No,7,42,450,0.001,0.02,0.5,0.5329165038,Yes,266.4582519,1,Exact solution,572.9324756,No,0.001460556,0.07066815283,0.02986630899,1.896921,0.043638232,10,572.9324756,0.003430964044,8,391.6937579,0,2,74
Apartment_env.dae,direct,LazyRRT,No,8,42,450,0.001,0.02,0.5,0.5329165038,Yes,266.4582519,1,Exact solution,667.0951113,No,0.009641244,0.4664859851,0.1971498336,1.896921,0.043638232,10,667.0951113,0.01999935026,15,391.6937579,0,2,617
Apartment_env.dae,direct,LazyRRT,No,9,42,450,0.001,0.02,0.5,0.5329165038,Yes,266.4582519,1,Exact solution,625.2665653,No,0.003163201,0.1530496412,0.06468299638,1.896921,0.043638232,10,625.2665653,0.0094301712,11,391.6937579,0,2,69
Apartment_env.dae,direct,LazyRRT,No,10,42,450,0.001,0.02,0.5,0.5329165038,Yes,266.4582519,1,Exact solution,462.4511737,No,0.0002105,0.01018492011,0.004304427932,1.896921,0.043638232,10,462.4511737,0.0037280314,8,391.6937579,0,2,99
Apartment_env.dae,direct,LazyRRT,No,1,42,450,0.001,0.05,0.05,0.5329165038,Yes,26.64582519,1,Exact solution,582.8811641,No,0.002972132,0.1351182489,0.05573355406,5.549777,0.129915257,10,582.8811641,0.02603491355,24,391.6937579,0,2,269
Apartment_env.dae,direct,LazyRRT,No,2,42,450,0.001,0.05,0.05,0.5329165038,Yes,26.64582519,1,Exact solution,517.4458465,No,0.001294777,0.05886279645,0.02427971703,5.549777,0.129915257,10,517.4458465,0.03051583892,21,391.6937579,0,2,162
Apartment_env.dae,direct,LazyRRT,No,3,42,450,0.001,0.05,0.05,0.5329165038,Yes,26.64582519,1,Exact solution,590.606782,No,0.000842948,0.03832187052,0.01580699913,5.549777,0.129915257,10,590.606782,0.03733712325,24,391.6937579,0,2,206
Apartment_env.dae,direct,LazyRRT,No,4,42,450,0.001,0.05,0.05,0.5329165038,Yes,26.64582519,1,Exact solution,648.4631903,No,0.082737345,3.76138246,1.551494446,5.549777,0.129915257,10,648.4631903,0.07285674944,28,391.6937579,0,2,2040
Apartment_env.dae,direct,LazyRRT,No,5,42,450,0.001,0.05,0.05,0.5329165038,Yes,26.64582519,1,Exact solution,518.0743887,No,0.00014389,0.006541487671,0.002698231806,5.549777,0.129915257,10,518.0743887,0.05805952577,22,391.6937579,0,2,108
Apartment_env.dae,direct,LazyRRT,No,6,42,450,0.001,0.05,0.05,0.5329165038,Yes,26.64582519,1,Exact solution,697.7895657,No,0.011656929,0.5299441054,0.2185912613,5.549777,0.129915257,10,697.7895657,0.07570469807,29,391.6937579,0,2,454
Apartment_env.dae,direct,LazyRRT,No,7,42,450,0.001,0.05,0.05,0.5329165038,Yes,26.64582519,1,Exact solution,631.0003048,No,0.013436344,0.6108393816,0.2519589321,5.549777,0.129915257,10,631.0003048,0.03391546266,26,391.6937579,0,2,516
Apartment_env.dae,direct,LazyRRT,No,8,42,450,0.001,0.05,0.05,0.5329165038,Yes,26.64582519,1,Exact solution,523.016714,No,0.003574761,0.162514803,0.0670340804,5.549777,0.129915257,10,523.016714,0.02065892192,22,391.6937579,0,2,283
Apartment_env.dae,direct,LazyRRT,No,9,42,450,0.001,0.05,0.05,0.5329165038,Yes,26.64582519,1,Exact solution,635.1972352,No,0.00360218,0.1637613181,0.06754824273,5.549777,0.129915257,10,635.1972352,0.02419292885,26,391.6937579,0,2,299
Apartment_env.dae,direct,LazyRRT,No,10,42,450,0.001,0.05,0.05,0.5329165038,Yes,26.64582519,1,Exact solution,609.7253924,No,0.001814505,0.08249052808,0.03402568005,5.549777,0.129915257,10,609.7253924,0.02035300086,25,391.6937579,0,2,214
Apartment_env.dae,direct,LazyRRT,No,1,42,450,0.001,0.05,0.2,0.5329165038,Yes,106.5833008,1,Exact solution,608.8940247,No,0.001366536,0.09982050009,0.04475306466,0.466345,0.010250482,10,608.8940247,0.01262813546,13,391.6937579,0,2,154
Apartment_env.dae,direct,LazyRRT,No,2,42,450,0.001,0.05,0.2,0.5329165038,Yes,106.5833008,1,Exact solution,521.8571437,No,0.000357629,0.02612350178,0.01171209083,0.466345,0.010250482,10,521.8571437,0.005387021044,10,391.6937579,0,2,53
Apartment_env.dae,direct,LazyRRT,No,3,42,450,0.001,0.05,0.2,0.5329165038,Yes,106.5833008,1,Exact solution,607.8975309,No,0.000279749,0.02043465015,0.009161577217,0.466345,0.010250482,10,607.8975309,0.003324438541,9,391.6937579,0,2,44
Apartment_env.dae,direct,LazyRRT,No,4,42,450,0.001,0.05,0.2,0.5329165038,Yes,106.5833008,1,Exact solution,689.2185151,No,0.000353899,0.0258510388,0.01158993603,0.466345,0.010250482,10,689.2185151,0.00487989127,10,391.6937579,0,2,52
Apartment_env.dae,direct,LazyRRT,No,5,42,450,0.001,0.05,0.2,0.5329165038,Yes,106.5833008,1,Exact solution,594.5528759,No,0.000760588,0.0555581957,0.02490870635,0.466345,0.010250482,10,594.5528759,0.006665479506,11,391.6937579,0,2,161
Apartment_env.dae,direct,LazyRRT,No,6,42,450,0.001,0.05,0.2,0.5329165038,Yes,106.5833008,1,Exact solution,547.7226263,No,0.000226319,0.01653178237,0.0074117834,0.466345,0.010250482,10,547.7226263,0.0004616699568,7,391.6937579,0,2,40
Apartment_env.dae,direct,LazyRRT,No,7,42,450,0.001,0.05,0.2,0.5329165038,Yes,106.5833008,1,Exact solution,659.5920282,No,0.002047855,0.1495883827,0.06706576864,0.466345,0.010250482,10,659.5920282,0.01533263909,14,391.6937579,0,2,113
Apartment_env.dae,direct,LazyRRT,No,8,42,450,0.001,0.05,0.2,0.5329165038,Yes,106.5833008,1,Exact solution,787.969031,No,0.000274169,0.02002705138,0.008978836257,0.466345,0.010250482,10,787.969031,0.004839493681,11,391.6937579,0,2,61
Apartment_env.dae,direct,LazyRRT,No,9,42,450,0.001,0.05,0.2,0.5329165038,Yes,106.5833008,1,Exact solution,477.2248902,No,0.000646308,0.04721045605,0.02116611909,0.466345,0.010250482,10,477.2248902,0.001030256145,8,391.6937579,0,2,59
Apartment_env.dae,direct,LazyRRT,No,10,42,450,0.001,0.05,0.2,0.5329165038,Yes,106.5833008,1,Exact solution,400.9183356,No,7.118e-05,0.005199440919,0.002331093467,0.466345,0.010250482,10,400.9183356,7.268906442e-05,6,391.6937579,0,2,32
Apartment_env.dae,direct,LazyRRT,No,1,42,450,0.001,0.05,0.5,0.5329165038,Yes,266.4582519,1,Exact solution,447.2066654,No,0.000175019,0.01110116952,0.004783771144,0.519383,0.011776578,10,447.2066654,0.0006505871925,6,391.6937579,0,2,34
Apartment_env.dae,direct,LazyRRT,No,2,42,450,0.001,0.05,0.5,0.5329165038,Yes,266.4582519,1,Exact solution,580.3271621,No,0.00024454,0.01551077308,0.006683979429,0.519383,0.011776578,10,580.3271621,0.002807462624,9,391.6937579,0,2,59
Apartment_env.dae,direct,LazyRRT,No,3,42,450,0.001,0.05,0.5,0.5329165038,Yes,266.4582519,1,Exact solution,521.0738227,No,0.000120739,0.007658277708,0.003300143094,0.519383,0.011776578,10,521.0738227,0.0007152470959,7,391.6937579,0,2,41
Apartment_env.dae,direct,LazyRRT,No,4,42,450,0.001,0.05,0.5,0.5329165038,Yes,266.4582519,1,Exact solution,546.7862453,No,0.004184719,0.2654298962,0.1143803701,0.519383,0.011776578,10,546.7862453,0.0106912859,10,391.6937579,0,2,157
Apartment_env.dae,direct,LazyRRT,No,5,42,450,0.001,0.05,0.5,0.5329165038,Yes,266.4582519,1,Exact solution,558.277103,No,0.002255113,0.1430381369,0.06163870492,0.519383,0.011776578,10,558.277103,0.003120515762,10,391.6937579,0,2,222
Apartment_env.dae,direct,LazyRRT,No,6,42,450,0.001,0.05,0.5,0.5329165038,Yes,266.4582519,1,Exact solution,599.5049469,No,0.000499199,0.03166337781,0.01364454014,0.519383,0.011776578,10,599.5049469,0.002700142974,9,391.6937579,0,2,95
Apartment_env.dae,direct,LazyRRT,No,7,42,450,0.001,0.05,0.5,0.5329165038,Yes,266.4582519,1,Exact solution,482.3201836,No,8.525e-05,0.005407268361,0.002330126958,0.519383,0.011776578,10,482.3201836,0.0001547222003,5,391.6937579,0,2,10
Apartment_env.dae,direct,LazyRRT,No,8,42,450,0.001,0.05,0.5,0.5329165038,Yes,266.4582519,1,Exact solution,452.4357386,No,4.156e-05,0.002636082969,0.001135953975,0.519383,0.011776578,10,452.4357386,0.000349772716,4,391.6937579,0,2,8
Apartment_env.dae,direct,LazyRRT,No,9,42,450,0.001,0.05,0.5,0.5329165038,Yes,266.4582519,1,Exact solution,474.0749277,No,5.899e-05,0.003741639421,0.001612365856,0.519383,0.011776578,10,474.0749277,3.432683109e-05,4,391.6937579,0,2,16
Apartment_env.dae,direct,LazyRRT,No,10,42,450,0.001,0.05,0.5,0.5329165038,Yes,266.4582519,1,Exact solution,478.6285405,No,0.000523368,0.03319637803,0.01430514822,0.519383,0.011776578,10,478.6285405,0.002555041887,6,391.6937579,0,2,27
Apartment_env.dae,direct,LazyRRT,No,1,42,450,0.001,0.15,0.05,0.5329165038,Yes,26.64582519,1,Exact solution,460.9642537,No,0.000260239,0.01478662003,0.005915366801,0.853517,0.020402815,10,460.9642537,0.01440549308,19,391.6937579,0,2,69
Apartment_env.dae,direct,LazyRRT,No,2,42,450,0.001,0.15,0.05,0.5329165038,Yes,26.64582519,1,Exact solution,442.9552352,No,4.971e-05,0.002824491648,0.001129933959,0.853517,0.020402815,10,442.9552352,0.006916661095,18,391.6937579,0,2,44
Apartment_env.dae,direct,LazyRRT,No,3,42,450,0.001,0.15,0.05,0.5329165038,Yes,26.64582519,1,Exact solution,606.1238626,No,0.000551939,0.03136083475,0.01254585837,0.853517,0.020402815,10,606.1238626,0.02717791038,25,391.6937579,0,2,87
Apartment_env.dae,direct,LazyRRT,No,4,42,450,0.001,0.15,0.05,0.5329165038,Yes,26.64582519,1,Exact solution,578.3573122,No,0.001102707,0.062655134,0.02506509931,0.853517,0.020402815,10,578.3573122,0.02899590342,23,391.6937579,0,2,180
Apartment_env.dae,direct,LazyRRT,No,5,42,450,0.001,0.15,0.05,0.5329165038,Yes,26.64582519,1,Exact solution,643.2472752,No,0.001972695,0.1120873175,0.04484037562,0.853517,0.020402815,10,643.2472752,0.05552349074,27,391.6937579,0,2,156
Apartment_env.dae,direct,LazyRRT,No,6,42,450,0.001,0.15,0.05,0.5329165038,Yes,26.64582519,1,Exact solution,580.8999436,No,0.004518438,0.2567348701,0.1027064281,0.853517,0.020402815,10,580.8999436,0.03357919448,24,391.6937579,0,2,439
Apartment_env.dae,direct,LazyRRT,No,7,42,450,0.001,0.15,0.05,0.5329165038,Yes,26.64582519,1,Exact solution,475.568734,No,0.000684208,0.03887627804,0.01555240102,0.853517,0.020402815,10,475.568734,0.01938142928,19,391.6937579,0,2,122
Apartment_env.dae,direct,LazyRRT,No,8,42,450,0.001,0.15,0.05,0.5329165038,Yes,26.64582519,1,Exact solution,515.2666284,No,0.001980775,0.1125464181,0.04502403819,0.853517,0.020402815,10,515.2666284,0.03190029621,21,391.6937579,0,2,166
Apartment_env.dae,direct,LazyRRT,No,9,42,450,0.001,0.15,0.05,0.5329165038,Yes,26.64582519,1,Exact solution,708.1957741,No,0.000792958,0.0450553862,0.01802434465,0.853517,0.020402815,10,708.1957741,0.03793731723,28,391.6937579,0,2,138
Apartment_env.dae,direct,LazyRRT,No,10,42,450,0.001,0.15,0.05,0.5329165038,Yes,26.64582519,1,Exact solution,486.9911259,No,0.003107912,0.1765896497,0.07064444401,0.853517,0.020402815,10,486.9911259,0.02688910619,20,391.6937579,0,2,93
Apartment_env.dae,direct,LazyRRT,No,1,42,450,0.001,0.15,0.2,0.5329165038,Yes,106.5833008,1,Exact solution,562.7266156,No,0.000500799,0.04658574802,0.0200621303,0.268907,0.006100194,10,562.7266156,0.002323048299,8,391.6937579,0,2,56
Apartment_env.dae,direct,LazyRRT,No,2,42,450,0.001,0.15,0.2,0.5329165038,Yes,106.5833008,1,Exact solution,405.0705953,No,3.348e-05,0.003114404868,0.00134121698,0.268907,0.006100194,10,405.0705953,5.680216647e-05,5,391.6937579,0,2,14
Apartment_env.dae,direct,LazyRRT,No,3,42,450,0.001,0.15,0.2,0.5329165038,Yes,106.5833008,1,Exact solution,505.2304619,No,5.303e-05,0.004933001498,0.002124394757,0.268907,0.006100194,10,505.2304619,0.000665757521,7,391.6937579,0,2,15
Apartment_env.dae,direct,LazyRRT,No,4,42,450,0.001,0.15,0.2,0.5329165038,Yes,106.5833008,1,Exact solution,454.0941053,No,0.000313319,0.02914582494,0.01255163569,0.268907,0.006100194,10,454.0941053,0.005508883632,8,391.6937579,0,2,43
Apartment_env.dae,direct,LazyRRT,No,5,42,450,0.001,0.15,0.2,0.5329165038,Yes,106.5833008,1,Exact solution,533.4787373,No,0.000259489,0.02413840516,0.01039519274,0.268907,0.006100194,10,533.4787373,0.002052180003,8,391.6937579,0,2,21
Apartment_env.dae,direct,LazyRRT,No,6,42,450,0.001,0.15,0.2,0.5329165038,Yes,106.5833008,1,Exact solution,614.6486979,No,0.001269297,0.1180736188,0.05084834795,0.268907,0.006100194,10,614.6486979,0.01766170188,11,391.6937579,0,2,79
Apartment_env.dae,direct,LazyRRT,No,7,42,450,0.001,0.15,0.2,0.5329165038,Yes,106.5833008,1,Exact solution,391.6937579,No,3.372e-05,0.003136730351,0.001350831439,0.268907,0.006100194,10,391.6937579,0,5,391.6937579,0,2,11
Apartment_env.dae,direct,LazyRRT,No,8,42,450,0.001,0.15,0.2,0.5329165038,Yes,106.5833008,1,Exact solution,439.0494575,No,3.718e-05,0.003458589397,0.001489439884,0.268907,0.006100194,10,439.0494575,0.0001873293312,6,391.6937579,0,2,23
Apartment_env.dae,direct,LazyRRT,No,9,42,450,0.001,0.15,0.2,0.5329165038,Yes,106.5833008,1,Exact solution,605.7544047,No,0.000336039,0.03125930399,0.01346180445,0.268907,0.006100194,10,605.7544047,0.002935953134,9,391.6937579,0,2,90
Apartment_env.dae,direct,LazyRRT,No,10,42,450,0.001,0.15,0.2,0.5329165038,Yes,106.5833008,1,Exact solution,472.4984743,No,5.441e-05,0.005061373025,0.002179677894,0.268907,0.006100194,10,472.4984743,0.0004932175972,6,391.6937579,0,2,12
Apartment_env.dae,direct,LazyRRT,No,1,42,450,0.001,0.15,0.5,0.5329165038,Yes,266.4582519,1,Exact solution,623.0869665,No,0.001317727,0.1308762563,0.0535605493,0.213795,0.005032297,10,623.0869665,0.008264986837,9,391.6937579,0,2,77
Apartment_env.dae,direct,LazyRRT,No,2,42,450,0.001,0.15,0.5,0.5329165038,Yes,266.4582519,1,Exact solution,391.6937579,No,3.165e-05,0.003143468648,0.001286451128,0.213795,0.005032297,10,391.6937579,0,3,391.6937579,0,2,3
Apartment_env.dae,direct,LazyRRT,No,3,42,450,0.001,0.15,0.5,0.5329165038,Yes,266.4582519,1,Exact solution,469.4065521,No,7.456e-05,0.007405277168,0.003030578076,0.213795,0.005032297,10,469.4065521,3.137592415e-05,4,391.6937579,0,2,8
Apartment_env.dae,direct,LazyRRT,No,4,42,450,0.001,0.15,0.5,0.5329165038,Yes,266.4582519,1,Exact solution,490.3996816,No,0.000238489,0.02368665701,0.009693663287,0.213795,0.005032297,10,490.3996816,0.0003628321403,6,391.6937579,0,2,20
Apartment_env.dae,direct,LazyRRT,No,5,42,450,0.001,0.15,0.5,0.5329165038,Yes,266.4582519,1,Exact solution,413.5696383,No,4.7849e-05,0.004752348541,0.001944878358,0.213795,0.005032297,10,413.5696383,0.0002388915645,4,391.6937579,0,2,20
Apartment_env.dae,direct,LazyRRT,No,6,42,450,0.001,0.15,0.5,0.5329165038,Yes,266.4582519,1,Exact solution,391.6937579,No,3.206e-05,0.003184189726,0.001303116056,0.213795,0.005032297,10,391.6937579,0,3,391.6937579,0,2,9
Apartment_env.dae,direct,LazyRRT,No,7,42,450,0.001,0.15,0.5,0.5329165038,Yes,266.4582519,1,Exact solution,391.6937579,No,3.013e-05,0.002992502697,0.001224668957,0.213795,0.005032297,10,391.6937579,0,3,391.6937579,0,2,3
Apartment_env.dae,direct,LazyRRT,No,8,42,450,0.001,0.15,0.5,0.5329165038,Yes,266.4582519,1,Exact solution,595.486589,No,0.000319089,0.03169182519,0.0129697442,0.213795,0.005032297,10,595.486589,0.00362899227,7,391.6937579,0,2,36
Apartment_env.dae,direct,LazyRRT,No,9,42,450,0.001,0.15,0.5,0.5329165038,Yes,266.4582519,1,Exact solution,391.6937579,No,3.06e-05,0.003039182958,0.001243772654,0.213795,0.005032297,10,391.6937579,0,3,391.6937579,0,2,3
Apartment_env.dae,direct,LazyRRT,No,10,42,450,0.001,0.15,0.5,0.5329165038,Yes,266.4582519,1,Exact solution,391.6937579,No,3.044e-05,0.003023291805,0.001237269268,0.213795,0.005032297,10,391.6937579,0,3,391.6937579,0,2,4
Apartment_env.dae,direct,pRRT,No,1,42,450,0.001,0.02,0.05,0.5329165038,Yes,26.64582519,1,Exact solution,500.232072,No,0.001395676,0.08202771305,0.03250871126,0.763922,0.01837478,10,500.232072,0.01957957508,21,391.6937579,0,2,106
Apartment_env.dae,direct,pRRT,No,2,42,450,0.001,0.02,0.05,0.5329165038,Yes,26.64582519,1,Exact solution,573.0827497,No,0.000997947,0.05865208698,0.02324462904,0.763922,0.01837478,10,573.0827497,0.02791238814,23,391.6937579,0,2,125
Apartment_env.dae,direct,pRRT,No,3,42,450,0.001,0.02,0.05,0.5329165038,Yes,26.64582519,1,Exact solution,515.7432333,No,0.001761646,0.1035367754,0.04103304861,0.763922,0.01837478,10,515.7432333,0.02149423115,21,391.6937579,0,2,152
Apartment_env.dae,direct,pRRT,No,4,42,450,0.001,0.02,0.05,0.5329165038,Yes,26.64582519,1,Exact solution,548.9434908,No,0.001349546,0.07931652621,0.03143423061,0.763922,0.01837478,10,548.9434908,0.02648166209,22,391.6937579,0,2,92
Apartment_env.dae,direct,pRRT,No,5,42,450,0.001,0.02,0.05,0.5329165038,Yes,26.64582519,1,Exact solution,560.766184,No,0.000850908,0.05001020097,0.01981973071,0.763922,0.01837478,10,560.766184,0.02564424612,23,391.6937579,0,2,150
Apartment_env.dae,direct,pRRT,No,6,42,450,0.001,0.02,0.05,0.5329165038,Yes,26.64582519,1,Exact solution,497.2809678,No,0.001080967,0.06353140047,0.02517836811,0.763922,0.01837478,10,497.2809678,0.02572917777,20,391.6937579,0,2,107
Apartment_env.dae,direct,pRRT,No,7,42,450,0.001,0.02,0.05,0.5329165038,Yes,26.64582519,1,Exact solution,524.4000131,No,0.001688366,0.09922990849,0.03932617799,0.763922,0.01837478,10,524.4000131,0.01129650251,21,391.6937579,0,2,119
Apartment_env.dae,direct,pRRT,No,8,42,450,0.001,0.02,0.05,0.5329165038,Yes,26.64582519,1,Exact solution,592.3580666,No,0.001452126,0.08534543464,0.03382356997,0.763922,0.01837478,10,592.3580666,0.02558619461,24,391.6937579,0,2,164
Apartment_env.dae,direct,pRRT,No,9,42,450,0.001,0.02,0.05,0.5329165038,Yes,26.64582519,1,Exact solution,655.1642113,No,0.001427576,0.08390256369,0.03325174036,0.763922,0.01837478,10,655.1642113,0.03675349806,27,391.6937579,0,2,259
Apartment_env.dae,direct,pRRT,No,10,42,450,0.001,0.02,0.05,0.5329165038,Yes,26.64582519,1,Exact solution,524.1759411,No,0.000993137,0.05836939007,0.02313259236,0.763922,0.01837478,10,524.1759411,0.0270033829,21,391.6937579,0,2,172
Apartment_env.dae,direct,pRRT,No,1,42,450,0.001,0.02,0.2,0.5329165038,Yes,106.5833008,1,Exact solution,419.8485108,No,0.000237759,0.02090914245,0.00953432886,0.343626,0.007448279,10,419.8485108,0.0002914289924,6,391.6937579,0,2,14
Apartment_env.dae,direct,pRRT,No,2,42,450,0.001,0.02,0.2,0.5329165038,Yes,106.5833008,1,Exact solution,603.1658307,No,0.00020601,0.01811705314,0.008261168193,0.343626,0.007448279,10,603.1658307,0.001984854875,8,391.6937579,0,2,13
Apartment_env.dae,direct,pRRT,No,3,42,450,0.001,0.02,0.2,0.5329165038,Yes,106.5833008,1,Exact solution,424.0227567,No,0.000220609,0.01940092702,0.008846599941,0.343626,0.007448279,10,424.0227567,0.0003340156375,6,391.6937579,0,2,20
Apartment_env.dae,direct,pRRT,No,4,42,450,0.001,0.02,0.2,0.5329165038,Yes,106.5833008,1,Exact solution,663.6030505,No,0.000661059,0.05813524115,0.0265090024,0.343626,0.007448279,10,663.6030505,0.003250781439,10,391.6937579,0,2,53
Apartment_env.dae,direct,pRRT,No,5,42,450,0.001,0.02,0.2,0.5329165038,Yes,106.5833008,1,Exact solution,399.4234137,No,0.000432489,0.03803420317,0.0173431599,0.343626,0.007448279,10,399.4234137,2.428083916e-05,5,391.6937579,0,2,25
Apartment_env.dae,direct,pRRT,No,6,42,450,0.001,0.02,0.2,0.5329165038,Yes,106.5833008,1,Exact solution,436.8926943,No,0.00015997,0.01406817626,0.006414926828,0.343626,0.007448279,10,436.8926943,0.000279004981,6,391.6937579,0,2,12
Apartment_env.dae,direct,pRRT,No,7,42,450,0.001,0.02,0.2,0.5329165038,Yes,106.5833008,1,Exact solution,598.7243095,No,0.000500988,0.0440581827,0.02009002539,0.343626,0.007448279,10,598.7243095,0.0009563949894,7,391.6937579,0,2,30
Apartment_env.dae,direct,pRRT,No,8,42,450,0.001,0.02,0.2,0.5329165038,Yes,106.5833008,1,Exact solution,444.3048189,No,0.000749608,0.06592246963,0.03005988916,0.343626,0.007448279,10,444.3048189,0.0008117599628,7,391.6937579,0,2,62
Apartment_env.dae,direct,pRRT,No,9,42,450,0.001,0.02,0.2,0.5329165038,Yes,106.5833008,1,Exact solution,519.682043,No,0.000334769,0.02944045319,0.01342450859,0.343626,0.007448279,10,519.682043,0.004737238,8,391.6937579,0,2,20
Apartment_env.dae,direct,pRRT,No,10,42,450,0.001,0.02,0.2,0.5329165038,Yes,106.5833008,1,Exact solution,420.5313226,No,0.000404129,0.03554015129,0.01620590088,0.343626,0.007448279,10,420.5313226,0.0001662064256,6,391.6937579,0,2,33
Apartment_env.dae,direct,pRRT,No,1,42,450,0.001,0.02,0.5,0.5329165038,Yes,266.4582519,1,Exact solution,391.6937579,No,0.00011947,0.0136185848,0.006381721716,0.265885,0.005629555,10,391.6937579,0,3,391.6937579,0,2,4
Apartment_env.dae,direct,pRRT,No,2,42,450,0.001,0.02,0.5,0.5329165038,Yes,266.4582519,1,Exact solution,424.8874548,No,0.00012468,0.0142124814,0.006660023969,0.265885,0.005629555,10,424.8874548,0.001014855068,5,391.6937579,0,2,6
Apartment_env.dae,direct,pRRT,No,3,42,450,0.001,0.02,0.5,0.5329165038,Yes,266.4582519,1,Exact solution,477.2310821,No,0.000235959,0.02689736043,0.01260420754,0.265885,0.005629555,10,477.2310821,0.0005153823549,5,391.6937579,0,2,9
Apartment_env.dae,direct,pRRT,No,4,42,450,0.001,0.02,0.5,0.5329165038,Yes,266.4582519,1,Exact solution,534.982865,No,0.000473458,0.05397026803,0.02529067716,0.265885,0.005629555,10,534.982865,0.003703669733,8,391.6937579,0,2,25
Apartment_env.dae,direct,pRRT,No,5,42,450,0.001,0.02,0.5,0.5329165038,Yes,266.4582519,1,Exact solution,427.0926654,No,0.00011984,0.01366076172,0.006401485983,0.265885,0.005629555,10,427.0926654,0.0001985314328,4,391.6937579,0,2,6
Apartment_env.dae,direct,pRRT,No,6,42,450,0.001,0.02,0.5,0.5329165038,Yes,266.4582519,1,Exact solution,397.7320788,No,0.00026085,0.02973472708,0.01393380857,0.265885,0.005629555,10,397.7320788,3.485730072e-06,3,391.6937579,0,2,11
Apartment_env.dae,direct,pRRT,No,7,42,450,0.001,0.02,0.5,0.5329165038,Yes,266.4582519,1,Exact solution,529.8037971,No,0.00019177,0.02186018253,0.01024376641,0.265885,0.005629555,10,529.8037971,0.0005340913841,5,391.6937579,0,2,9
Apartment_env.dae,direct,pRRT,No,8,42,450,0.001,0.02,0.5,0.5329165038,Yes,266.4582519,1,Exact solution,455.3426278,No,0.000193359,0.02204131529,0.01032864593,0.265885,0.005629555,10,455.3426278,0.000740118894,6,391.6937579,0,2,9
Apartment_env.dae,direct,pRRT,No,9,42,450,0.001,0.02,0.5,0.5329165038,Yes,266.4582519,1,Exact solution,671.4300919,No,0.00024502,0.02793023895,0.01308821842,0.265885,0.005629555,10,671.4300919,0.00169369661,9,391.6937579,0,2,14
Apartment_env.dae,direct,pRRT,No,10,42,450,0.001,0.02,0.5,0.5329165038,Yes,266.4582519,1,Exact solution,531.488646,No,0.000368089,0.04195907977,0.0196621877,0.265885,0.005629555,10,531.488646,0.00225868526,6,391.6937579,0,2,28
Apartment_env.dae,direct,pRRT,No,1,42,450,0.001,0.05,0.05,0.5329165038,Yes,26.64582519,1,Exact solution,443.6427945,No,0.00021476,0.01681615933,0.006279947782,0.389324,0.009719204,10,443.6427945,0.008769887541,18,391.6937579,0,2,50
Apartment_env.dae,direct,pRRT,No,2,42,450,0.001,0.05,0.05,0.5329165038,Yes,26.64582519,1,Exact solution,520.1782069,No,0.000309959,0.0242704411,0.009063728509,0.389324,0.009719204,10,520.1782069,0.02064911221,21,391.6937579,0,2,59
Apartment_env.dae,direct,pRRT,No,3,42,450,0.001,0.05,0.05,0.5329165038,Yes,26.64582519,1,Exact solution,493.2697271,No,0.000804927,0.06302747572,0.02353743494,0.389324,0.009719204,10,493.2697271,0.01650334418,20,391.6937579,0,2,129
Apartment_env.dae,direct,pRRT,No,4,42,450,0.001,0.05,0.05,0.5329165038,Yes,26.64582519,1,Exact solution,456.5375177,No,0.000383499,0.03002877765,0.01121416323,0.389324,0.009719204,10,456.5375177,0.01450257851,19,391.6937579,0,2,73
Apartment_env.dae,direct,pRRT,No,5,42,450,0.001,0.05,0.05,0.5329165038,Yes,26.64582519,1,Exact solution,553.5413388,No,0.000922217,0.07221152921,0.02696719409,0.389324,0.009719204,10,553.5413388,0.03937189806,23,391.6937579,0,2,124
Apartment_env.dae,direct,pRRT,No,6,42,450,0.001,0.05,0.05,0.5329165038,Yes,26.64582519,1,Exact solution,544.2813592,No,0.000472669,0.03701097605,0.01382164574,0.389324,0.009719204,10,544.2813592,0.02235871907,22,391.6937579,0,2,66
Apartment_env.dae,direct,pRRT,No,7,42,450,0.001,0.05,0.05,0.5329165038,Yes,26.64582519,1,Exact solution,597.4062467,No,0.000640578,0.05015860362,0.01873159057,0.389324,0.009719204,10,597.4062467,0.03266982971,24,391.6937579,0,2,95
Apartment_env.dae,direct,pRRT,No,8,42,450,0.001,0.05,0.05,0.5329165038,Yes,26.64582519,1,Exact solution,477.932137,No,0.000476689,0.0373257505,0.01393919737,0.389324,0.009719204,10,477.932137,0.01567172621,19,391.6937579,0,2,91
Apartment_env.dae,direct,pRRT,No,9,42,450,0.001,0.05,0.05,0.5329165038,Yes,26.64582519,1,Exact solution,459.695877,No,0.000407669,0.03192133945,0.01192093515,0.389324,0.009719204,10,459.695877,0.01243843881,19,391.6937579,0,2,61
Apartment_env.dae,direct,pRRT,No,10,42,450,0.001,0.05,0.05,0.5329165038,Yes,26.64582519,1,Exact solution,457.4481129,No,0.000339109,0.02655294736,0.009916124103,0.389324,0.009719204,10,457.4481129,0.0177469405,19,391.6937579,0,2,48
Apartment_env.dae,direct,pRRT,No,1,42,450,0.001,0.05,0.2,0.5329165038,Yes,106.5833008,1,Exact solution,548.4362749,No,0.00021001,0.01717707242,0.006779661425,0.358425,0.008644427,10,548.4362749,0.0005674741903,7,391.6937579,0,2,11
Apartment_env.dae,direct,pRRT,No,2,42,450,0.001,0.05,0.2,0.5329165038,Yes,106.5833008,1,Exact solution,676.2807334,No,0.000450779,0.03686997536,0.01455230226,0.358425,0.008644427,10,676.2807334,0.002719047018,9,391.6937579,0,2,25
Apartment_env.dae,direct,pRRT,No,3,42,450,0.001,0.05,0.2,0.5329165038,Yes,106.5833008,1,Exact solution,434.4692414,No,0.000189069,0.01546427268,0.006103632236,0.358425,0.008644427,10,434.4692414,0.0002007647632,6,391.6937579,0,2,17
Apartment_env.dae,direct,pRRT,No,4,42,450,0.001,0.05,0.2,0.5329165038,Yes,106.5833008,1,Exact solution,464.8145129,No,0.00013678,0.0111874671,0.004415609208,0.358425,0.008644427,10,464.8145129,0.0008017463929,6,391.6937579,0,2,12
Apartment_env.dae,direct,pRRT,No,5,42,450,0.001,0.05,0.2,0.5329165038,Yes,106.5833008,1,Exact solution,587.960069,No,0.00016995,0.01390049739,0.005486421881,0.358425,0.008644427,10,587.960069,0.001907486227,9,391.6937579,0,2,13
Apartment_env.dae,direct,pRRT,No,6,42,450,0.001,0.05,0.2,0.5329165038,Yes,106.5833008,1,Exact solution,443.4724923,No,0.000216,0.01766700463,0.006973033988,0.358425,0.008644427,10,443.4724923,0.001146206115,6,391.6937579,0,2,18
Apartment_env.dae,direct,pRRT,No,7,42,450,0.001,0.05,0.2,0.5329165038,Yes,106.5833008,1,Exact solution,426.9512115,No,0.000505829,0.04137260779,0.01632945745,0.358425,0.008644427,10,426.9512115,0.004438646916,7,391.6937579,0,2,22
Apartment_env.dae,direct,pRRT,No,8,42,450,0.001,0.05,0.2,0.5329165038,Yes,106.5833008,1,Exact solution,400.7382066,No,0.000157519,0.01288374492,0.005085117318,0.358425,0.008644427,10,400.7382066,4.855535378e-05,5,391.6937579,0,2,9
Apartment_env.dae,direct,pRRT,No,9,42,450,0.001,0.05,0.2,0.5329165038,Yes,106.5833008,1,Exact solution,458.213876,No,0.000302049,0.0247050976,0.009750916403,0.358425,0.008644427,10,458.213876,0.0003533332055,6,391.6937579,0,2,19
Apartment_env.dae,direct,pRRT,No,10,42,450,0.001,0.05,0.2,0.5329165038,Yes,106.5833008,1,Exact solution,547.8497166,No,0.002044184,0.1671972601,0.06599150236,0.358425,0.008644427,10,547.8497166,0.005880963903,9,391.6937579,0,2,231
Apartment_env.dae,direct,pRRT,No,1,42,450,0.001,0.05,0.5,0.5329165038,Yes,266.4582519,1,Exact solution,531.5376222,No,0.000371049,0.03051899719,0.01551303312,0.423623,0.008299177,10,531.5376222,0.000384896213,5,391.6937579,0,2,8
Apartment_env.dae,direct,pRRT,No,2,42,450,0.001,0.05,0.5,0.5329165038,Yes,266.4582519,1,Exact solution,396.0460741,No,0.000437279,0.03596645341,0.01828201561,0.423623,0.008299177,10,396.0460741,8.962041877e-05,4,391.6937579,0,2,25
Apartment_env.dae,direct,pRRT,No,3,42,450,0.001,0.05,0.5,0.5329165038,Yes,266.4582519,1,Exact solution,400.6518417,No,0.000197399,0.01623618316,0.008252972586,0.423623,0.008299177,10,400.6518417,2.379924547e-05,4,391.6937579,0,2,15
Apartment_env.dae,direct,pRRT,No,4,42,450,0.001,0.05,0.5,0.5329165038,Yes,266.4582519,1,Exact solution,443.9643175,No,0.000266209,0.02189584589,0.01112982122,0.423623,0.008299177,10,443.9643175,0.0009101540287,5,391.6937579,0,2,12
Apartment_env.dae,direct,pRRT,No,5,42,450,0.001,0.05,0.5,0.5329165038,Yes,266.4582519,1,Exact solution,397.9529458,No,0.00012701,0.01044664676,0.005310108198,0.423623,0.008299177,10,397.9529458,0.0001291446053,5,391.6937579,0,2,7
Apartment_env.dae,direct,pRRT,No,6,42,450,0.001,0.05,0.5,0.5329165038,Yes,266.4582519,1,Exact solution,521.161876,No,0.000392409,0.03227586968,0.01640606447,0.423623,0.008299177,10,521.161876,3.058169061e-05,3,391.6937579,0,2,4
Apartment_env.dae,direct,pRRT,No,7,42,450,0.001,0.05,0.5,0.5329165038,Yes,266.4582519,1,Exact solution,457.998436,No,0.000345759,0.0284388799,0.01445569404,0.423623,0.008299177,10,457.998436,0.002184792999,5,391.6937579,0,2,22
Apartment_env.dae,direct,pRRT,No,8,42,450,0.001,0.05,0.5,0.5329165038,Yes,266.4582519,1,Exact solution,607.1232241,No,0.002588503,0.2129058852,0.108221644,0.423623,0.008299177,10,607.1232241,0.002246988411,9,391.6937579,0,2,209
Apartment_env.dae,direct,pRRT,No,9,42,450,0.001,0.05,0.5,0.5329165038,Yes,266.4582519,1,Exact solution,432.9286477,No,0.000232659,0.01913633878,0.009727143242,0.423623,0.008299177,10,432.9286477,0.005035945508,5,391.6937579,0,2,11
Apartment_env.dae,direct,pRRT,No,10,42,450,0.001,0.05,0.5,0.5329165038,Yes,266.4582519,1,Exact solution,459.6441596,No,0.000192119,0.01580190008,0.008032223265,0.423623,0.008299177,10,459.6441596,0.000342452543,4,391.6937579,0,2,10
Apartment_env.dae,direct,pRRT,No,1,42,450,0.001,0.15,0.05,0.5329165038,Yes,26.64582519,1,Exact solution,482.2038381,No,0.0002737,0.02826784808,0.01249262996,0.401103,0.008918676,10,482.2038381,0.01863012824,20,391.6937579,0,2,55
Apartment_env.dae,direct,pRRT,No,2,42,450,0.001,0.15,0.05,0.5329165038,Yes,26.64582519,1,Exact solution,484.2214391,No,0.00017302,0.01786957645,0.007897240906,0.401103,0.008918676,10,484.2214391,0.01765672833,20,391.6937579,0,2,36
Apartment_env.dae,direct,pRRT,No,3,42,450,0.001,0.15,0.05,0.5329165038,Yes,26.64582519,1,Exact solution,424.7609174,No,0.000197029,0.0203492358,0.008993096049,0.401103,0.008918676,10,424.7609174,0.005684939479,17,391.6937579,0,2,37
Apartment_env.dae,direct,pRRT,No,4,42,450,0.001,0.15,0.05,0.5329165038,Yes,26.64582519,1,Exact solution,452.1193176,No,0.00017025,0.01758348972,0.00777080837,0.401103,0.008918676,10,452.1193176,0.009163335303,18,391.6937579,0,2,32
Apartment_env.dae,direct,pRRT,No,5,42,450,0.001,0.15,0.05,0.5329165038,Yes,26.64582519,1,Exact solution,523.3189408,No,0.000631058,0.06517592865,0.02880370507,0.401103,0.008918676,10,523.3189408,0.01780290953,21,391.6937579,0,2,93
Apartment_env.dae,direct,pRRT,No,6,42,450,0.001,0.15,0.05,0.5329165038,Yes,26.64582519,1,Exact solution,544.5367078,No,0.000363789,0.03757227689,0.01660460855,0.401103,0.008918676,10,544.5367078,0.02268106975,22,391.6937579,0,2,44
Apartment_env.dae,direct,pRRT,No,7,42,450,0.001,0.15,0.05,0.5329165038,Yes,26.64582519,1,Exact solution,435.6909734,No,0.000237959,0.02457650296,0.0108612851,0.401103,0.008918676,10,435.6909734,0.008963594563,18,391.6937579,0,2,43
Apartment_env.dae,direct,pRRT,No,8,42,450,0.001,0.15,0.05,0.5329165038,Yes,26.64582519,1,Exact solution,494.5564293,No,0.000341039,0.03522264757,0.01556621859,0.401103,0.008918676,10,494.5564293,0.02179791045,20,391.6937579,0,2,53
Apartment_env.dae,direct,pRRT,No,9,42,450,0.001,0.15,0.05,0.5329165038,Yes,26.64582519,1,Exact solution,572.643155,No,0.001224467,0.1264634532,0.05588897746,0.401103,0.008918676,10,572.643155,0.01924254123,23,391.6937579,0,2,74
Apartment_env.dae,direct,pRRT,No,10,42,450,0.001,0.15,0.05,0.5329165038,Yes,26.64582519,1,Exact solution,486.2824169,No,0.00027132,0.0280220407,0.0123839984,0.401103,0.008918676,10,486.2824169,0.01946786425,20,391.6937579,0,2,59
Apartment_env.dae,direct,pRRT,No,1,42,450,0.001,0.15,0.2,0.5329165038,Yes,106.5833008,1,Exact solution,672.2401822,No,0.000782097,0.1103500569,0.05043652098,0.311537,0.006739441,10,672.2401822,0.00218182612,9,391.6937579,0,2,21
Apartment_env.dae,direct,pRRT,No,2,42,450,0.001,0.15,0.2,0.5329165038,Yes,106.5833008,1,Exact solution,395.5047187,No,0.0001149,0.01621182735,0.007409766641,0.311537,0.006739441,10,395.5047187,8.646277431e-06,5,391.6937579,0,2,6
Apartment_env.dae,direct,pRRT,No,3,42,450,0.001,0.15,0.2,0.5329165038,Yes,106.5833008,1,Exact solution,419.2386458,No,0.000352339,0.04971330753,0.0227219301,0.311537,0.006739441,10,419.2386458,0.0003411929549,6,391.6937579,0,2,17
Apartment_env.dae,direct,pRRT,No,4,42,450,0.001,0.15,0.2,0.5329165038,Yes,106.5833008,1,Exact solution,439.9614989,No,0.0001253,0.01767921642,0.008080450479,0.311537,0.006739441,10,439.9614989,0.0001938828734,6,391.6937579,0,2,7
Apartment_env.dae,direct,pRRT,No,5,42,450,0.001,0.15,0.2,0.5329165038,Yes,106.5833008,1,Exact solution,403.7248852,No,0.000164359,0.02319025005,0.01059931972,0.311537,0.006739441,10,403.7248852,5.985379356e-05,6,391.6937579,0,2,14
Apartment_env.dae,direct,pRRT,No,6,42,450,0.001,0.15,0.2,0.5329165038,Yes,106.5833008,1,Exact solution,403.9480806,No,0.00014959,0.02110641647,0.009646884176,0.311537,0.006739441,10,403.9480806,4.512495951e-05,5,391.6937579,0,2,10
Apartment_env.dae,direct,pRRT,No,7,42,450,0.001,0.15,0.2,0.5329165038,Yes,106.5833008,1,Exact solution,424.9104766,No,0.00016719,0.02358969029,0.01078188759,0.311537,0.006739441,10,424.9104766,0.0009632073156,7,391.6937579,0,2,11
Apartment_env.dae,direct,pRRT,No,8,42,450,0.001,0.15,0.2,0.5329165038,Yes,106.5833008,1,Exact solution,432.3707896,No,9.809e-05,0.01384001866,0.006325709398,0.311537,0.006739441,10,432.3707896,0.0003267716286,6,391.6937579,0,2,6
Apartment_env.dae,direct,pRRT,No,9,42,450,0.001,0.15,0.2,0.5329165038,Yes,106.5833008,1,Exact solution,462.2095528,No,0.000115529,0.01630057617,0.007450330115,0.311537,0.006739441,10,462.2095528,0.0003018179737,6,391.6937579,0,2,8
Apartment_env.dae,direct,pRRT,No,10,42,450,0.001,0.15,0.2,0.5329165038,Yes,106.5833008,1,Exact solution,395.0685963,No,0.000138599,0.0195556402,0.008938087438,0.311537,0.006739441,10,395.0685963,1.2398877e-05,5,391.6937579,0,2,7
Apartment_env.dae,direct,pRRT,No,1,42,450,0.001,0.15,0.5,0.5329165038,Yes,266.4582519,1,Exact solution,391.6937579,No,0.00017022,0.01445375015,0.005962104525,0.183753,0.004301378,10,391.6937579,0,3,391.6937579,0,2,4
Apartment_env.dae,direct,pRRT,No,2,42,450,0.001,0.15,0.5,0.5329165038,Yes,266.4582519,1,Exact solution,561.0326556,No,0.000563499,0.04784792478,0.01973704581,0.183753,0.004301378,10,561.0326556,0.003483311104,8,391.6937579,0,2,12
Apartment_env.dae,direct,pRRT,No,3,42,450,0.001,0.15,0.5,0.5329165038,Yes,266.4582519,1,Exact solution,391.6937579,No,0.000155219,0.01317998264,0.005436681367,0.183753,0.004301378,10,391.6937579,0,3,391.6937579,0,2,5
Apartment_env.dae,direct,pRRT,No,4,42,450,0.001,0.15,0.5,0.5329165038,Yes,266.4582519,1,Exact solution,403.4909965,No,0.00016238,0.01378803871,0.005687501661,0.183753,0.004301378,10,403.4909965,3.760263837e-05,4,391.6937579,0,2,9
Apartment_env.dae,direct,pRRT,No,5,42,450,0.001,0.15,0.5,0.5329165038,Yes,266.4582519,1,Exact solution,514.9679598,No,0.000315739,0.02681008471,0.0110590349,0.183753,0.004301378,10,514.9679598,0.0001226844495,5,391.6937579,0,2,10
Apartment_env.dae,direct,pRRT,No,6,42,450,0.001,0.15,0.5,0.5329165038,Yes,266.4582519,1,Exact solution,475.9036818,No,0.00019141,0.0162530391,0.006704302826,0.183753,0.004301378,10,475.9036818,7.105738863e-05,4,391.6937579,0,2,6
Apartment_env.dae,direct,pRRT,No,7,42,450,0.001,0.15,0.5,0.5329165038,Yes,266.4582519,1,Exact solution,427.8335664,No,0.000310489,0.0263642958,0.01087514905,0.183753,0.004301378,10,427.8335664,0.0005080126695,4,391.6937579,0,2,6
Apartment_env.dae,direct,pRRT,No,8,42,450,0.001,0.15,0.5,0.5329165038,Yes,266.4582519,1,Exact solution,403.3616996,No,9.987e-05,0.008480178754,0.003498034185,0.183753,0.004301378,10,403.3616996,5.965455218e-06,3,391.6937579,0,2,4
Apartment_env.dae,direct,pRRT,No,9,42,450,0.001,0.15,0.5,0.5329165038,Yes,266.4582519,1,Exact solution,391.6937579,No,9.03e-05,0.007667569255,0.003162836556,0.183753,0.004301378,10,391.6937579,0,3,391.6937579,0,2,3
Apartment_env.dae,direct,pRRT,No,10,42,450,0.001,0.15,0.5,0.5329165038,Yes,266.4582519,1,Exact solution,474.844117,No,0.00010491,0.008908136108,0.003674564597,0.183753,0.004301378,10,474.844117,0.0003043935534,4,391.6937579,0,2,5
Apartment_env.dae,direct,TRRT,No,1,42,450,0.001,0.02,0.05,0.5329165038,Yes,26.64582519,1,Exact solution,458.8497079,No,0.001054617,0.07845753942,0.03610528018,0.715813,0.015395838,10,458.8497079,0.01811119359,19,391.6937579,0,2,136
Apartment_env.dae,direct,TRRT,No,2,42,450,0.001,0.02,0.05,0.5329165038,Yes,26.64582519,1,Exact solution,571.2532372,No,0.000793108,0.05900274903,0.02715240372,0.715813,0.015395838,10,571.2532372,0.04765753024,23,391.6937579,0,2,132
Apartment_env.dae,direct,TRRT,No,3,42,450,0.001,0.02,0.05,0.5329165038,Yes,26.64582519,1,Exact solution,655.3740912,No,0.001084927,0.08071243197,0.03714295646,0.715813,0.015395838,10,655.3740912,0.03940901851,26,391.6937579,0,2,195
Apartment_env.dae,direct,TRRT,No,4,42,450,0.001,0.02,0.05,0.5329165038,Yes,26.64582519,1,Exact solution,479.1591248,No,0.000800008,0.05951607,0.02738862827,0.715813,0.015395838,10,479.1591248,0.01589939084,19,391.6937579,0,2,179
Apartment_env.dae,direct,TRRT,No,5,42,450,0.001,0.02,0.05,0.5329165038,Yes,26.64582519,1,Exact solution,594.7625496,No,0.001111707,0.08270471249,0.03805978162,0.715813,0.015395838,10,594.7625496,0.03975155746,25,391.6937579,0,2,179
Apartment_env.dae,direct,TRRT,No,6,42,450,0.001,0.02,0.05,0.5329165038,Yes,26.64582519,1,Exact solution,473.418244,No,0.000404339,0.03008053448,0.01384272478,0.715813,0.015395838,10,473.418244,0.01529420974,19,391.6937579,0,2,78
Apartment_env.dae,direct,TRRT,No,7,42,450,0.001,0.02,0.05,0.5329165038,Yes,26.64582519,1,Exact solution,487.2836792,No,0.000702388,0.05225369418,0.02404656433,0.715813,0.015395838,10,487.2836792,0.02924754777,20,391.6937579,0,2,124
Apartment_env.dae,direct,TRRT,No,8,42,450,0.001,0.02,0.05,0.5329165038,Yes,26.64582519,1,Exact solution,489.8943674,No,0.000445799,0.03316492396,0.01526212625,0.715813,0.015395838,10,489.8943674,0.02862777642,20,391.6937579,0,2,88
Apartment_env.dae,direct,TRRT,No,9,42,450,0.001,0.02,0.05,0.5329165038,Yes,26.64582519,1,Exact solution,539.396383,No,0.001774255,0.131994536,0.0607424059,0.715813,0.015395838,10,539.396383,0.02987078227,22,391.6937579,0,2,175
Apartment_env.dae,direct,TRRT,No,10,42,450,0.001,0.02,0.05,0.5329165038,Yes,26.64582519,1,Exact solution,617.4963217,No,0.001450726,0.1079258084,0.04966624727,0.715813,0.015395838,10,617.4963217,0.04769838074,25,391.6937579,0,2,207
Apartment_env.dae,direct,TRRT,No,1,42,450,0.001,0.02,0.2,0.5329165038,Yes,106.5833008,1,Exact solution,586.3698024,No,0.000368219,0.02910397252,0.01200448935,0.345121,0.008079118,10,586.3698024,0.005885768842,9,391.6937579,0,2,21
Apartment_env.dae,direct,TRRT,No,2,42,450,0.001,0.02,0.2,0.5329165038,Yes,106.5833008,1,Exact solution,582.8121507,No,0.000414339,0.03274929015,0.01350807023,0.345121,0.008079118,10,582.8121507,0.0007361361081,7,391.6937579,0,2,23
Apartment_env.dae,direct,TRRT,No,3,42,450,0.001,0.02,0.2,0.5329165038,Yes,106.5833008,1,Exact solution,537.5582794,No,0.00017584,0.01389836627,0.005732646623,0.345121,0.008079118,10,537.5582794,0.005156028857,9,391.6937579,0,2,14
Apartment_env.dae,direct,TRRT,No,4,42,450,0.001,0.02,0.2,0.5329165038,Yes,106.5833008,1,Exact solution,648.1103659,No,0.000478899,0.03785210252,0.01561282265,0.345121,0.008079118,10,648.1103659,0.003349751973,9,391.6937579,0,2,21
Apartment_env.dae,direct,TRRT,No,5,42,450,0.001,0.02,0.2,0.5329165038,Yes,106.5833008,1,Exact solution,601.5010929,No,0.000256669,0.02028707786,0.008367792744,0.345121,0.008079118,10,601.5010929,0.002041091961,8,391.6937579,0,2,11
Apartment_env.dae,direct,TRRT,No,6,42,450,0.001,0.02,0.2,0.5329165038,Yes,106.5833008,1,Exact solution,592.7304254,No,0.000553478,0.04374681509,0.01804420944,0.345121,0.008079118,10,592.7304254,0.004892726318,10,391.6937579,0,2,41
Apartment_env.dae,direct,TRRT,No,7,42,450,0.001,0.02,0.2,0.5329165038,Yes,106.5833008,1,Exact solution,485.4084905,No,0.000266549,0.02106799153,0.0086898955,0.345121,0.008079118,10,485.4084905,0.0007608937173,7,391.6937579,0,2,16
Apartment_env.dae,direct,TRRT,No,8,42,450,0.001,0.02,0.2,0.5329165038,Yes,106.5833008,1,Exact solution,592.4138017,No,0.000350659,0.02771603285,0.01143200712,0.345121,0.008079118,10,592.4138017,0.002781599731,10,391.6937579,0,2,25
Apartment_env.dae,direct,TRRT,No,9,42,450,0.001,0.02,0.2,0.5329165038,Yes,106.5833008,1,Exact solution,493.2680158,No,0.000622849,0.04922988814,0.02030580765,0.345121,0.008079118,10,493.2680158,0.003677539619,8,391.6937579,0,2,70
Apartment_env.dae,direct,TRRT,No,10,42,450,0.001,0.02,0.2,0.5329165038,Yes,106.5833008,1,Exact solution,417.0248107,No,0.000878917,0.06946946306,0.02865400689,0.345121,0.008079118,10,417.0248107,0.0006324070298,7,391.6937579,0,2,93
Apartment_env.dae,direct,TRRT,No,1,42,450,0.001,0.02,0.5,0.5329165038,Yes,266.4582519,1,Exact solution,533.8626871,No,0.000691748,0.0412057006,0.01771251399,0.600204,0.013634693,10,533.8626871,0.00220064144,7,391.6937579,0,2,16
Apartment_env.dae,direct,TRRT,No,2,42,450,0.001,0.02,0.5,0.5329165038,Yes,266.4582519,1,Exact solution,840.2039503,No,0.000938727,0.05591762275,0.0240365207,0.600204,0.013634693,10,840.2039503,0.003598588139,11,391.6937579,0,2,30
Apartment_env.dae,direct,TRRT,No,3,42,450,0.001,0.02,0.5,0.5329165038,Yes,266.4582519,1,Exact solution,502.6640368,No,0.001208957,0.07201454891,0.03095587956,0.600204,0.013634693,10,502.6640368,0.001404315736,7,391.6937579,0,2,62
Apartment_env.dae,direct,TRRT,No,4,42,450,0.001,0.02,0.5,0.5329165038,Yes,266.4582519,1,Exact solution,473.2056477,No,0.000612418,0.03648021064,0.0156812342,0.600204,0.013634693,10,473.2056477,0.0006377340207,6,391.6937579,0,2,18
Apartment_env.dae,direct,TRRT,No,5,42,450,0.001,0.02,0.5,0.5329165038,Yes,266.4582519,1,Exact solution,422.3847787,No,0.000491218,0.02926062936,0.0125778545,0.600204,0.013634693,10,422.3847787,0.0001186970047,5,391.6937579,0,2,20
Apartment_env.dae,direct,TRRT,No,6,42,450,0.001,0.02,0.5,0.5329165038,Yes,266.4582519,1,Exact solution,522.6996954,No,0.000374518,0.02230910184,0.009589699304,0.600204,0.013634693,10,522.6996954,0.003267226947,8,391.6937579,0,2,23
Apartment_env.dae,direct,TRRT,No,7,42,450,0.001,0.02,0.5,0.5329165038,Yes,266.4582519,1,Exact solution,457.1043582,No,0.000394409,0.02349395902,0.01009901717,0.600204,0.013634693,10,457.1043582,8.162716059e-05,4,391.6937579,0,2,6
Apartment_env.dae,direct,TRRT,No,8,42,450,0.001,0.02,0.5,0.5329165038,Yes,266.4582519,1,Exact solution,622.3893247,No,0.001852955,0.1103759013,0.04744573365,0.600204,0.013634693,10,622.3893247,0.002595141,10,391.6937579,0,2,65
Apartment_env.dae,direct,TRRT,No,9,42,450,0.001,0.02,0.5,0.5329165038,Yes,266.4582519,1,Exact solution,707.7855786,No,0.002035805,0.1212678191,0.0521276889,0.600204,0.013634693,10,707.7855786,0.0106693837,14,391.6937579,0,2,122
Apartment_env.dae,direct,TRRT,No,10,42,450,0.001,0.02,0.5,0.5329165038,Yes,266.4582519,1,Exact solution,660.342475,No,0.001475276,0.08787850656,0.03777509554,0.600204,0.013634693,10,660.342475,0.01148032543,12,391.6937579,0,2,31
Apartment_env.dae,direct,TRRT,No,1,42,450,0.001,0.05,0.05,0.5329165038,Yes,26.64582519,1,Exact solution,469.9902313,No,0.000275299,0.02575287619,0.01120772862,0.432686,0.009737043,10,469.9902313,0.01300762212,19,391.6937579,0,2,77
Apartment_env.dae,direct,TRRT,No,2,42,450,0.001,0.05,0.05,0.5329165038,Yes,26.64582519,1,Exact solution,520.0198543,No,0.000409369,0.03829446955,0.0166658675,0.432686,0.009737043,10,520.0198543,0.03175166866,21,391.6937579,0,2,82
Apartment_env.dae,direct,TRRT,No,3,42,450,0.001,0.05,0.05,0.5329165038,Yes,26.64582519,1,Exact solution,493.9136589,No,0.000473988,0.04433926124,0.0192965789,0.432686,0.009737043,10,493.9136589,0.02007310092,20,391.6937579,0,2,86
Apartment_env.dae,direct,TRRT,No,4,42,450,0.001,0.05,0.05,0.5329165038,Yes,26.64582519,1,Exact solution,532.7060164,No,0.000563079,0.05267328895,0.02292357264,0.432686,0.009737043,10,532.7060164,0.02337557724,21,391.6937579,0,2,85
Apartment_env.dae,direct,TRRT,No,5,42,450,0.001,0.05,0.05,0.5329165038,Yes,26.64582519,1,Exact solution,538.0209872,No,0.000945337,0.08843165693,0.03848572116,0.432686,0.009737043,10,538.0209872,0.01883814333,22,391.6937579,0,2,130
Apartment_env.dae,direct,TRRT,No,6,42,450,0.001,0.05,0.05,0.5329165038,Yes,26.64582519,1,Exact solution,566.7601819,No,0.000545749,0.05105215213,0.02221804905,0.432686,0.009737043,10,566.7601819,0.02041688402,23,391.6937579,0,2,77
Apartment_env.dae,direct,TRRT,No,7,42,450,0.001,0.05,0.05,0.5329165038,Yes,26.64582519,1,Exact solution,456.084353,No,0.000380389,0.03558353217,0.01548605946,0.432686,0.009737043,10,456.084353,0.01042580057,19,391.6937579,0,2,56
Apartment_env.dae,direct,TRRT,No,8,42,450,0.001,0.05,0.05,0.5329165038,Yes,26.64582519,1,Exact solution,619.2428799,No,0.000577458,0.05401837413,0.02350895773,0.432686,0.009737043,10,619.2428799,0.02940973926,25,391.6937579,0,2,85
Apartment_env.dae,direct,TRRT,No,9,42,450,0.001,0.05,0.05,0.5329165038,Yes,26.64582519,1,Exact solution,489.9702017,No,0.000261929,0.02450217803,0.01066342104,0.432686,0.009737043,10,489.9702017,0.03250849947,20,391.6937579,0,2,62
Apartment_env.dae,direct,TRRT,No,10,42,450,0.001,0.05,0.05,0.5329165038,Yes,26.64582519,1,Exact solution,504.2019726,No,0.000192829,0.01803821068,0.007850283154,0.432686,0.009737043,10,504.2019726,0.02452465367,20,391.6937579,0,2,58
Apartment_env.dae,direct,TRRT,No,1,42,450,0.001,0.05,0.2,0.5329165038,Yes,106.5833008,1,Exact solution,401.0820889,No,0.000169939,0.01783966036,0.007143550287,0.301987,0.00721422,10,401.0820889,4.160586051e-05,5,391.6937579,0,2,8
Apartment_env.dae,direct,TRRT,No,2,42,450,0.001,0.05,0.2,0.5329165038,Yes,106.5833008,1,Exact solution,479.6774438,No,0.0001915,0.02010306615,0.008049887783,0.301987,0.00721422,10,479.6774438,0.0007297656633,6,391.6937579,0,2,8
Apartment_env.dae,direct,TRRT,No,3,42,450,0.001,0.05,0.2,0.5329165038,Yes,106.5833008,1,Exact solution,571.6642724,No,0.000359839,0.03777476355,0.01512618052,0.301987,0.00721422,10,571.6642724,0.000504488108,8,391.6937579,0,2,19
Apartment_env.dae,direct,TRRT,No,4,42,450,0.001,0.05,0.2,0.5329165038,Yes,106.5833008,1,Exact solution,507.6306985,No,0.000512968,0.05384976312,0.02156310619,0.301987,0.00721422,10,507.6306985,0.0007121914292,7,391.6937579,0,2,29
Apartment_env.dae,direct,TRRT,No,5,42,450,0.001,0.05,0.2,0.5329165038,Yes,106.5833008,1,Exact solution,456.1453291,No,0.000205079,0.02152854675,0.008620694186,0.301987,0.00721422,10,456.1453291,0.0004996111287,6,391.6937579,0,2,12
Apartment_env.dae,direct,TRRT,No,6,42,450,0.001,0.05,0.2,0.5329165038,Yes,106.5833008,1,Exact solution,470.015798,No,0.000295299,0.03099955787,0.01241317918,0.301987,0.00721422,10,470.015798,0.0008909695698,7,391.6937579,0,2,23
Apartment_env.dae,direct,TRRT,No,7,42,450,0.001,0.05,0.2,0.5329165038,Yes,106.5833008,1,Exact solution,649.0990591,No,0.000288249,0.0302594711,0.01211682561,0.301987,0.00721422,10,649.0990591,0.004117157623,9,391.6937579,0,2,19
Apartment_env.dae,direct,TRRT,No,8,42,450,0.001,0.05,0.2,0.5329165038,Yes,106.5833008,1,Exact solution,750.4759602,No,0.000415849,0.04365451674,0.01748061506,0.301987,0.00721422,10,750.4759602,0.003212458239,11,391.6937579,0,2,19
Apartment_env.dae,direct,TRRT,No,9,42,450,0.001,0.05,0.2,0.5329165038,Yes,106.5833008,1,Exact solution,546.3391114,No,0.00019541,0.02051352562,0.008214248416,0.301987,0.00721422,10,546.3391114,0.003937950169,8,391.6937579,0,2,14
Apartment_env.dae,direct,TRRT,No,10,42,450,0.001,0.05,0.2,0.5329165038,Yes,106.5833008,1,Exact solution,502.0417725,No,0.000242569,0.02546412874,0.01019662261,0.301987,0.00721422,10,502.0417725,0.000577618322,6,391.6937579,0,2,10
Apartment_env.dae,direct,TRRT,No,1,42,450,0.001,0.05,0.5,0.5329165038,Yes,266.4582519,1,Exact solution,583.4407346,No,0.000496528,0.03575233158,0.01468801665,0.389704,0.009148285,10,583.4407346,0.001617655051,7,391.6937579,0,2,22
Apartment_env.dae,direct,TRRT,No,2,42,450,0.001,0.05,0.5,0.5329165038,Yes,266.4582519,1,Exact solution,559.0440292,No,0.000606408,0.043664204,0.01793842603,0.389704,0.009148285,10,559.0440292,0.0006009486092,6,391.6937579,0,2,16
Apartment_env.dae,direct,TRRT,No,3,42,450,0.001,0.05,0.5,0.5329165038,Yes,266.4582519,1,Exact solution,492.5625063,No,0.000448529,0.03229617973,0.01326813678,0.389704,0.009148285,10,492.5625063,0.001289849532,7,391.6937579,0,2,14
Apartment_env.dae,direct,TRRT,No,4,42,450,0.001,0.05,0.5,0.5329165038,Yes,266.4582519,1,Exact solution,529.0432964,No,0.000452139,0.03255611657,0.0133749258,0.389704,0.009148285,10,529.0432964,0.0008048229427,6,391.6937579,0,2,7
Apartment_env.dae,direct,TRRT,No,5,42,450,0.001,0.05,0.5,0.5329165038,Yes,266.4582519,1,Exact solution,574.028368,No,0.000855068,0.06156888364,0.02529414861,0.389704,0.009148285,10,574.028368,0.003197256698,8,391.6937579,0,2,19
Apartment_env.dae,direct,TRRT,No,6,42,450,0.001,0.05,0.5,0.5329165038,Yes,266.4582519,1,Exact solution,485.7522224,No,0.000455798,0.03281958163,0.01348316432,0.389704,0.009148285,10,485.7522224,0.0002386519933,5,391.6937579,0,2,9
Apartment_env.dae,direct,TRRT,No,7,42,450,0.001,0.05,0.5,0.5329165038,Yes,266.4582519,1,Exact solution,612.8825748,No,0.000490269,0.03530165439,0.01450286637,0.389704,0.009148285,10,612.8825748,0.002836649189,9,391.6937579,0,2,29
Apartment_env.dae,direct,TRRT,No,8,42,450,0.001,0.05,0.5,0.5329165038,Yes,266.4582519,1,Exact solution,406.9291463,No,0.000492779,0.03548238609,0.0145771158,0.389704,0.009148285,10,406.9291463,3.761588342e-05,4,391.6937579,0,2,8
Apartment_env.dae,direct,TRRT,No,9,42,450,0.001,0.05,0.5,0.5329165038,Yes,266.4582519,1,Exact solution,573.6892354,No,0.000438019,0.03153941072,0.01295723577,0.389704,0.009148285,10,573.6892354,0.001687952848,8,391.6937579,0,2,19
Apartment_env.dae,direct,TRRT,No,10,42,450,0.001,0.05,0.5,0.5329165038,Yes,266.4582519,1,Exact solution,599.9534587,No,0.000676668,0.04872325166,0.02001681849,0.389704,0.009148285,10,599.9534587,0.003962371558,7,391.6937579,0,2,24
Apartment_env.dae,direct,TRRT,No,1,42,450,0.001,0.15,0.05,0.5329165038,Yes,26.64582519,1,Exact solution,490.4245673,No,0.00014038,0.01632099993,0.005372606715,0.216709,0.005792185,10,490.4245673,0.02253676232,20,391.6937579,0,2,38
Apartment_env.dae,direct,TRRT,No,2,42,450,0.001,0.15,0.05,0.5329165038,Yes,26.64582519,1,Exact solution,457.127836,No,0.000171359,0.0199227114,0.00655823133,0.216709,0.005792185,10,457.127836,0.01404274105,19,391.6937579,0,2,50
Apartment_env.dae,direct,TRRT,No,3,42,450,0.001,0.15,0.05,0.5329165038,Yes,26.64582519,1,Exact solution,463.1869133,No,0.00017753,0.02064017037,0.006794407111,0.216709,0.005792185,10,463.1869133,0.01594754826,19,391.6937579,0,2,55
Apartment_env.dae,direct,TRRT,No,4,42,450,0.001,0.15,0.05,0.5329165038,Yes,26.64582519,1,Exact solution,418.3484742,No,0.000177239,0.02060633784,0.006783269993,0.216709,0.005792185,10,418.3484742,0.005522725664,17,391.6937579,0,2,43
Apartment_env.dae,direct,TRRT,No,5,42,450,0.001,0.15,0.05,0.5329165038,Yes,26.64582519,1,Exact solution,454.4151313,No,0.00017341,0.02016116681,0.006636726959,0.216709,0.005792185,10,454.4151313,0.01122029563,19,391.6937579,0,2,44
Apartment_env.dae,direct,TRRT,No,6,42,450,0.001,0.15,0.05,0.5329165038,Yes,26.64582519,1,Exact solution,459.9688796,No,0.000200079,0.02326178476,0.007657399765,0.216709,0.005792185,10,459.9688796,0.01204965574,19,391.6937579,0,2,50
Apartment_env.dae,direct,TRRT,No,7,42,450,0.001,0.15,0.05,0.5329165038,Yes,26.64582519,1,Exact solution,467.9325842,No,0.00019136,0.02224808766,0.007323707231,0.216709,0.005792185,10,467.9325842,0.01657171608,19,391.6937579,0,2,53
Apartment_env.dae,direct,TRRT,No,8,42,450,0.001,0.15,0.05,0.5329165038,Yes,26.64582519,1,Exact solution,519.7230404,No,0.000178529,0.02075631711,0.00683264072,0.216709,0.005792185,10,519.7230404,0.01766015815,21,391.6937579,0,2,46
Apartment_env.dae,direct,TRRT,No,9,42,450,0.001,0.15,0.05,0.5329165038,Yes,26.64582519,1,Exact solution,476.3609215,No,0.00013832,0.01608149815,0.00529376664,0.216709,0.005792185,10,476.3609215,0.01886031531,19,391.6937579,0,2,43
Apartment_env.dae,direct,TRRT,No,10,42,450,0.001,0.15,0.05,0.5329165038,Yes,26.64582519,1,Exact solution,458.4304361,No,0.000315749,0.03670992596,0.01208430829,0.216709,0.005792185,10,458.4304361,0.01148157355,19,391.6937579,0,2,69
Apartment_env.dae,direct,TRRT,No,1,42,450,0.001,0.15,0.2,0.5329165038,Yes,106.5833008,1,Exact solution,437.0671854,No,9.909e-05,0.01120698103,0.003463974694,0.212498,0.005849755,10,437.0671854,0.0005041749919,6,391.6937579,0,2,8
Apartment_env.dae,direct,TRRT,No,2,42,450,0.001,0.15,0.2,0.5329165038,Yes,106.5833008,1,Exact solution,406.0109726,No,0.00012274,0.01388177264,0.004290728165,0.212498,0.005849755,10,406.0109726,6.126934999e-05,5,391.6937579,0,2,7
Apartment_env.dae,direct,TRRT,No,3,42,450,0.001,0.15,0.2,0.5329165038,Yes,106.5833008,1,Exact solution,508.2720049,No,0.000269229,0.0304495337,0.009411670631,0.212498,0.005849755,10,508.2720049,0.0008042928016,7,391.6937579,0,2,11
Apartment_env.dae,direct,TRRT,No,4,42,450,0.001,0.15,0.2,0.5329165038,Yes,106.5833008,1,Exact solution,502.7663417,No,0.00015751,0.01781422526,0.005506213079,0.212498,0.005849755,10,502.7663417,0.0009081028296,7,391.6937579,0,2,8
Apartment_env.dae,direct,TRRT,No,5,42,450,0.001,0.15,0.2,0.5329165038,Yes,106.5833008,1,Exact solution,393.5827461,No,9.919e-05,0.01121829093,0.00346747048,0.212498,0.005849755,10,393.5827461,4.286138126e-06,5,391.6937579,0,2,7
Apartment_env.dae,direct,TRRT,No,6,42,450,0.001,0.15,0.2,0.5329165038,Yes,106.5833008,1,Exact solution,412.6162679,No,0.00013813,0.01562236643,0.004828729685,0.212498,0.005849755,10,412.6162679,0.0004377053067,6,391.6937579,0,2,8
Apartment_env.dae,direct,TRRT,No,7,42,450,0.001,0.15,0.2,0.5329165038,Yes,106.5833008,1,Exact solution,512.0844777,No,0.000333429,0.03771049023,0.01165596547,0.212498,0.005849755,10,512.0844777,0.001338152189,7,391.6937579,0,2,10
Apartment_env.dae,direct,TRRT,No,8,42,450,0.001,0.15,0.2,0.5329165038,Yes,106.5833008,1,Exact solution,449.1082633,No,0.00019569,0.02213234551,0.006840904308,0.212498,0.005849755,10,449.1082633,0.0002851032668,6,391.6937579,0,2,8
Apartment_env.dae,direct,TRRT,No,9,42,450,0.001,0.15,0.2,0.5329165038,Yes,106.5833008,1,Exact solution,565.4859776,No,0.000346039,0.03913666876,0.01209678413,0.212498,0.005849755,10,565.4859776,0.003679305991,9,391.6937579,0,2,14
Apartment_env.dae,direct,TRRT,No,10,42,450,0.001,0.15,0.2,0.5329165038,Yes,106.5833008,1,Exact solution,582.7976223,No,0.00011782,0.01332532551,0.004118735477,0.212498,0.005849755,10,582.7976223,0.0005275880871,7,391.6937579,0,2,10
Apartment_env.dae,direct,TRRT,No,1,42,450,0.001,0.15,0.5,0.5329165038,Yes,266.4582519,1,Exact solution,517.7937727,No,0.000295189,0.02052635964,0.008753378395,0.335219,0.007660639,10,517.7937727,0.001351945347,7,391.6937579,0,2,11
Apartment_env.dae,direct,TRRT,No,2,42,450,0.001,0.15,0.5,0.5329165038,Yes,266.4582519,1,Exact solution,476.4480054,No,0.000300599,0.02090255118,0.008913803672,0.335219,0.007660639,10,476.4480054,0.00282843685,7,391.6937579,0,2,9
Apartment_env.dae,direct,TRRT,No,3,42,450,0.001,0.15,0.5,0.5329165038,Yes,266.4582519,1,Exact solution,512.2973073,No,0.000574368,0.03993944264,0.01703200472,0.335219,0.007660639,10,512.2973073,0.001497972308,6,391.6937579,0,2,19
Apartment_env.dae,direct,TRRT,No,4,42,450,0.001,0.15,0.5,0.5329165038,Yes,266.4582519,1,Exact solution,398.7681838,No,0.000392739,0.02730962861,0.01164607447,0.335219,0.007660639,10,398.7681838,4.043853611e-06,3,391.6937579,0,2,4
Apartment_env.dae,direct,TRRT,No,5,42,450,0.001,0.15,0.5,0.5329165038,Yes,266.4582519,1,Exact solution,498.3944276,No,0.000705928,0.04908764218,0.02093321534,0.335219,0.007660639,10,498.3944276,0.00282401873,7,391.6937579,0,2,14
Apartment_env.dae,direct,TRRT,No,6,42,450,0.001,0.15,0.5,0.5329165038,Yes,266.4582519,1,Exact solution,522.2479455,No,0.000787308,0.05474650869,0.0233464148,0.335219,0.007660639,10,522.2479455,0.0009558459094,7,391.6937579,0,2,12
Apartment_env.dae,direct,TRRT,No,7,42,450,0.001,0.15,0.5,0.5329165038,Yes,266.4582519,1,Exact solution,424.719933,No,0.000529668,0.0368311687,0.01570649458,0.335219,0.007660639,10,424.719933,0.0005720032487,5,391.6937579,0,2,11
Apartment_env.dae,direct,TRRT,No,8,42,450,0.001,0.15,0.5,0.5329165038,Yes,266.4582519,1,Exact solution,423.7404989,No,0.000340729,0.0236930441,0.01010379746,0.335219,0.007660639,10,423.7404989,0.0001065636723,5,391.6937579,0,2,8
Apartment_env.dae,direct,TRRT,No,9,42,450,0.001,0.15,0.5,0.5329165038,Yes,266.4582519,1,Exact solution,423.3008282,No,0.000373699,0.02598565689,0.01108147239,0.335219,0.007660639,10,423.3008282,0.0001594788514,5,391.6937579,0,2,12
Apartment_env.dae,direct,TRRT,No,10,42,450,0.001,0.15,0.5,0.5329165038,Yes,266.4582519,1,Exact solution,569.8050778,No,0.000520548,0.03619699737,0.01543605492,0.335219,0.007660639,10,569.8050778,0.002493072143,8,391.6937579,0,2,19
Apartment_env.dae,direct,RRTstar,Yes,1,42,450,0.001,0.02,0.05,0.5329165038,Yes,26.64582519,1,Exact solution,449.0807982,No,0.110030721,4.697628198,1.901143751,45.592765,1.081412913,10,449.0807982,0.01674858399,21,391.6937579,0,2,1501
Apartment_env.dae,direct,RRTstar,Yes,2,42,450,0.001,0.02,0.05,0.5329165038,Yes,26.64582519,1,Exact solution,449.4030906,No,0.124433592,5.312541309,2.15000087,45.592765,1.081412913,10,449.4030906,0.02276732669,23,391.6937579,0,2,1648
Apartment_env.dae,direct,RRTstar,Yes,3,42,450,0.001,0.02,0.05,0.5329165038,Yes,26.64582519,1,Exact solution,443.3780736,No,0.095416771,4.073703325,1.648639546,45.592765,1.081412913,10,443.3780736,0.02327602662,20,391.6937579,0,2,1338
Apartment_env.dae,direct,RRTstar,Yes,4,42,450,0.001,0.02,0.05,0.5329165038,Yes,26.64582519,1,Exact solution,442.8934084,No,0.077637779,3.314650823,1.341448798,45.592765,1.081412913,10,442.8934084,0.02219185729,22,391.6937579,0,2,1161
Apartment_env.dae,direct,RRTstar,Yes,5,42,450,0.001,0.02,0.05,0.5329165038,Yes,26.64582519,1,Exact solution,445.9222746,No,0.167831154,7.16534759,2.899836944,45.592765,1.081412913,10,445.9222746,0.01446759285,20,391.6937579,0,2,2087
Apartment_env.dae,direct,RRTstar,Yes,6,42,450,0.001,0.02,0.05,0.5329165038,Yes,26.64582519,1,Exact solution,447.7985079,No,0.083520303,3.565798051,1.443088809,45.592765,1.081412913,10,447.7985079,0.01610809525,20,391.6937579,0,2,1225
Apartment_env.dae,direct,RRTstar,Yes,7,42,450,0.001,0.02,0.05,0.5329165038,Yes,26.64582519,1,Exact solution,449.9289213,No,0.093469306,3.990558669,1.614990663,45.592765,1.081412913,10,449.9289213,0.02810044427,22,391.6937579,0,2,1335
Apartment_env.dae,direct,RRTstar,Yes,8,42,450,0.001,0.02,0.05,0.5329165038,Yes,26.64582519,1,Exact solution,435.216353,No,0.096734807,4.129975274,1.671412967,45.592765,1.081412913,10,435.216353,0.01025452773,21,391.6937579,0,2,1369
Apartment_env.dae,direct,RRTstar,Yes,9,42,450,0.001,0.02,0.05,0.5329165038,Yes,26.64582519,1,Exact solution,448.1273882,No,0.122536647,5.231553543,2.117224886,45.592765,1.081412913,10,448.1273882,0.01811845559,21,391.6937579,0,2,1599
Apartment_env.dae,direct,RRTstar,Yes,10,42,450,0.001,0.02,0.05,0.5329165038,Yes,26.64582519,1,Exact solution,445.3426512,No,0.096290549,4.111008217,1.663736944,45.592765,1.081412913,10,445.3426512,0.01425470566,21,391.6937579,0,2,1361
Apartment_env.dae,direct,RRTstar,Yes,1,42,450,0.001,0.02,0.2,0.5329165038,Yes,106.5833008,1,Exact solution,405.5944544,No,0.00354697,0.1814077631,0.07259675482,0.833072,0.019909546,10,405.5944544,8.275897564e-05,6,391.6937579,0,2,116
Apartment_env.dae,direct,RRTstar,Yes,2,42,450,0.001,0.02,0.2,0.5329165038,Yes,106.5833008,1,Exact solution,447.6107418,No,0.00016833,0.0086091421,0.003445253763,0.833072,0.019909546,10,447.6107418,0.0006385977813,7,391.6937579,0,2,15
Apartment_env.dae,direct,RRTstar,Yes,3,42,450,0.001,0.02,0.2,0.5329165038,Yes,106.5833008,1,Exact solution,443.1533872,No,0.003423261,0.1750807366,0.07006477064,0.833072,0.019909546,10,443.1533872,0.0009383717211,7,391.6937579,0,2,113
Apartment_env.dae,direct,RRTstar,Yes,4,42,450,0.001,0.02,0.2,0.5329165038,Yes,106.5833008,1,Exact solution,449.0229208,No,0.000728798,0.03727395915,0.01491649766,0.833072,0.019909546,10,449.0229208,0.0005498270124,7,391.6937579,0,2,33
Apartment_env.dae,direct,RRTstar,Yes,5,42,450,0.001,0.02,0.2,0.5329165038,Yes,106.5833008,1,Exact solution,425.4028158,No,0.002562523,0.1310587812,0.05244782278,0.833072,0.019909546,10,425.4028158,0.0003781834517,7,391.6937579,0,2,73
Apartment_env.dae,direct,RRTstar,Yes,6,42,450,0.001,0.02,0.2,0.5329165038,Yes,106.5833008,1,Exact solution,406.3928526,No,0.001404336,0.0718239659,0.0287429091,0.833072,0.019909546,10,406.3928526,7.607659634e-05,6,391.6937579,0,2,61
Apartment_env.dae,direct,RRTstar,Yes,7,42,450,0.001,0.02,0.2,0.5329165038,Yes,106.5833008,1,Exact solution,398.8441096,No,0.002303934,0.1178333939,0.04715521465,0.833072,0.019909546,10,398.8441096,4.257000191e-05,6,391.6937579,0,2,88
Apartment_env.dae,direct,RRTstar,Yes,8,42,450,0.001,0.02,0.2,0.5329165038,Yes,106.5833008,1,Exact solution,414.3547476,No,0.000307579,0.015730953,0.006295299157,0.833072,0.019909546,10,414.3547476,0.0001217482888,5,391.6937579,0,2,21
Apartment_env.dae,direct,RRTstar,Yes,9,42,450,0.001,0.02,0.2,0.5329165038,Yes,106.5833008,1,Exact solution,404.4661082,No,0.001377276,0.0704399976,0.02818906506,0.833072,0.019909546,10,404.4661082,0.0001696624894,6,391.6937579,0,2,70
Apartment_env.dae,direct,RRTstar,Yes,10,42,450,0.001,0.02,0.2,0.5329165038,Yes,106.5833008,1,Exact solution,442.7467749,No,0.000465609,0.02381330746,0.009529740149,0.833072,0.019909546,10,442.7467749,0.0006266428716,7,391.6937579,0,2,24
Apartment_env.dae,direct,RRTstar,Yes,1,42,450,0.001,0.02,0.5,0.5329165038,Yes,266.4582519,1,Exact solution,391.8722903,No,0.001439136,0.06720721313,0.02619475385,0.589767,0.014339772,10,391.8722903,9.495586043e-08,3,391.6937579,0,2,39
Apartment_env.dae,direct,RRTstar,Yes,2,42,450,0.001,0.02,0.5,0.5329165038,Yes,266.4582519,1,Exact solution,392.0423782,No,0.0001153,0.005384474903,0.002098658583,0.589767,0.014339772,10,392.0423782,2.126416197e-07,3,391.6937579,0,2,7
Apartment_env.dae,direct,RRTstar,Yes,3,42,450,0.001,0.02,0.5,0.5329165038,Yes,266.4582519,1,Exact solution,395.7894883,No,0.005367956,0.2506819112,0.09770604451,0.589767,0.014339772,10,395.7894883,2.309927355e-06,3,391.6937579,0,2,80
Apartment_env.dae,direct,RRTstar,Yes,4,42,450,0.001,0.02,0.5,0.5329165038,Yes,266.4582519,1,Exact solution,393.3440333,No,0.000864547,0.04037408173,0.01573624442,0.589767,0.014339772,10,393.3440333,3.506601159e-06,4,391.6937579,0,2,32
Apartment_env.dae,direct,RRTstar,Yes,5,42,450,0.001,0.02,0.5,0.5329165038,Yes,266.4582519,1,Exact solution,396.9907075,No,0.000329109,0.01536929012,0.005990350629,0.589767,0.014339772,10,396.9907075,2.751978616e-06,3,391.6937579,0,2,12
Apartment_env.dae,direct,RRTstar,Yes,6,42,450,0.001,0.02,0.5,0.5329165038,Yes,266.4582519,1,Exact solution,398.062608,No,0.0001108,0.005174326273,0.002016750832,0.589767,0.014339772,10,398.062608,3.580440259e-06,3,391.6937579,0,2,3
Apartment_env.dae,direct,RRTstar,Yes,7,42,450,0.001,0.02,0.5,0.5329165038,Yes,266.4582519,1,Exact solution,393.4329092,No,0.000651608,0.03042989525,0.01186038787,0.589767,0.014339772,10,393.4329092,9.28697614e-07,3,391.6937579,0,2,21
Apartment_env.dae,direct,RRTstar,Yes,8,42,450,0.001,0.02,0.5,0.5329165038,Yes,266.4582519,1,Exact solution,392.5281916,No,0.000587609,0.02744116143,0.01069549585,0.589767,0.014339772,10,392.5281916,4.615723175e-07,3,391.6937579,0,2,17
Apartment_env.dae,direct,RRTstar,Yes,9,42,450,0.001,0.02,0.5,0.5329165038,Yes,266.4582519,1,Exact solution,391.6937579,No,0.001039877,0.04856193937,0.0189275524,0.589767,0.014339772,10,391.6937579,0,3,391.6937579,0,2,27
Apartment_env.dae,direct,RRTstar,Yes,10,42,450,0.001,0.02,0.5,0.5329165038,Yes,266.4582519,1,Exact solution,394.1400908,No,0.002122984,0.09914270657,0.03864196525,0.589767,0.014339772,10,394.1400908,6.425511561e-06,4,391.6937579,0,2,52
Apartment_env.dae,direct,RRTstar,Yes,1,42,450,0.001,0.05,0.05,0.5329165038,Yes,26.64582519,1,Exact solution,449.0784823,No,0.105012945,4.415594658,1.747864186,43.152294,1.038767829,10,449.0784823,0.017036983,22,391.6937579,0,2,1442
Apartment_env.dae,direct,RRTstar,Yes,2,42,450,0.001,0.05,0.05,0.5329165038,Yes,26.64582519,1,Exact solution,435.4828936,No,0.040446421,1.700695095,0.6732012964,43.152294,1.038767829,10,435.4828936,0.01292242766,19,391.6937579,0,2,734
Apartment_env.dae,direct,RRTstar,Yes,3,42,450,0.001,0.05,0.05,0.5329165038,Yes,26.64582519,1,Exact solution,448.6071754,No,0.124282013,5.225822328,2.068583825,43.152294,1.038767829,10,448.6071754,0.03066466324,23,391.6937579,0,2,1628
Apartment_env.dae,direct,RRTstar,Yes,4,42,450,0.001,0.05,0.05,0.5329165038,Yes,26.64582519,1,Exact solution,446.2663042,No,0.056448677,2.373559532,0.9395472231,43.152294,1.038767829,10,446.2663042,0.02900570267,22,391.6937579,0,2,929
Apartment_env.dae,direct,RRTstar,Yes,5,42,450,0.001,0.05,0.05,0.5329165038,Yes,26.64582519,1,Exact solution,448.0984698,No,0.12159629,5.112892783,2.023881917,43.152294,1.038767829,10,448.0984698,0.01430867994,21,391.6937579,0,2,1614
Apartment_env.dae,direct,RRTstar,Yes,6,42,450,0.001,0.05,0.05,0.5329165038,Yes,26.64582519,1,Exact solution,448.7419309,No,0.15443609,6.493743929,2.570476532,43.152294,1.038767829,10,448.7419309,0.01487668917,21,391.6937579,0,2,1935
Apartment_env.dae,direct,RRTstar,Yes,7,42,450,0.001,0.05,0.05,0.5329165038,Yes,26.64582519,1,Exact solution,446.3823907,No,0.205048663,8.621906385,3.412886044,43.152294,1.038767829,10,446.3823907,0.01971371537,22,391.6937579,0,2,2365
Apartment_env.dae,direct,RRTstar,Yes,8,42,450,0.001,0.05,0.05,0.5329165038,Yes,26.64582519,1,Exact solution,449.8704963,No,0.072255794,3.038218745,1.202645203,43.152294,1.038767829,10,449.8704963,0.01667737932,22,391.6937579,0,2,1070
Apartment_env.dae,direct,RRTstar,Yes,9,42,450,0.001,0.05,0.05,0.5329165038,Yes,26.64582519,1,Exact solution,434.7585873,No,0.07745097,3.256666018,1.289115134,43.152294,1.038767829,10,434.7585873,0.009846950302,20,391.6937579,0,2,1136
Apartment_env.dae,direct,RRTstar,Yes,10,42,450,0.001,0.05,0.05,0.5329165038,Yes,26.64582519,1,Exact solution,444.1753065,No,0.069282432,2.913194527,1.153155752,43.152294,1.038767829,10,444.1753065,0.01870374515,20,391.6937579,0,2,1064
Apartment_env.dae,direct,RRTstar,Yes,1,42,450,0.001,0.05,0.2,0.5329165038,Yes,106.5833008,1,Exact solution,433.0638002,No,0.000552529,0.03254803161,0.01095190168,0.367703,0.009720984,10,433.0638002,0.0001860340178,6,391.6937579,0,2,27
Apartment_env.dae,direct,RRTstar,Yes,2,42,450,0.001,0.05,0.2,0.5329165038,Yes,106.5833008,1,Exact solution,422.3767787,No,8.706e-05,0.005128475848,0.001725651614,0.367703,0.009720984,10,422.3767787,0.0001096690166,6,391.6937579,0,2,8
Apartment_env.dae,direct,RRTstar,Yes,3,42,450,0.001,0.05,0.2,0.5329165038,Yes,106.5833008,1,Exact solution,446.8127474,No,0.002019705,0.1189755147,0.04003339298,0.367703,0.009720984,10,446.8127474,0.0004439307585,6,391.6937579,0,2,64
Apartment_env.dae,direct,RRTstar,Yes,4,42,450,0.001,0.05,0.2,0.5329165038,Yes,106.5833008,1,Exact solution,413.8139916,No,0.000517198,0.03046677523,0.01025159158,0.367703,0.009720984,10,413.8139916,0.0001503013911,6,391.6937579,0,2,32
Apartment_env.dae,direct,RRTstar,Yes,5,42,450,0.001,0.05,0.2,0.5329165038,Yes,106.5833008,1,Exact solution,401.8999491,No,0.001024627,0.06035808434,0.02030954785,0.367703,0.009720984,10,401.8999491,3.011731736e-05,5,391.6937579,0,2,50
Apartment_env.dae,direct,RRTstar,Yes,6,42,450,0.001,0.05,0.2,0.5329165038,Yes,106.5833008,1,Exact solution,416.0060517,No,0.000778248,0.04584454482,0.01542596964,0.367703,0.009720984,10,416.0060517,0.0002887402635,6,391.6937579,0,2,29
Apartment_env.dae,direct,RRTstar,Yes,7,42,450,0.001,0.05,0.2,0.5329165038,Yes,106.5833008,1,Exact solution,440.3819705,No,0.000351589,0.02071118418,0.006968988344,0.367703,0.009720984,10,440.3819705,0.0004520767252,6,391.6937579,0,2,21
Apartment_env.dae,direct,RRTstar,Yes,8,42,450,0.001,0.05,0.2,0.5329165038,Yes,106.5833008,1,Exact solution,406.5876056,No,0.000506239,0.02982120934,0.0100343688,0.367703,0.009720984,10,406.5876056,8.902365595e-05,6,391.6937579,0,2,26
Apartment_env.dae,direct,RRTstar,Yes,9,42,450,0.001,0.05,0.2,0.5329165038,Yes,106.5833008,1,Exact solution,435.186142,No,0.000298939,0.01760971102,0.005925391314,0.367703,0.009720984,10,435.186142,0.0002608182902,6,391.6937579,0,2,18
Apartment_env.dae,direct,RRTstar,Yes,10,42,450,0.001,0.05,0.2,0.5329165038,Yes,106.5833008,1,Exact solution,449.7226204,No,0.00010592,0.006239468893,0.002099483333,0.367703,0.009720984,10,449.7226204,0.0002792797248,6,391.6937579,0,2,10
Apartment_env.dae,direct,RRTstar,Yes,1,42,450,0.001,0.05,0.5,0.5329165038,Yes,266.4582519,1,Exact solution,396.5248005,No,0.000370349,0.01992920877,0.006771544117,0.173118,0.004553998,10,396.5248005,2.512698045e-06,3,391.6937579,0,2,16
Apartment_env.dae,direct,RRTstar,Yes,2,42,450,0.001,0.05,0.5,0.5329165038,Yes,266.4582519,1,Exact solution,397.9952766,No,0.000322709,0.01736560659,0.00590048368,0.173118,0.004553998,10,397.9952766,3.360374618e-06,3,391.6937579,0,2,11
Apartment_env.dae,direct,RRTstar,Yes,3,42,450,0.001,0.05,0.5,0.5329165038,Yes,266.4582519,1,Exact solution,391.6937579,No,0.000967917,0.05208551925,0.01769761135,0.173118,0.004553998,10,391.6937579,0,3,391.6937579,0,2,17
Apartment_env.dae,direct,RRTstar,Yes,4,42,450,0.001,0.05,0.5,0.5329165038,Yes,266.4582519,1,Exact solution,391.6937579,No,0.000169819,0.009138294702,0.003105008655,0.173118,0.004553998,10,391.6937579,0,3,391.6937579,0,2,10
Apartment_env.dae,direct,RRTstar,Yes,5,42,450,0.001,0.05,0.5,0.5329165038,Yes,266.4582519,1,Exact solution,396.2201042,No,0.000541479,0.02913805097,0.00990052339,0.173118,0.004553998,10,396.2201042,2.334330551e-06,3,391.6937579,0,2,20
Apartment_env.dae,direct,RRTstar,Yes,6,42,450,0.001,0.05,0.5,0.5329165038,Yes,266.4582519,1,Exact solution,397.870262,No,7.403e-05,0.003983700038,0.001353581111,0.173118,0.004553998,10,397.870262,3.560811142e-06,3,391.6937579,0,2,5
Apartment_env.dae,direct,RRTstar,Yes,7,42,450,0.001,0.05,0.5,0.5329165038,Yes,266.4582519,1,Exact solution,397.939106,No,0.000257509,0.01385706623,0.004708352268,0.173118,0.004553998,10,397.939106,3.541028944e-06,3,391.6937579,0,2,11
Apartment_env.dae,direct,RRTstar,Yes,8,42,450,0.001,0.05,0.5,0.5329165038,Yes,266.4582519,1,Exact solution,398.3786821,No,0.00031663,0.01703848363,0.005789333882,0.173118,0.004553998,10,398.3786821,3.538408597e-06,3,391.6937579,0,2,11
Apartment_env.dae,direct,RRTstar,Yes,9,42,450,0.001,0.05,0.5,0.5329165038,Yes,266.4582519,1,Exact solution,398.7072912,No,0.00013578,0.007306589102,0.00248263195,0.173118,0.004553998,10,398.7072912,3.607157144e-06,3,391.6937579,0,2,3
Apartment_env.dae,direct,RRTstar,Yes,10,42,450,0.001,0.05,0.5,0.5329165038,Yes,266.4582519,1,Exact solution,392.9690358,No,6.0869e-05,0.003275480719,0.001112942438,0.173118,0.004553998,10,392.9690358,7.708177965e-07,3,391.6937579,0,2,5
Apartment_env.dae,direct,RRTstar,Yes,1,42,450,0.001,0.15,0.05,0.5329165038,Yes,26.64582519,1,Exact solution,449.4983659,No,0.071652845,3.086283356,1.252174088,15.982602,0.378441492,10,449.4983659,0.01215381781,21,391.6937579,0,2,1102
Apartment_env.dae,direct,RRTstar,Yes,2,42,450,0.001,0.15,0.05,0.5329165038,Yes,26.64582519,1,Exact solution,442.8733145,No,0.00014183,0.006109004721,0.002478559657,15.982602,0.378441492,10,442.8733145,0.01360618737,18,391.6937579,0,2,33
Apartment_env.dae,direct,RRTstar,Yes,3,42,450,0.001,0.15,0.05,0.5329165038,Yes,26.64582519,1,Exact solution,432.3468223,No,0.000378599,0.01630729097,0.006616232162,15.982602,0.378441492,10,432.3468223,0.006466927214,18,391.6937579,0,2,44
Apartment_env.dae,direct,RRTstar,Yes,4,42,450,0.001,0.15,0.05,0.5329165038,Yes,26.64582519,1,Exact solution,447.0936506,No,0.000422929,0.01821670491,0.007390924044,15.982602,0.378441492,10,447.0936506,0.01270734584,19,391.6937579,0,2,60
Apartment_env.dae,direct,RRTstar,Yes,5,42,450,0.001,0.15,0.05,0.5329165038,Yes,26.64582519,1,Exact solution,444.7476495,No,0.054342563,2.340682323,0.9496670966,15.982602,0.378441492,10,444.7476495,0.0239300715,22,391.6937579,0,2,888
Apartment_env.dae,direct,RRTstar,Yes,6,42,450,0.001,0.15,0.05,0.5329165038,Yes,26.64582519,1,Exact solution,441.639189,No,0.08470634,3.648532969,1.480291314,15.982602,0.378441492,10,441.639189,0.0164333423,20,391.6937579,0,2,1225
Apartment_env.dae,direct,RRTstar,Yes,7,42,450,0.001,0.15,0.05,0.5329165038,Yes,26.64582519,1,Exact solution,439.5339211,No,0.000190109,0.008188512857,0.003322262553,15.982602,0.378441492,10,439.5339211,0.01156006669,18,391.6937579,0,2,33
Apartment_env.dae,direct,RRTstar,Yes,8,42,450,0.001,0.15,0.05,0.5329165038,Yes,26.64582519,1,Exact solution,449.8840825,No,0.133972946,5.770579987,2.341253184,15.982602,0.378441492,10,449.8840825,0.01942863322,20,391.6937579,0,2,1749
Apartment_env.dae,direct,RRTstar,Yes,9,42,450,0.001,0.15,0.05,0.5329165038,Yes,26.64582519,1,Exact solution,445.1125503,No,0.025072452,1.079938854,0.4381553129,15.982602,0.378441492,10,445.1125503,0.04225962605,20,391.6937579,0,2,549
Apartment_env.dae,direct,RRTstar,Yes,10,42,450,0.001,0.15,0.05,0.5329165038,Yes,26.64582519,1,Exact solution,411.8882114,No,0.00018023,0.007762997397,0.003149621427,15.982602,0.378441492,10,411.8882114,0.003959830666,17,391.6937579,0,2,32
Apartment_env.dae,direct,RRTstar,Yes,1,42,450,0.001,0.15,0.2,0.5329165038,Yes,106.5833008,1,Exact solution,403.5911259,No,6.76e-05,0.003897311057,0.001616946199,0.549456,0.012809555,10,403.5911259,6.520698091e-05,5,391.6937579,0,2,8
Apartment_env.dae,direct,RRTstar,Yes,2,42,450,0.001,0.15,0.2,0.5329165038,Yes,106.5833008,1,Exact solution,395.5537825,No,5.538e-05,0.003192797136,0.001324652079,0.549456,0.012809555,10,395.5537825,1.418259332e-05,5,391.6937579,0,2,5
Apartment_env.dae,direct,RRTstar,Yes,3,42,450,0.001,0.15,0.2,0.5329165038,Yes,106.5833008,1,Exact solution,420.2347981,No,0.0001725,0.0099450615,0.004126083127,0.549456,0.012809555,10,420.2347981,0.0004887187515,7,391.6937579,0,2,12
Apartment_env.dae,direct,RRTstar,Yes,4,42,450,0.001,0.15,0.2,0.5329165038,Yes,106.5833008,1,Exact solution,396.9703599,No,9.918e-05,0.005717977969,0.002372318403,0.549456,0.012809555,10,396.9703599,2.150956806e-05,6,391.6937579,0,2,11
Apartment_env.dae,direct,RRTstar,Yes,5,42,450,0.001,0.15,0.2,0.5329165038,Yes,106.5833008,1,Exact solution,416.208278,No,0.000167509,0.009657317721,0.004006701789,0.549456,0.012809555,10,416.208278,0.0002452036312,6,391.6937579,0,2,15
Apartment_env.dae,direct,RRTstar,Yes,6,42,450,0.001,0.15,0.2,0.5329165038,Yes,106.5833008,1,Exact solution,445.9883339,No,0.002655573,0.1531005032,0.06351950695,0.549456,0.012809555,10,445.9883339,0.00089117368,7,391.6937579,0,2,80
Apartment_env.dae,direct,RRTstar,Yes,7,42,450,0.001,0.15,0.2,0.5329165038,Yes,106.5833008,1,Exact solution,436.8671079,No,0.000516349,0.02976882644,0.01235071824,0.549456,0.012809555,10,436.8671079,0.0002447254737,6,391.6937579,0,2,34
Apartment_env.dae,direct,RRTstar,Yes,8,42,450,0.001,0.15,0.2,0.5329165038,Yes,106.5833008,1,Exact solution,425.8006949,No,0.001142367,0.06586034824,0.02732464466,0.549456,0.012809555,10,425.8006949,0.0001921688051,6,391.6937579,0,2,33
Apartment_env.dae,direct,RRTstar,Yes,9,42,450,0.001,0.15,0.2,0.5329165038,Yes,106.5833008,1,Exact solution,447.4703295,No,0.001347386,0.07768021237,0.03222856024,0.549456,0.012809555,10,447.4703295,0.0004827973852,6,391.6937579,0,2,40
Apartment_env.dae,direct,RRTstar,Yes,10,42,450,0.001,0.15,0.2,0.5329165038,Yes,106.5833008,1,Exact solution,431.3079096,No,0.003306631,0.1906356444,0.0790923732,0.549456,0.012809555,10,431.3079096,0.0006013506389,7,391.6937579,0,2,103
Apartment_env.dae,direct,RRTstar,Yes,1,42,450,0.001,0.15,0.5,0.5329165038,Yes,266.4582519,1,Exact solution,391.6937579,No,7.258e-05,0.00577770757,0.002156627624,0.15821,0.003950739,10,391.6937579,0,3,391.6937579,0,2,4
Apartment_env.dae,direct,RRTstar,Yes,2,42,450,0.001,0.15,0.5,0.5329165038,Yes,266.4582519,1,Exact solution,394.2995633,No,3.867e-05,0.00307831292,0.001149032656,0.15821,0.003950739,10,394.2995633,1.392967601e-06,3,391.6937579,0,2,3
Apartment_env.dae,direct,RRTstar,Yes,3,42,450,0.001,0.15,0.5,0.5329165038,Yes,266.4582519,1,Exact solution,391.6937579,No,8.535e-05,0.006794259316,0.002536072853,0.15821,0.003950739,10,391.6937579,0,3,391.6937579,0,2,4
Apartment_env.dae,direct,RRTstar,Yes,4,42,450,0.001,0.15,0.5,0.5329165038,Yes,266.4582519,1,Exact solution,391.6937579,No,0.0001018,0.008103756278,0.003024864868,0.15821,0.003950739,10,391.6937579,0,3,391.6937579,0,2,7
Apartment_env.dae,direct,RRTstar,Yes,5,42,450,0.001,0.15,0.5,0.5329165038,Yes,266.4582519,1,Exact solution,394.6961486,No,5.781e-05,0.004601946468,0.001717754794,0.15821,0.003950739,10,394.6961486,1.564690497e-06,3,391.6937579,0,2,3
Apartment_env.dae,direct,RRTstar,Yes,6,42,450,0.001,0.15,0.5,0.5329165038,Yes,266.4582519,1,Exact solution,447.5631145,No,0.000456319,0.03632512732,0.01355897163,0.15821,0.003950739,10,447.5631145,6.083060484e-05,4,391.6937579,0,2,10
Apartment_env.dae,direct,RRTstar,Yes,7,42,450,0.001,0.15,0.5,0.5329165038,Yes,266.4582519,1,Exact solution,391.6937579,No,0.000120489,0.009591488116,0.003580186081,0.15821,0.003950739,10,391.6937579,0,3,391.6937579,0,2,5
Apartment_env.dae,direct,RRTstar,Yes,8,42,450,0.001,0.15,0.5,0.5329165038,Yes,266.4582519,1,Exact solution,415.1786219,No,0.000304759,0.02426024224,0.009055548057,0.15821,0.003950739,10,415.1786219,3.736551307e-05,4,391.6937579,0,2,12
Apartment_env.dae,direct,RRTstar,Yes,9,42,450,0.001,0.15,0.5,0.5329165038,Yes,266.4582519,1,Exact solution,394.116255,No,0.00020684,0.01646543171,0.006146002448,0.15821,0.003950739,10,394.116255,2.461620013e-06,4,391.6937579,0,2,7
Apartment_env.dae,direct,RRTstar,Yes,10,42,450,0.001,0.15,0.5,0.5329165038,Yes,266.4582519,1,Exact solution,393.5168935,No,0.000542829,0.04321172806,0.01612951249,0.15821,0.003950739,10,393.5168935,9.606778791e-07,3,391.6937579,0,2,9
Apartment_env.dae,direct,InformedRRTstar,Yes,1,42,450,0.001,0.02,0.05,0.5329165038,Yes,26.64582519,1,Exact solution,445.24403,No,0.120007164,5.086111595,2.035613914,30.237145,0.722582517,10,445.24403,0.01348391442,21,391.6937579,0,2,1203
Apartment_env.dae,direct,InformedRRTstar,Yes,2,42,450,0.001,0.02,0.05,0.5329165038,Yes,26.64582519,1,Exact solution,448.380134,No,0.060438725,2.561497912,1.025188042,30.237145,0.722582517,10,448.380134,0.02517928212,22,391.6937579,0,2,765
Apartment_env.dae,direct,InformedRRTstar,Yes,3,42,450,0.001,0.02,0.05,0.5329165038,Yes,26.64582519,1,Exact solution,442.746032,No,0.115768786,4.906481789,1.963720695,30.237145,0.722582517,10,442.746032,0.02444079277,24,391.6937579,0,2,1133
Apartment_env.dae,direct,InformedRRTstar,Yes,4,42,450,0.001,0.02,0.05,0.5329165038,Yes,26.64582519,1,Exact solution,441.8787545,No,0.025295601,1.07207141,0.4290750288,30.237145,0.722582517,10,441.8787545,0.01488927079,19,391.6937579,0,2,437
Apartment_env.dae,direct,InformedRRTstar,Yes,5,42,450,0.001,0.02,0.05,0.5329165038,Yes,26.64582519,1,Exact solution,446.0562816,No,0.053385435,2.262567258,0.9055470578,30.237145,0.722582517,10,446.0562816,0.02000576145,21,391.6937579,0,2,771
Apartment_env.dae,direct,InformedRRTstar,Yes,6,42,450,0.001,0.02,0.05,0.5329165038,Yes,26.64582519,1,Exact solution,445.0356761,No,0.020568735,0.8717386369,0.3488958638,30.237145,0.722582517,10,445.0356761,0.01367002159,20,391.6937579,0,2,467
Apartment_env.dae,direct,InformedRRTstar,Yes,7,42,450,0.001,0.02,0.05,0.5329165038,Yes,26.64582519,1,Exact solution,445.424489,No,0.087040013,3.6889066,1.476410704,30.237145,0.722582517,10,445.424489,0.03456170535,23,391.6937579,0,2,1031
Apartment_env.dae,direct,InformedRRTstar,Yes,8,42,450,0.001,0.02,0.05,0.5329165038,Yes,26.64582519,1,Exact solution,444.3519714,No,0.02927169,1.240584953,0.4965191865,30.237145,0.722582517,10,444.3519714,0.01190119383,20,391.6937579,0,2,609
Apartment_env.dae,direct,InformedRRTstar,Yes,9,42,450,0.001,0.02,0.05,0.5329165038,Yes,26.64582519,1,Exact solution,441.0373578,No,0.107489368,4.555585705,1.823281592,30.237145,0.722582517,10,441.0373578,0.0211147596,21,391.6937579,0,2,1172
Apartment_env.dae,direct,InformedRRTstar,Yes,10,42,450,0.001,0.02,0.05,0.5329165038,Yes,26.64582519,1,Exact solution,428.7437095,No,0.094182065,3.991599141,1.597557309,30.237145,0.722582517,10,428.7437095,0.01825837117,22,391.6937579,0,2,853
Apartment_env.dae,direct,InformedRRTstar,Yes,1,42,450,0.001,0.02,0.2,0.5329165038,Yes,106.5833008,1,Exact solution,447.1719683,No,0.000588439,0.0288982445,0.01152883934,1.007775,0.024134534,10,447.1719683,0.0005259959038,7,391.6937579,0,2,25
Apartment_env.dae,direct,InformedRRTstar,Yes,2,42,450,0.001,0.02,0.2,0.5329165038,Yes,106.5833008,1,Exact solution,398.6056761,No,0.005165366,0.25367117,0.1012011011,1.007775,0.024134534,10,398.6056761,6.436977044e-05,6,391.6937579,0,2,26
Apartment_env.dae,direct,InformedRRTstar,Yes,3,42,450,0.001,0.02,0.2,0.5329165038,Yes,106.5833008,1,Exact solution,407.1997521,No,0.000676118,0.03320416097,0.01324666753,1.007775,0.024134534,10,407.1997521,3.159309799e-05,5,391.6937579,0,2,13
Apartment_env.dae,direct,InformedRRTstar,Yes,4,42,450,0.001,0.02,0.2,0.5329165038,Yes,106.5833008,1,Exact solution,441.865377,No,0.001905135,0.09356119672,0.03732586612,1.007775,0.024134534,10,441.865377,0.0005125417678,7,391.6937579,0,2,51
Apartment_env.dae,direct,InformedRRTstar,Yes,5,42,450,0.001,0.02,0.2,0.5329165038,Yes,106.5833008,1,Exact solution,427.1897186,No,0.001273757,0.06255421755,0.0249557555,1.007775,0.024134534,10,427.1897186,0.0002282166575,7,391.6937579,0,2,33
Apartment_env.dae,direct,InformedRRTstar,Yes,6,42,450,0.001,0.02,0.2,0.5329165038,Yes,106.5833008,1,Exact solution,399.8110016,No,0.001777995,0.0873173502,0.03483490846,1.007775,0.024134534,10,399.8110016,3.633581022e-05,5,391.6937579,0,2,16
Apartment_env.dae,direct,InformedRRTstar,Yes,7,42,450,0.001,0.02,0.2,0.5329165038,Yes,106.5833008,1,Exact solution,399.6338145,No,0.005175616,0.2541745476,0.1014019216,1.007775,0.024134534,10,399.6338145,4.317861269e-05,6,391.6937579,0,2,32
Apartment_env.dae,direct,InformedRRTstar,Yes,8,42,450,0.001,0.02,0.2,0.5329165038,Yes,106.5833008,1,Exact solution,437.3231535,No,0.000272919,0.01340305451,0.005347095117,1.007775,0.024134534,10,437.3231535,0.0001823872017,6,391.6937579,0,2,12
Apartment_env.dae,direct,InformedRRTstar,Yes,9,42,450,0.001,0.02,0.2,0.5329165038,Yes,106.5833008,1,Exact solution,438.243482,No,0.001694876,0.08323537537,0.03320642089,1.007775,0.024134534,10,438.243482,0.0005482286269,7,391.6937579,0,2,40
Apartment_env.dae,direct,InformedRRTstar,Yes,10,42,450,0.001,0.02,0.2,0.5329165038,Yes,106.5833008,1,Exact solution,434.8009291,No,0.001990545,0.09775568258,0.03899923952,1.007775,0.024134534,10,434.8009291,0.0002089367087,6,391.6937579,0,2,55
Apartment_env.dae,direct,InformedRRTstar,Yes,1,42,450,0.001,0.02,0.5,0.5329165038,Yes,266.4582519,1,Exact solution,405.0822397,No,0.000715168,0.03555701743,0.01411559054,0.453453,0.010894881,10,405.0822397,6.845985514e-06,3,391.6937579,0,2,10
Apartment_env.dae,direct,InformedRRTstar,Yes,2,42,450,0.001,0.02,0.5,0.5329165038,Yes,266.4582519,1,Exact solution,393.1935493,No,0.000148789,0.007397552835,0.002936715011,0.453453,0.010894881,10,393.1935493,8.657083869e-07,3,391.6937579,0,2,3
Apartment_env.dae,direct,InformedRRTstar,Yes,3,42,450,0.001,0.02,0.5,0.5329165038,Yes,266.4582519,1,Exact solution,393.2717121,No,0.00012272,0.006101443547,0.002422179503,0.453453,0.010894881,10,393.2717121,9.50946533e-07,3,391.6937579,0,2,4
Apartment_env.dae,direct,InformedRRTstar,Yes,4,42,450,0.001,0.02,0.5,0.5329165038,Yes,266.4582519,1,Exact solution,393.814637,No,0.002705433,0.1345098331,0.05339834061,0.453453,0.010894881,10,393.814637,1.271387391e-06,3,391.6937579,0,2,5
Apartment_env.dae,direct,InformedRRTstar,Yes,5,42,450,0.001,0.02,0.5,0.5329165038,Yes,266.4582519,1,Exact solution,392.8590044,No,0.000566638,0.02817234166,0.01118398753,0.453453,0.010894881,10,392.8590044,6.179239575e-07,3,391.6937579,0,2,4
Apartment_env.dae,direct,InformedRRTstar,Yes,6,42,450,0.001,0.02,0.5,0.5329165038,Yes,266.4582519,1,Exact solution,392.4172447,No,0.000159139,0.007912138401,0.003140997588,0.453453,0.010894881,10,392.4172447,4.028733031e-07,3,391.6937579,0,2,3
Apartment_env.dae,direct,InformedRRTstar,Yes,7,42,450,0.001,0.02,0.5,0.5329165038,Yes,266.4582519,1,Exact solution,392.5655849,No,0.001927694,0.09584188491,0.03804775828,0.453453,0.010894881,10,392.5655849,4.644850814e-07,3,391.6937579,0,2,3
Apartment_env.dae,direct,InformedRRTstar,Yes,8,42,450,0.001,0.02,0.5,0.5329165038,Yes,266.4582519,1,Exact solution,391.6937579,No,0.00018281,0.009089022937,0.003608202697,0.453453,0.010894881,10,391.6937579,0,3,391.6937579,0,2,3
Apartment_env.dae,direct,InformedRRTstar,Yes,9,42,450,0.001,0.02,0.5,0.5329165038,Yes,266.4582519,1,Exact solution,398.7854354,No,0.001128897,0.05612696639,0.02228154477,0.453453,0.010894881,10,398.7854354,3.606452418e-06,3,391.6937579,0,2,3
Apartment_env.dae,direct,InformedRRTstar,Yes,10,42,450,0.001,0.02,0.5,0.5329165038,Yes,266.4582519,1,Exact solution,392.4892061,No,0.001463136,0.07274479877,0.02887856934,0.453453,0.010894881,10,392.4892061,4.26313223e-07,3,391.6937579,0,2,4
Apartment_env.dae,direct,InformedRRTstar,Yes,1,42,450,0.001,0.05,0.05,0.5329165038,Yes,26.64582519,1,Exact solution,442.6470176,No,0.046520974,1.960021113,0.7739067707,22.458677,0.541516669,10,442.6470176,0.01760730833,22,391.6937579,0,2,665
Apartment_env.dae,direct,InformedRRTstar,Yes,2,42,450,0.001,0.05,0.05,0.5329165038,Yes,26.64582519,1,Exact solution,443.7991239,No,0.011212609,0.4724095066,0.1865290701,22.458677,0.541516669,10,443.7991239,0.02035916815,20,391.6937579,0,2,334
Apartment_env.dae,direct,InformedRRTstar,Yes,3,42,450,0.001,0.05,0.05,0.5329165038,Yes,26.64582519,1,Exact solution,448.4012529,No,0.11049721,4.655467113,1.838193219,22.458677,0.541516669,10,448.4012529,0.03385451762,23,391.6937579,0,2,1163
Apartment_env.dae,direct,InformedRRTstar,Yes,4,42,450,0.001,0.05,0.05,0.5329165038,Yes,26.64582519,1,Exact solution,448.2425242,No,0.040683559,1.714079215,0.6767975616,22.458677,0.541516669,10,448.2425242,0.02127318789,21,391.6937579,0,2,635
Apartment_env.dae,direct,InformedRRTstar,Yes,5,42,450,0.001,0.05,0.05,0.5329165038,Yes,26.64582519,1,Exact solution,449.0523571,No,0.028652532,1.207188131,0.4766535738,22.458677,0.541516669,10,449.0523571,0.02295676132,21,391.6937579,0,2,587
Apartment_env.dae,direct,InformedRRTstar,Yes,6,42,450,0.001,0.05,0.05,0.5329165038,Yes,26.64582519,1,Exact solution,443.8196219,No,0.053836354,2.268232615,0.8956028924,22.458677,0.541516669,10,443.8196219,0.03516987687,22,391.6937579,0,2,668
Apartment_env.dae,direct,InformedRRTstar,Yes,7,42,450,0.001,0.05,0.05,0.5329165038,Yes,26.64582519,1,Exact solution,449.3248332,No,0.059579038,2.510183307,0.9911361895,22.458677,0.541516669,10,449.3248332,0.02878343063,24,391.6937579,0,2,798
Apartment_env.dae,direct,InformedRRTstar,Yes,8,42,450,0.001,0.05,0.05,0.5329165038,Yes,26.64582519,1,Exact solution,447.9840528,No,0.079463645,3.347961329,1.321929607,22.458677,0.541516669,10,447.9840528,0.0178295203,22,391.6937579,0,2,1118
Apartment_env.dae,direct,InformedRRTstar,Yes,9,42,450,0.001,0.05,0.05,0.5329165038,Yes,26.64582519,1,Exact solution,448.295364,No,0.071058437,2.993833207,1.182103485,22.458677,0.541516669,10,448.295364,0.0234380897,22,391.6937579,0,2,1018
Apartment_env.dae,direct,InformedRRTstar,Yes,10,42,450,0.001,0.05,0.05,0.5329165038,Yes,26.64582519,1,Exact solution,448.1523325,No,0.031550884,1.329301463,0.5248695513,22.458677,0.541516669,10,448.1523325,0.01481873719,20,391.6937579,0,2,640
Apartment_env.dae,direct,InformedRRTstar,Yes,1,42,450,0.001,0.05,0.2,0.5329165038,Yes,106.5833008,1,Exact solution,444.9880061,No,0.000231929,0.01394557866,0.005730444768,0.515187,0.012092187,10,444.9880061,0.0003752883071,7,391.6937579,0,2,17
Apartment_env.dae,direct,InformedRRTstar,Yes,2,42,450,0.001,0.05,0.2,0.5329165038,Yes,106.5833008,1,Exact solution,411.3759285,No,5.468e-05,0.003287834817,0.00135102001,0.515187,0.012092187,10,411.3759285,7.234034883e-05,5,391.6937579,0,2,6
Apartment_env.dae,direct,InformedRRTstar,Yes,3,42,450,0.001,0.05,0.2,0.5329165038,Yes,106.5833008,1,Exact solution,411.2454056,No,0.000566449,0.03405981609,0.01399568277,0.515187,0.012092187,10,411.2454056,0.0002441926528,6,391.6937579,0,2,15
Apartment_env.dae,direct,InformedRRTstar,Yes,4,42,450,0.001,0.05,0.2,0.5329165038,Yes,106.5833008,1,Exact solution,440.2785508,No,0.000944618,0.05679860916,0.02333938954,0.515187,0.012092187,10,440.2785508,0.0005242250423,6,391.6937579,0,2,28
Apartment_env.dae,direct,InformedRRTstar,Yes,5,42,450,0.001,0.05,0.2,0.5329165038,Yes,106.5833008,1,Exact solution,448.245667,No,0.000334099,0.02008892327,0.008254836035,0.515187,0.012092187,10,448.245667,0.0003843941089,6,391.6937579,0,2,20
Apartment_env.dae,direct,InformedRRTstar,Yes,6,42,450,0.001,0.05,0.2,0.5329165038,Yes,106.5833008,1,Exact solution,432.2220061,No,0.000682138,0.04101603998,0.01685409817,0.515187,0.012092187,10,432.2220061,0.000430849178,7,391.6937579,0,2,21
Apartment_env.dae,direct,InformedRRTstar,Yes,7,42,450,0.001,0.05,0.2,0.5329165038,Yes,106.5833008,1,Exact solution,425.0624977,No,0.001514816,0.09108384758,0.03742770168,0.515187,0.012092187,10,425.0624977,0.0001519306187,6,391.6937579,0,2,38
Apartment_env.dae,direct,InformedRRTstar,Yes,8,42,450,0.001,0.05,0.2,0.5329165038,Yes,106.5833008,1,Exact solution,400.9192613,No,0.000647249,0.03891821136,0.01599206932,0.515187,0.012092187,10,400.9192613,5.241942604e-05,5,391.6937579,0,2,7
Apartment_env.dae,direct,InformedRRTstar,Yes,9,42,450,0.001,0.05,0.2,0.5329165038,Yes,106.5833008,1,Exact solution,437.6826728,No,0.003082341,0.1853370164,0.07615772438,0.515187,0.012092187,10,437.6826728,0.0006245387163,6,391.6937579,0,2,82
Apartment_env.dae,direct,InformedRRTstar,Yes,10,42,450,0.001,0.05,0.2,0.5329165038,Yes,106.5833008,1,Exact solution,402.9801626,No,0.000509759,0.03065112268,0.01259500017,0.515187,0.012092187,10,402.9801626,0.000112337689,6,391.6937579,0,2,13
Apartment_env.dae,direct,InformedRRTstar,Yes,1,42,450,0.001,0.05,0.5,0.5329165038,Yes,266.4582519,1,Exact solution,395.4128152,No,9.0029e-05,0.005380957213,0.002122381214,0.209446,0.005053616,10,395.4128152,2.195162161e-06,3,391.6937579,0,2,3
Apartment_env.dae,direct,InformedRRTstar,Yes,2,42,450,0.001,0.05,0.5,0.5329165038,Yes,266.4582519,1,Exact solution,392.6126303,No,6.0319e-05,0.003605215632,0.001421985277,0.209446,0.005053616,10,392.6126303,4.913193146e-07,3,391.6937579,0,2,3
Apartment_env.dae,direct,InformedRRTstar,Yes,3,42,450,0.001,0.05,0.5,0.5329165038,Yes,266.4582519,1,Exact solution,391.6937579,No,0.00012972,0.007753254726,0.003058073411,0.209446,0.005053616,10,391.6937579,0,3,391.6937579,0,2,3
Apartment_env.dae,direct,InformedRRTstar,Yes,4,42,450,0.001,0.05,0.5,0.5329165038,Yes,266.4582519,1,Exact solution,393.8107572,No,0.001686705,0.1008129318,0.03976308752,0.209446,0.005053616,10,393.8107572,1.122024675e-06,3,391.6937579,0,2,4
Apartment_env.dae,direct,InformedRRTstar,Yes,5,42,450,0.001,0.05,0.5,0.5329165038,Yes,266.4582519,1,Exact solution,427.7268063,No,0.000409619,0.02448258131,0.009656529236,0.209446,0.005053616,10,427.7268063,9.056459648e-05,4,391.6937579,0,2,10
Apartment_env.dae,direct,InformedRRTstar,Yes,6,42,450,0.001,0.05,0.5,0.5329165038,Yes,266.4582519,1,Exact solution,391.6937579,No,0.000404149,0.02415564403,0.009527577174,0.209446,0.005053616,10,391.6937579,0,3,391.6937579,0,2,3
Apartment_env.dae,direct,InformedRRTstar,Yes,7,42,450,0.001,0.05,0.5,0.5329165038,Yes,266.4582519,1,Exact solution,395.1191295,No,8.81e-05,0.005265662514,0.002076906163,0.209446,0.005053616,10,395.1191295,2.027557787e-06,3,391.6937579,0,2,3
Apartment_env.dae,direct,InformedRRTstar,Yes,8,42,450,0.001,0.05,0.5,0.5329165038,Yes,266.4582519,1,Exact solution,398.4036708,No,0.000353319,0.02111757791,0.008329289543,0.209446,0.005053616,10,398.4036708,3.765109692e-06,3,391.6937579,0,2,4
Apartment_env.dae,direct,InformedRRTstar,Yes,9,42,450,0.001,0.05,0.5,0.5329165038,Yes,266.4582519,1,Exact solution,405.2595818,No,5.734e-05,0.003427163321,0.001351757087,0.209446,0.005053616,10,405.2595818,7.30002775e-06,3,391.6937579,0,2,4
Apartment_env.dae,direct,InformedRRTstar,Yes,10,42,450,0.001,0.05,0.5,0.5329165038,Yes,266.4582519,1,Exact solution,398.2162244,No,0.000224949,0.01344501154,0.005303041595,0.209446,0.005053616,10,398.2162244,3.70618388e-06,3,391.6937579,0,2,4
Apartment_env.dae,direct,InformedRRTstar,Yes,1,42,450,0.001,0.15,0.05,0.5329165038,Yes,26.64582519,1,Exact solution,449.3355916,No,0.117581221,5.002282013,2.004452633,21.221681,0.506734384,10,449.3355916,0.01903193611,22,391.6937579,0,2,1352
Apartment_env.dae,direct,InformedRRTstar,Yes,2,42,450,0.001,0.15,0.05,0.5329165038,Yes,26.64582519,1,Exact solution,443.8899231,No,0.006862181,0.2919391744,0.1169822584,21.221681,0.506734384,10,443.8899231,0.007291353054,19,391.6937579,0,2,278
Apartment_env.dae,direct,InformedRRTstar,Yes,3,42,450,0.001,0.15,0.05,0.5329165038,Yes,26.64582519,1,Exact solution,448.4161858,No,0.00031607,0.01344663087,0.005388167756,21.221681,0.506734384,10,448.4161858,0.01243566518,18,391.6937579,0,2,40
Apartment_env.dae,direct,InformedRRTstar,Yes,4,42,450,0.001,0.15,0.05,0.5329165038,Yes,26.64582519,1,Exact solution,445.2174152,No,0.00024259,0.01032055615,0.004135525725,21.221681,0.506734384,10,445.2174152,0.0113885201,18,391.6937579,0,2,32
Apartment_env.dae,direct,InformedRRTstar,Yes,5,42,450,0.001,0.15,0.05,0.5329165038,Yes,26.64582519,1,Exact solution,445.2227514,No,0.009813093,0.4174804292,0.1672875986,21.221681,0.506734384,10,445.2227514,0.01209679843,19,391.6937579,0,2,333
Apartment_env.dae,direct,InformedRRTstar,Yes,6,42,450,0.001,0.15,0.05,0.5329165038,Yes,26.64582519,1,Exact solution,444.557029,No,0.141266946,6.009948672,2.408232364,21.221681,0.506734384,10,444.557029,0.016918189,23,391.6937579,0,2,1223
Apartment_env.dae,direct,InformedRRTstar,Yes,7,42,450,0.001,0.15,0.05,0.5329165038,Yes,26.64582519,1,Exact solution,448.1654698,No,0.053285556,2.266938343,0.9083795194,21.221681,0.506734384,10,448.1654698,0.02772193685,23,391.6937579,0,2,753
Apartment_env.dae,direct,InformedRRTstar,Yes,8,42,450,0.001,0.15,0.05,0.5329165038,Yes,26.64582519,1,Exact solution,447.5766216,No,0.059616738,2.536287118,1.016309632,21.221681,0.506734384,10,447.5766216,0.01058062506,20,391.6937579,0,2,836
Apartment_env.dae,direct,InformedRRTstar,Yes,9,42,450,0.001,0.15,0.05,0.5329165038,Yes,26.64582519,1,Exact solution,434.5779086,No,0.000343669,0.01462078079,0.005858658603,21.221681,0.506734384,10,434.5779086,0.01020216178,18,391.6937579,0,2,49
Apartment_env.dae,direct,InformedRRTstar,Yes,10,42,450,0.001,0.15,0.05,0.5329165038,Yes,26.64582519,1,Exact solution,447.8621547,No,0.109498503,4.658417282,1.866663408,21.221681,0.506734384,10,447.8621547,0.02627765014,22,391.6937579,0,2,1104
Apartment_env.dae,direct,InformedRRTstar,Yes,1,42,450,0.001,0.15,0.2,0.5329165038,Yes,106.5833008,1,Exact solution,401.2407178,No,9.488e-05,0.006565889702,0.002880074563,0.412607,0.009228655,10,401.2407178,4.071354714e-05,5,391.6937579,0,2,6
Apartment_env.dae,direct,InformedRRTstar,Yes,2,42,450,0.001,0.15,0.2,0.5329165038,Yes,106.5833008,1,Exact solution,445.9075011,No,0.000253649,0.01755302864,0.007699494445,0.412607,0.009228655,10,445.9075011,0.0005292532515,6,391.6937579,0,2,20
Apartment_env.dae,direct,InformedRRTstar,Yes,3,42,450,0.001,0.15,0.2,0.5329165038,Yes,106.5833008,1,Exact solution,425.1390851,No,0.000933898,0.06462764819,0.02834839665,0.412607,0.009228655,10,425.1390851,0.0003888285414,7,391.6937579,0,2,23
Apartment_env.dae,direct,InformedRRTstar,Yes,4,42,450,0.001,0.15,0.2,0.5329165038,Yes,106.5833008,1,Exact solution,391.6937579,No,5.1309e-05,0.00355068755,0.001557480457,0.412607,0.009228655,10,391.6937579,0,5,391.6937579,0,2,5
Apartment_env.dae,direct,InformedRRTstar,Yes,5,42,450,0.001,0.15,0.2,0.5329165038,Yes,106.5833008,1,Exact solution,403.3853577,No,0.000482088,0.0333614738,0.01463374142,0.412607,0.009228655,10,403.3853577,0.0002852752362,6,391.6937579,0,2,12
Apartment_env.dae,direct,InformedRRTstar,Yes,6,42,450,0.001,0.15,0.2,0.5329165038,Yes,106.5833008,1,Exact solution,414.8374129,No,5.582e-05,0.003862857959,0.00169441149,0.412607,0.009228655,10,414.8374129,9.748002403e-05,5,391.6937579,0,2,6
Apartment_env.dae,direct,InformedRRTstar,Yes,7,42,450,0.001,0.15,0.2,0.5329165038,Yes,106.5833008,1,Exact solution,403.3624075,No,7.9559e-05,0.005505645223,0.002415006874,0.412607,0.009228655,10,403.3624075,4.168363121e-05,5,391.6937579,0,2,6
Apartment_env.dae,direct,InformedRRTstar,Yes,8,42,450,0.001,0.15,0.2,0.5329165038,Yes,106.5833008,1,Exact solution,429.7018973,No,0.00022366,0.01547772861,0.006789180827,0.412607,0.009228655,10,429.7018973,0.000299392763,6,391.6937579,0,2,10
Apartment_env.dae,direct,InformedRRTstar,Yes,9,42,450,0.001,0.15,0.2,0.5329165038,Yes,106.5833008,1,Exact solution,437.0233454,No,0.003256231,0.2253378329,0.09884262306,0.412607,0.009228655,10,437.0233454,0.0004797705114,7,391.6937579,0,2,80
Apartment_env.dae,direct,InformedRRTstar,Yes,10,42,450,0.001,0.15,0.2,0.5329165038,Yes,106.5833008,1,Exact solution,445.1747017,No,0.000531259,0.03676420739,0.01612632307,0.412607,0.009228655,10,445.1747017,0.000588480134,7,391.6937579,0,2,19
Apartment_env.dae,direct,InformedRRTstar,Yes,1,42,450,0.001,0.15,0.5,0.5329165038,Yes,266.4582519,1,Exact solution,396.8850532,No,0.00027626,0.02203765559,0.009087876966,0.171012,0.00400392,10,396.8850532,2.667440895e-06,3,391.6937579,0,2,4
Apartment_env.dae,direct,InformedRRTstar,Yes,2,42,450,0.001,0.15,0.5,0.5329165038,Yes,266.4582519,1,Exact solution,391.6937579,No,5.754e-05,0.004590048153,0.001892841673,0.171012,0.00400392,10,391.6937579,0,3,391.6937579,0,2,3
Apartment_env.dae,direct,InformedRRTstar,Yes,3,42,450,0.001,0.15,0.5,0.5329165038,Yes,266.4582519,1,Exact solution,396.4978976,No,0.00021053,0.01679427942,0.006925616223,0.171012,0.00400392,10,396.4978976,2.514149122e-06,3,391.6937579,0,2,3
Apartment_env.dae,direct,InformedRRTstar,Yes,4,42,450,0.001,0.15,0.5,0.5329165038,Yes,266.4582519,1,Exact solution,391.6937579,No,6.514e-05,0.005196311031,0.002142852044,0.171012,0.00400392,10,391.6937579,0,3,391.6937579,0,2,3
Apartment_env.dae,direct,InformedRRTstar,Yes,5,42,450,0.001,0.15,0.5,0.5329165038,Yes,266.4582519,1,Exact solution,391.6937579,No,7.6369e-05,0.006092064432,0.002512242366,0.171012,0.00400392,10,391.6937579,0,3,391.6937579,0,2,3
Apartment_env.dae,direct,InformedRRTstar,Yes,6,42,450,0.001,0.15,0.5,0.5329165038,Yes,266.4582519,1,Exact solution,391.6937579,No,0.00014281,0.01139215809,0.004697892238,0.171012,0.00400392,10,391.6937579,0,3,391.6937579,0,2,3
Apartment_env.dae,direct,InformedRRTstar,Yes,7,42,450,0.001,0.15,0.5,0.5329165038,Yes,266.4582519,1,Exact solution,437.1536786,No,0.000674588,0.05381285026,0.02219131524,0.171012,0.00400392,10,437.1536786,0.0003007063244,5,391.6937579,0,2,12
Apartment_env.dae,direct,InformedRRTstar,Yes,8,42,450,0.001,0.15,0.5,0.5329165038,Yes,266.4582519,1,Exact solution,392.5071057,No,8.278e-05,0.006603479078,0.002723139272,0.171012,0.00400392,10,392.5071057,4.938430731e-07,3,391.6937579,0,2,3
Apartment_env.dae,direct,InformedRRTstar,Yes,9,42,450,0.001,0.15,0.5,0.5329165038,Yes,266.4582519,1,Exact solution,395.7176074,No,9.9699e-05,0.007953131923,0.003279708411,0.171012,0.00400392,10,395.7176074,2.368095663e-06,3,391.6937579,0,2,5
Apartment_env.dae,direct,InformedRRTstar,Yes,10,42,450,0.001,0.15,0.5,0.5329165038,Yes,266.4582519,1,Exact solution,397.4183963,No,0.000458059,0.03654002202,0.0150683553,0.171012,0.00400392,10,397.4183963,3.011909437e-06,3,391.6937579,0,2,5
Apartment_env.dae,direct,RRT,No,1,42,450,0.0005,0.02,0.05,0.2664582519,Yes,26.64582519,1,Exact solution,557.886414,No,0.000635218,0.04622469224,0.01888241613,0.83922,0.019778726,10,557.886414,0.03080313608,23,391.6937579,0,2,104
Apartment_env.dae,direct,RRT,No,2,42,450,0.0005,0.02,0.05,0.2664582519,Yes,26.64582519,1,Exact solution,555.3400669,No,0.001927185,0.1402408835,0.05728727639,0.83922,0.019778726,10,555.3400669,0.0279839375,22,391.6937579,0,2,190
Apartment_env.dae,direct,RRT,No,3,42,450,0.0005,0.02,0.05,0.2664582519,Yes,26.64582519,1,Exact solution,524.9678666,No,0.000469988,0.03420093677,0.01397080844,0.83922,0.019778726,10,524.9678666,0.02442563844,21,391.6937579,0,2,72
Apartment_env.dae,direct,RRT,No,4,42,450,0.0005,0.02,0.05,0.2664582519,Yes,26.64582519,1,Exact solution,490.8817731,No,0.001058458,0.077023786,0.03146359898,0.83922,0.019778726,10,490.8817731,0.02132510568,20,391.6937579,0,2,119
Apartment_env.dae,direct,RRT,No,5,42,450,0.0005,0.02,0.05,0.2664582519,Yes,26.64582519,1,Exact solution,603.156671,No,0.001384897,0.1007786895,0.04116728659,0.83922,0.019778726,10,603.156671,0.03241391748,24,391.6937579,0,2,112
Apartment_env.dae,direct,RRT,No,6,42,450,0.0005,0.02,0.05,0.2664582519,Yes,26.64582519,1,Exact solution,527.1175904,No,0.001038067,0.07553993683,0.03085745849,0.83922,0.019778726,10,527.1175904,0.03986393762,21,391.6937579,0,2,135
Apartment_env.dae,direct,RRT,No,7,42,450,0.0005,0.02,0.05,0.2664582519,Yes,26.64582519,1,Exact solution,605.0346391,No,0.001219956,0.08877596454,0.03626426968,0.83922,0.019778726,10,605.0346391,0.02821620705,25,391.6937579,0,2,132
Apartment_env.dae,direct,RRT,No,8,42,450,0.0005,0.02,0.05,0.2664582519,Yes,26.64582519,1,Exact solution,525.1878282,No,0.001547446,0.1126073491,0.04599919919,0.83922,0.019778726,10,525.1878282,0.02836649089,21,391.6937579,0,2,208
Apartment_env.dae,direct,RRT,No,9,42,450,0.0005,0.02,0.05,0.2664582519,Yes,26.64582519,1,Exact solution,519.8950954,No,0.001541726,0.1121911058,0.04582916714,0.83922,0.019778726,10,519.8950954,0.02534139543,21,391.6937579,0,2,186
Apartment_env.dae,direct,RRT,No,10,42,450,0.0005,0.02,0.05,0.2664582519,Yes,26.64582519,1,Exact solution,457.939757,No,0.000709589,0.05163665567,0.0210931598,0.83922,0.019778726,10,457.939757,0.0182056835,19,391.6937579,0,2,120
Apartment_env.dae,direct,RRT,No,1,42,450,0.0005,0.02,0.2,0.2664582519,Yes,106.5833008,1,Exact solution,545.9726434,No,0.000778908,0.06741559329,0.0266688959,0.536716,0.012925235,10,545.9726434,0.002635697247,9,391.6937579,0,2,37
Apartment_env.dae,direct,RRT,No,2,42,450,0.0005,0.02,0.2,0.2664582519,Yes,106.5833008,1,Exact solution,480.6060222,No,0.000326099,0.02822433145,0.01116524709,0.536716,0.012925235,10,480.6060222,0.0007561301589,7,391.6937579,0,2,24
Apartment_env.dae,direct,RRT,No,3,42,450,0.0005,0.02,0.2,0.2664582519,Yes,106.5833008,1,Exact solution,441.1455769,No,0.000218669,0.01892611242,0.007486969959,0.536716,0.012925235,10,441.1455769,0.0003626462065,6,391.6937579,0,2,13
Apartment_env.dae,direct,RRT,No,4,42,450,0.0005,0.02,0.2,0.2664582519,Yes,106.5833008,1,Exact solution,437.2712817,No,0.00021112,0.01827273575,0.007228501058,0.536716,0.012925235,10,437.2712817,0.0002820440722,6,391.6937579,0,2,18
Apartment_env.dae,direct,RRT,No,5,42,450,0.0005,0.02,0.2,0.2664582519,Yes,106.5833008,1,Exact solution,442.159884,No,0.000924388,0.08000709385,0.03164996038,0.536716,0.012925235,10,442.159884,0.001483250777,7,391.6937579,0,2,67
Apartment_env.dae,direct,RRT,No,6,42,450,0.0005,0.02,0.2,0.2664582519,Yes,106.5833008,1,Exact solution,446.5938012,No,0.000394498,0.03414436201,0.01350714859,0.536716,0.012925235,10,446.5938012,0.001726399693,7,391.6937579,0,2,16
Apartment_env.dae,direct,RRT,No,7,42,450,0.0005,0.02,0.2,0.2664582519,Yes,106.5833008,1,Exact solution,644.5219174,No,0.000535428,0.0463420536,0.01833242641,0.536716,0.012925235,10,644.5219174,0.001090016313,8,391.6937579,0,2,28
Apartment_env.dae,direct,RRT,No,8,42,450,0.0005,0.02,0.2,0.2664582519,Yes,106.5833008,1,Exact solution,827.711406,No,0.001333086,0.115380486,0.04564330031,0.536716,0.012925235,10,827.711406,0.007357898674,13,391.6937579,0,2,87
Apartment_env.dae,direct,RRT,No,9,42,450,0.0005,0.02,0.2,0.2664582519,Yes,106.5833008,1,Exact solution,510.2472522,No,0.00024635,0.02132194227,0.008434734917,0.536716,0.012925235,10,510.2472522,0.0023306766,7,391.6937579,0,2,17
Apartment_env.dae,direct,RRT,No,10,42,450,0.0005,0.02,0.2,0.2664582519,Yes,106.5833008,1,Exact solution,618.7519677,No,0.001232577,0.1066812894,0.04220199009,0.536716,0.012925235,10,618.7519677,0.007083500702,10,391.6937579,0,2,75
Apartment_env.dae,direct,RRT,No,1,42,450,0.0005,0.02,0.5,0.2664582519,Yes,266.4582519,1,Exact solution,717.5774998,No,0.000554159,0.04052431388,0.0155306382,0.448478,0.01102091,10,717.5774998,0.000523561349,6,391.6937579,0,2,25
Apartment_env.dae,direct,RRT,No,2,42,450,0.0005,0.02,0.5,0.2664582519,Yes,266.4582519,1,Exact solution,564.0938548,No,0.000428809,0.03135777008,0.0120176293,0.448478,0.01102091,10,564.0938548,0.0008803888938,7,391.6937579,0,2,27
Apartment_env.dae,direct,RRT,No,3,42,450,0.0005,0.02,0.5,0.2664582519,Yes,266.4582519,1,Exact solution,539.5616227,No,0.001955245,0.1429823608,0.05479691332,0.448478,0.01102091,10,539.5616227,0.01499102343,9,391.6937579,0,2,114
Apartment_env.dae,direct,RRT,No,4,42,450,0.0005,0.02,0.5,0.2664582519,Yes,266.4582519,1,Exact solution,462.6067163,No,0.001159137,0.08476489891,0.03248550934,0.448478,0.01102091,10,462.6067163,0.0002934595318,6,391.6937579,0,2,48
Apartment_env.dae,direct,RRT,No,5,42,450,0.0005,0.02,0.5,0.2664582519,Yes,266.4582519,1,Exact solution,509.9682694,No,0.000331609,0.02424976803,0.009293541029,0.448478,0.01102091,10,509.9682694,0.002838678776,6,391.6937579,0,2,27
Apartment_env.dae,direct,RRT,No,6,42,450,0.0005,0.02,0.5,0.2664582519,Yes,266.4582519,1,Exact solution,402.5074434,No,0.000538718,0.03939515071,0.01509789492,0.448478,0.01102091,10,402.5074434,1.396937539e-05,4,391.6937579,0,2,35
Apartment_env.dae,direct,RRT,No,7,42,450,0.0005,0.02,0.5,0.2664582519,Yes,266.4582519,1,Exact solution,434.5560512,No,0.00014821,0.01083824058,0.004153674104,0.448478,0.01102091,10,434.5560512,0.0004960050754,4,391.6937579,0,2,6
Apartment_env.dae,direct,RRT,No,8,42,450,0.0005,0.02,0.5,0.2664582519,Yes,266.4582519,1,Exact solution,410.9849824,No,0.000528939,0.03868003598,0.01482383258,0.448478,0.01102091,10,410.9849824,0.0007671624886,6,391.6937579,0,2,31
Apartment_env.dae,direct,RRT,No,9,42,450,0.0005,0.02,0.5,0.2664582519,Yes,266.4582519,1,Exact solution,534.89128,No,0.00011905,0.008705839961,0.003336447622,0.448478,0.01102091,10,534.89128,4.622094692e-05,4,391.6937579,0,2,4
Apartment_env.dae,direct,RRT,No,10,42,450,0.0005,0.02,0.5,0.2664582519,Yes,266.4582519,1,Exact solution,523.8519989,No,0.000368939,0.02697962108,0.01033973666,0.448478,0.01102091,10,523.8519989,0.001406933631,7,391.6937579,0,2,19
Apartment_env.dae,direct,RRT,No,1,42,450,0.0005,0.05,0.05,0.2664582519,Yes,26.64582519,1,Exact solution,538.2286788,No,0.001134657,0.1164142338,0.04674873202,0.733727,0.017494762,10,538.2286788,0.02538407727,22,391.6937579,0,2,133
Apartment_env.dae,direct,RRT,No,2,42,450,0.0005,0.05,0.05,0.2664582519,Yes,26.64582519,1,Exact solution,464.0883386,No,0.000345819,0.03548054955,0.01424800601,0.733727,0.017494762,10,464.0883386,0.01097736715,19,391.6937579,0,2,58
Apartment_env.dae,direct,RRT,No,3,42,450,0.0005,0.05,0.05,0.2664582519,Yes,26.64582519,1,Exact solution,592.3216051,No,0.001067157,0.1094888274,0.04396768065,0.733727,0.017494762,10,592.3216051,0.02212843958,24,391.6937579,0,2,100
Apartment_env.dae,direct,RRT,No,4,42,450,0.0005,0.05,0.05,0.2664582519,Yes,26.64582519,1,Exact solution,487.0014277,No,0.000987278,0.1012933529,0.04067660505,0.733727,0.017494762,10,487.0014277,0.01757581183,20,391.6937579,0,2,98
Apartment_env.dae,direct,RRT,No,5,42,450,0.0005,0.05,0.05,0.2664582519,Yes,26.64582519,1,Exact solution,456.129626,No,0.000525349,0.05390007844,0.02164477866,0.733727,0.017494762,10,456.129626,0.01590608297,19,391.6937579,0,2,96
Apartment_env.dae,direct,RRT,No,6,42,450,0.0005,0.05,0.05,0.2664582519,Yes,26.64582519,1,Exact solution,515.720536,No,0.000402769,0.04132354052,0.01659438936,0.733727,0.017494762,10,515.720536,0.02642169038,21,391.6937579,0,2,48
Apartment_env.dae,direct,RRT,No,7,42,450,0.0005,0.05,0.05,0.2664582519,Yes,26.64582519,1,Exact solution,551.1724621,No,0.001274437,0.1307554678,0.05250777442,0.733727,0.017494762,10,551.1724621,0.02628504204,22,391.6937579,0,2,82
Apartment_env.dae,direct,RRT,No,8,42,450,0.0005,0.05,0.05,0.2664582519,Yes,26.64582519,1,Exact solution,578.8623272,No,0.000805108,0.08260296365,0.03317106239,0.733727,0.017494762,10,578.8623272,0.02782062427,23,391.6937579,0,2,96
Apartment_env.dae,direct,RRT,No,9,42,450,0.0005,0.05,0.05,0.2664582519,Yes,26.64582519,1,Exact solution,448.213132,No,0.000386669,0.03967170286,0.01593105711,0.733727,0.017494762,10,448.213132,0.01042909211,18,391.6937579,0,2,66
Apartment_env.dae,direct,RRT,No,10,42,450,0.0005,0.05,0.05,0.2664582519,Yes,26.64582519,1,Exact solution,446.5466152,No,0.000222189,0.02279628309,0.009154355915,0.733727,0.017494762,10,446.5466152,0.008848379842,18,391.6937579,0,2,34
Apartment_env.dae,direct,RRT,No,1,42,450,0.0005,0.05,0.2,0.2664582519,Yes,106.5833008,1,Exact solution,422.3633345,No,0.00014891,0.0150147413,0.005667356382,0.521579,0.012937615,10,422.3633345,0.0008490261328,6,391.6937579,0,2,12
Apartment_env.dae,direct,RRT,No,2,42,450,0.0005,0.05,0.2,0.2664582519,Yes,106.5833008,1,Exact solution,527.1667756,No,0.000203569,0.02052606187,0.007747619847,0.521579,0.012937615,10,527.1667756,0.001762751376,8,391.6937579,0,2,19
Apartment_env.dae,direct,RRT,No,3,42,450,0.0005,0.05,0.2,0.2664582519,Yes,106.5833008,1,Exact solution,524.6573237,No,0.000416369,0.04198289451,0.01584656175,0.521579,0.012937615,10,524.6573237,0.0003256282829,6,391.6937579,0,2,10
Apartment_env.dae,direct,RRT,No,4,42,450,0.0005,0.05,0.2,0.2664582519,Yes,106.5833008,1,Exact solution,650.5169604,No,0.002523373,0.2544341737,0.09603689528,0.521579,0.012937615,10,650.5169604,0.01740570001,10,391.6937579,0,2,251
Apartment_env.dae,direct,RRT,No,5,42,450,0.0005,0.05,0.2,0.2664582519,Yes,106.5833008,1,Exact solution,521.4710202,No,0.00016428,0.01656451347,0.006252322252,0.521579,0.012937615,10,521.4710202,0.001673979105,7,391.6937579,0,2,8
Apartment_env.dae,direct,RRT,No,6,42,450,0.0005,0.05,0.2,0.2664582519,Yes,106.5833008,1,Exact solution,446.4804245,No,0.000323309,0.03259956347,0.01230479702,0.521579,0.012937615,10,446.4804245,0.0002398389913,6,391.6937579,0,2,19
Apartment_env.dae,direct,RRT,No,7,42,450,0.0005,0.05,0.2,0.2664582519,Yes,106.5833008,1,Exact solution,447.2328467,No,0.000210929,0.02126817788,0.008027733627,0.521579,0.012937615,10,447.2328467,0.0006618448841,7,391.6937579,0,2,14
Apartment_env.dae,direct,RRT,No,8,42,450,0.0005,0.05,0.2,0.2664582519,Yes,106.5833008,1,Exact solution,584.1570289,No,0.000435908,0.04395303104,0.01659019533,0.521579,0.012937615,10,584.1570289,0.0009078858476,7,391.6937579,0,2,11
Apartment_env.dae,direct,RRT,No,9,42,450,0.0005,0.05,0.2,0.2664582519,Yes,106.5833008,1,Exact solution,422.3959224,No,0.000281549,0.02838886172,0.01071545579,0.521579,0.012937615,10,422.3959224,0.0006465694001,6,391.6937579,0,2,18
Apartment_env.dae,direct,RRT,No,10,42,450,0.0005,0.05,0.2,0.2664582519,Yes,106.5833008,1,Exact solution,597.9862767,No,0.000464609,0.04684698101,0.01768252489,0.521579,0.012937615,10,597.9862767,0.00160310187,8,391.6937579,0,2,26
Apartment_env.dae,direct,RRT,No,1,42,450,0.0005,0.05,0.5,0.2664582519,Yes,266.4582519,1,Exact solution,451.6976322,No,0.00029953,0.02583205744,0.008087529071,0.235584,0.006447823,10,451.6976322,0.0001809893422,4,391.6937579,0,2,8
Apartment_env.dae,direct,RRT,No,2,42,450,0.0005,0.05,0.5,0.2664582519,Yes,266.4582519,1,Exact solution,399.758655,No,5.072e-05,0.004374192746,0.001369477096,0.235584,0.006447823,10,399.758655,4.567103951e-06,3,391.6937579,0,2,3
Apartment_env.dae,direct,RRT,No,3,42,450,0.0005,0.05,0.5,0.2664582519,Yes,266.4582519,1,Exact solution,434.0567827,No,0.000427119,0.03683558422,0.01153252539,0.235584,0.006447823,10,434.0567827,0.0005481248473,6,391.6937579,0,2,23
Apartment_env.dae,direct,RRT,No,4,42,450,0.0005,0.05,0.5,0.2664582519,Yes,266.4582519,1,Exact solution,622.3587413,No,0.000348889,0.03008887486,0.009420258171,0.235584,0.006447823,10,622.3587413,0.0009119610642,6,391.6937579,0,2,13
Apartment_env.dae,direct,RRT,No,5,42,450,0.0005,0.05,0.5,0.2664582519,Yes,266.4582519,1,Exact solution,438.3338847,No,0.000251259,0.02166907128,0.006784176767,0.235584,0.006447823,10,438.3338847,0.000146093545,4,391.6937579,0,2,12
Apartment_env.dae,direct,RRT,No,6,42,450,0.0005,0.05,0.5,0.2664582519,Yes,266.4582519,1,Exact solution,391.9518574,No,9.249e-05,0.007976519856,0.002497297646,0.235584,0.006447823,10,391.9518574,1.575685692e-07,3,391.6937579,0,2,4
Apartment_env.dae,direct,RRT,No,7,42,450,0.0005,0.05,0.5,0.2664582519,Yes,266.4582519,1,Exact solution,491.8300444,No,0.00017699,0.01526396637,0.004778859447,0.235584,0.006447823,10,491.8300444,8.150542645e-05,5,391.6937579,0,2,9
Apartment_env.dae,direct,RRT,No,8,42,450,0.0005,0.05,0.5,0.2664582519,Yes,266.4582519,1,Exact solution,450.5623582,No,0.000383109,0.0330400751,0.0103442232,0.235584,0.006447823,10,450.5623582,0.002440422257,5,391.6937579,0,2,17
Apartment_env.dae,direct,RRT,No,9,42,450,0.0005,0.05,0.5,0.2664582519,Yes,266.4582519,1,Exact solution,406.2688702,No,0.000589888,0.05087310352,0.01592740743,0.235584,0.006447823,10,406.2688702,0.0002763918988,4,391.6937579,0,2,27
Apartment_env.dae,direct,RRT,No,10,42,450,0.0005,0.05,0.5,0.2664582519,Yes,266.4582519,1,Exact solution,410.8333361,No,0.000111669,0.009630554609,0.003015144673,0.235584,0.006447823,10,410.8333361,9.795114099e-06,3,391.6937579,0,2,3
Apartment_env.dae,direct,RRT,No,1,42,450,0.0005,0.15,0.05,0.2664582519,Yes,26.64582519,1,Exact solution,465.2206529,No,0.00031138,0.04106337393,0.01654274893,0.419107,0.009971573,10,465.2206529,0.01216498075,19,391.6937579,0,2,57
Apartment_env.dae,direct,RRT,No,2,42,450,0.0005,0.15,0.05,0.2664582519,Yes,26.64582519,1,Exact solution,487.1414121,No,0.000343099,0.04524633096,0.01822789073,0.419107,0.009971573,10,487.1414121,0.01648524342,20,391.6937579,0,2,54
Apartment_env.dae,direct,RRT,No,3,42,450,0.0005,0.15,0.05,0.2664582519,Yes,26.64582519,1,Exact solution,466.5848094,No,0.000241639,0.031866249,0.01283760456,0.419107,0.009971573,10,466.5848094,0.009478703484,19,391.6937579,0,2,40
Apartment_env.dae,direct,RRT,No,4,42,450,0.0005,0.15,0.05,0.2664582519,Yes,26.64582519,1,Exact solution,513.958883,No,0.000355449,0.04687499262,0.0188840117,0.419107,0.009971573,10,513.958883,0.01916681244,21,391.6937579,0,2,43
Apartment_env.dae,direct,RRT,No,5,42,450,0.0005,0.15,0.05,0.2664582519,Yes,26.64582519,1,Exact solution,440.0471663,No,0.00012988,0.01712798191,0.006900161317,0.419107,0.009971573,10,440.0471663,0.01288609491,18,391.6937579,0,2,30
Apartment_env.dae,direct,RRT,No,6,42,450,0.0005,0.15,0.05,0.2664582519,Yes,26.64582519,1,Exact solution,482.5797061,No,0.000716628,0.0945056315,0.03807244229,0.419107,0.009971573,10,482.5797061,0.02371062217,20,391.6937579,0,2,45
Apartment_env.dae,direct,RRT,No,7,42,450,0.0005,0.15,0.05,0.2664582519,Yes,26.64582519,1,Exact solution,493.5950731,No,0.000349389,0.04607582746,0.01856206084,0.419107,0.009971573,10,493.5950731,0.01225988075,20,391.6937579,0,2,47
Apartment_env.dae,direct,RRT,No,8,42,450,0.0005,0.15,0.05,0.2664582519,Yes,26.64582519,1,Exact solution,465.14284,No,0.000418849,0.0552358954,0.02225227647,0.419107,0.009971573,10,465.14284,0.01048581326,19,391.6937579,0,2,57
Apartment_env.dae,direct,RRT,No,9,42,450,0.0005,0.15,0.05,0.2664582519,Yes,26.64582519,1,Exact solution,471.5331616,No,0.00013477,0.0177728528,0.007159953347,0.419107,0.009971573,10,471.5331616,0.01907960771,19,391.6937579,0,2,31
Apartment_env.dae,direct,RRT,No,10,42,450,0.0005,0.15,0.05,0.2664582519,Yes,26.64582519,1,Exact solution,460.3696936,No,0.000176969,0.02333786442,0.009401868248,0.419107,0.009971573,10,460.3696936,0.01154156558,19,391.6937579,0,2,39
Apartment_env.dae,direct,RRT,No,1,42,450,0.0005,0.15,0.2,0.2664582519,Yes,106.5833008,1,Exact solution,452.9587456,No,0.000267229,0.03656428022,0.01337508291,0.361813,0.009142705,10,452.9587456,0.0001893195229,6,391.6937579,0,2,12
Apartment_env.dae,direct,RRT,No,2,42,450,0.0005,0.15,0.2,0.2664582519,Yes,106.5833008,1,Exact solution,467.6523758,No,0.000189609,0.02594372844,0.00949012306,0.361813,0.009142705,10,467.6523758,0.0008854473076,6,391.6937579,0,2,9
Apartment_env.dae,direct,RRT,No,3,42,450,0.0005,0.15,0.2,0.2664582519,Yes,106.5833008,1,Exact solution,400.4378553,No,0.000462439,0.06327437957,0.02314554171,0.361813,0.009142705,10,400.4378553,9.814925695e-05,6,391.6937579,0,2,26
Apartment_env.dae,direct,RRT,No,4,42,450,0.0005,0.15,0.2,0.2664582519,Yes,106.5833008,1,Exact solution,485.8616862,No,0.00012051,0.01648908393,0.006031647917,0.361813,0.009142705,10,485.8616862,0.0008412652586,6,391.6937579,0,2,9
Apartment_env.dae,direct,RRT,No,5,42,450,0.0005,0.15,0.2,0.2664582519,Yes,106.5833008,1,Exact solution,432.8859665,No,0.000137449,0.01880680522,0.006879462074,0.361813,0.009142705,10,432.8859665,0.0004411992528,6,391.6937579,0,2,7
Apartment_env.dae,direct,RRT,No,6,42,450,0.0005,0.15,0.2,0.2664582519,Yes,106.5833008,1,Exact solution,412.576508,No,9.8129e-05,0.0134267473,0.004911456132,0.361813,0.009142705,10,412.576508,0.00122982721,6,391.6937579,0,2,7
Apartment_env.dae,direct,RRT,No,7,42,450,0.0005,0.15,0.2,0.2664582519,Yes,106.5833008,1,Exact solution,486.182305,No,7.5399e-05,0.01031665786,0.003773796542,0.361813,0.009142705,10,486.182305,0.0007913129423,6,391.6937579,0,2,6
Apartment_env.dae,direct,RRT,No,8,42,450,0.0005,0.15,0.2,0.2664582519,Yes,106.5833008,1,Exact solution,536.2809486,No,0.000535958,0.07333380171,0.02682524234,0.361813,0.009142705,10,536.2809486,0.0006022721729,7,391.6937579,0,2,34
Apartment_env.dae,direct,RRT,No,9,42,450,0.0005,0.15,0.2,0.2664582519,Yes,106.5833008,1,Exact solution,584.5119983,No,0.000273309,0.03739619151,0.01367939308,0.361813,0.009142705,10,584.5119983,0.001322021252,8,391.6937579,0,2,12
Apartment_env.dae,direct,RRT,No,10,42,450,0.0005,0.15,0.2,0.2664582519,Yes,106.5833008,1,Exact solution,619.3008371,No,0.000484269,0.06626132424,0.02423815538,0.361813,0.009142705,10,619.3008371,0.002137189343,9,391.6937579,0,2,21
Apartment_env.dae,direct,RRT,No,1,42,450,0.0005,0.15,0.5,0.2664582519,Yes,266.4582519,1,Exact solution,588.4377662,No,0.000223319,0.02814009176,0.01077110378,0.252611,0.006212453,10,588.4377662,0.00579762524,6,391.6937579,0,2,9
Apartment_env.dae,direct,RRT,No,2,42,450,0.0005,0.15,0.5,0.2664582519,Yes,266.4582519,1,Exact solution,494.3850916,No,0.000622429,0.07843134338,0.03002094472,0.252611,0.006212453,10,494.3850916,0.0006916037862,6,391.6937579,0,2,13
Apartment_env.dae,direct,RRT,No,3,42,450,0.0005,0.15,0.5,0.2664582519,Yes,266.4582519,1,Exact solution,468.0567692,No,0.00012495,0.01574476182,0.0060265782,0.252611,0.006212453,10,468.0567692,0.001287862857,5,391.6937579,0,2,8
Apartment_env.dae,direct,RRT,No,4,42,450,0.0005,0.15,0.5,0.2664582519,Yes,266.4582519,1,Exact solution,612.5154457,No,0.000273079,0.03441027462,0.01317112403,0.252611,0.006212453,10,612.5154457,0.0007489674435,6,391.6937579,0,2,17
Apartment_env.dae,direct,RRT,No,5,42,450,0.0005,0.15,0.5,0.2664582519,Yes,266.4582519,1,Exact solution,408.3058164,No,0.0001062,0.01338210248,0.00512222973,0.252611,0.006212453,10,408.3058164,0.000204296547,4,391.6937579,0,2,7
Apartment_env.dae,direct,RRT,No,6,42,450,0.0005,0.15,0.5,0.2664582519,Yes,266.4582519,1,Exact solution,391.6937579,No,8.863e-05,0.01116813318,0.004274794925,0.252611,0.006212453,10,391.6937579,0,3,391.6937579,0,2,3
Apartment_env.dae,direct,RRT,No,7,42,450,0.0005,0.15,0.5,0.2664582519,Yes,266.4582519,1,Exact solution,391.6937579,No,5.6709e-05,0.007145815911,0.002735183858,0.252611,0.006212453,10,391.6937579,0,3,391.6937579,0,2,3
Apartment_env.dae,direct,RRT,No,8,42,450,0.0005,0.15,0.5,0.2664582519,Yes,266.4582519,1,Exact solution,459.6168727,No,8.4869e-05,0.01069421521,0.00409339468,0.252611,0.006212453,10,459.6168727,0.0003371069388,4,391.6937579,0,2,4
Apartment_env.dae,direct,RRT,No,9,42,450,0.0005,0.15,0.5,0.2664582519,Yes,266.4582519,1,Exact solution,508.4557856,No,0.000216939,0.02733615754,0.01046338414,0.252611,0.006212453,10,508.4557856,0.001619068132,5,391.6937579,0,2,11
Apartment_env.dae,direct,RRT,No,10,42,450,0.0005,0.15,0.5,0.2664582519,Yes,266.4582519,1,Exact solution,486.768216,No,0.00020759,0.02615810409,0.01001246393,0.252611,0.006212453,10,486.768216,3.022290994e-05,4,391.6937579,0,2,10
Apartment_env.dae,direct,RRTConnect,No,1,42,450,0.0005,-1,0.05,0.2664582519,No,26.64582519,1,Exact solution,392.1420148,No,7.415e-05,0.03474286726,0.01430321476,0.321532,0.00753692,10,392.1420148,6.916690871e-05,16,391.6937579,0,2,17
Apartment_env.dae,direct,RRTConnect,No,2,42,450,0.0005,-1,0.05,0.2664582519,No,26.64582519,1,Exact solution,392.3235329,No,6.453e-05,0.03023543121,0.01244755831,0.321532,0.00753692,10,392.3235329,9.650159112e-05,16,391.6937579,0,2,17
Apartment_env.dae,direct,RRTConnect,No,3,42,450,0.0005,-1,0.05,0.2664582519,No,26.64582519,1,Exact solution,396.3124066,No,6.09e-05,0.02853460035,0.01174734698,0.321532,0.00753692,10,396.3124066,0.0006123837229,16,391.6937579,0,2,17
Apartment_env.dae,direct,RRTConnect,No,4,42,450,0.0005,-1,0.05,0.2664582519,No,26.64582519,1,Exact solution,417.0647513,No,6.509e-05,0.03049781834,0.01255557989,0.321532,0.00753692,10,417.0647513,0.006844418773,17,391.6937579,0,2,18
Apartment_env.dae,direct,RRTConnect,No,5,42,450,0.0005,-1,0.05,0.2664582519,No,26.64582519,1,Exact solution,434.8263422,No,8.187e-05,0.03836006126,0.01579236942,0.321532,0.00753692,10,434.8263422,0.0187148728,18,391.6937579,0,2,22
Apartment_env.dae,direct,RRTConnect,No,6,42,450,0.0005,-1,0.05,0.2664582519,No,26.64582519,1,Exact solution,393.413794,No,5.581e-05,0.02614968876,0.01076550797,0.321532,0.00753692,10,393.413794,0.0002529543155,16,391.6937579,0,2,17
Apartment_env.dae,direct,RRTConnect,No,7,42,450,0.0005,-1,0.05,0.2664582519,No,26.64582519,1,Exact solution,431.7202891,No,8.078e-05,0.03784934346,0.01558211312,0.321532,0.00753692,10,431.7202891,0.01772059792,18,391.6937579,0,2,23
Apartment_env.dae,direct,RRTConnect,No,8,42,450,0.0005,-1,0.05,0.2664582519,No,26.64582519,1,Exact solution,392.3458521,No,5.728e-05,0.02683845498,0.01104906462,0.321532,0.00753692,10,392.3458521,9.983637673e-05,16,391.6937579,0,2,17
Apartment_env.dae,direct,RRTConnect,No,9,42,450,0.0005,-1,0.05,0.2664582519,No,26.64582519,1,Exact solution,395.4166938,No,5.925e-05,0.02776149542,0.01142906911,0.321532,0.00753692,10,395.4166938,0.0005092516045,16,391.6937579,0,2,17
Apartment_env.dae,direct,RRTConnect,No,10,42,450,0.0005,-1,0.05,0.2664582519,No,26.64582519,1,Exact solution,430.5920982,No,8.657e-05,0.04056223896,0.01669897912,0.321532,0.00753692,10,430.5920982,0.02143226909,18,391.6937579,0,2,23
Apartment_env.dae,direct,RRTConnect,No,1,42,450,0.0005,-1,0.2,0.2664582519,No,106.5833008,1,Exact solution,496.6998292,No,0.000162439,0.0396115997,0.01673068508,0.335249,0.007715789,10,496.6998292,0.0003865549549,6,391.6937579,0,2,10
Apartment_env.dae,direct,RRTConnect,No,2,42,450,0.0005,-1,0.2,0.2664582519,No,106.5833008,1,Exact solution,427.4727123,No,8.962e-05,0.02185430571,0.00923056653,0.335249,0.007715789,10,427.4727123,0.0003500471039,6,391.6937579,0,2,8
Apartment_env.dae,direct,RRTConnect,No,3,42,450,0.0005,-1,0.2,0.2664582519,No,106.5833008,1,Exact solution,592.8484814,No,0.000391979,0.09558612918,0.04037255343,0.335249,0.007715789,10,592.8484814,0.001597934888,8,391.6937579,0,2,13
Apartment_env.dae,direct,RRTConnect,No,4,42,450,0.0005,-1,0.2,0.2664582519,No,106.5833008,1,Exact solution,393.7577939,No,6.431e-05,0.01568232984,0.006623719411,0.335249,0.007715789,10,393.7577939,6.525214566e-06,5,391.6937579,0,2,6
Apartment_env.dae,direct,RRTConnect,No,5,42,450,0.0005,-1,0.2,0.2664582519,No,106.5833008,1,Exact solution,393.6412555,No,5.762e-05,0.01405093835,0.005934671318,0.335249,0.007715789,10,393.6412555,6.16478855e-06,5,391.6937579,0,2,6
Apartment_env.dae,direct,RRTConnect,No,6,42,450,0.0005,-1,0.2,0.2664582519,No,106.5833008,1,Exact solution,412.5113957,No,7.6499e-05,0.01865468123,0.007879146496,0.335249,0.007715789,10,412.5113957,9.389863289e-05,5,391.6937579,0,2,6
Apartment_env.dae,direct,RRTConnect,No,7,42,450,0.0005,-1,0.2,0.2664582519,No,106.5833008,1,Exact solution,394.8730234,No,5.217e-05,0.01272192735,0.005373339164,0.335249,0.007715789,10,394.8730234,9.927300045e-06,5,391.6937579,0,2,6
Apartment_env.dae,direct,RRTConnect,No,8,42,450,0.0005,-1,0.2,0.2664582519,No,106.5833008,1,Exact solution,456.0653634,No,8.004e-05,0.0195181726,0.008243857901,0.335249,0.007715789,10,456.0653634,0.0003014488838,6,391.6937579,0,2,7
Apartment_env.dae,direct,RRTConnect,No,9,42,450,0.0005,-1,0.2,0.2664582519,No,106.5833008,1,Exact solution,456.4113013,No,0.00024354,0.0593885027,0.0250838225,0.335249,0.007715789,10,456.4113013,0.0003046688351,6,391.6937579,0,2,14
Apartment_env.dae,direct,RRTConnect,No,10,42,450,0.0005,-1,0.2,0.2664582519,No,106.5833008,1,Exact solution,554.8958968,No,0.00015657,0.03818041335,0.0161261973,0.335249,0.007715789,10,554.8958968,0.001190176772,7,391.6937579,0,2,10
Apartment_env.dae,direct,RRTConnect,No,1,42,450,0.0005,-1,0.5,0.2664582519,No,266.4582519,1,Exact solution,434.6484718,No,0.00010355,0.01263617236,0.005224550729,0.251345,0.005873944,10,434.6484718,6.62097917e-05,4,391.6937579,0,2,6
Apartment_env.dae,direct,RRTConnect,No,2,42,450,0.0005,-1,0.5,0.2664582519,No,266.4582519,1,Exact solution,488.0329656,No,0.000130009,0.0158649554,0.006559523088,0.251345,0.005873944,10,488.0329656,0.000335465279,4,391.6937579,0,2,5
Apartment_env.dae,direct,RRTConnect,No,3,42,450,0.0005,-1,0.5,0.2664582519,No,266.4582519,1,Exact solution,501.6959259,No,0.000365339,0.04458219771,0.01843295161,0.251345,0.005873944,10,501.6959259,0.001412132338,5,391.6937579,0,2,14
Apartment_env.dae,direct,RRTConnect,No,4,42,450,0.0005,-1,0.5,0.2664582519,No,266.4582519,1,Exact solution,406.8105696,No,6.646e-05,0.008110091887,0.00335319789,0.251345,0.005873944,10,406.8105696,7.964709157e-05,4,391.6937579,0,2,5
Apartment_env.dae,direct,RRTConnect,No,5,42,450,0.0005,-1,0.5,0.2664582519,No,266.4582519,1,Exact solution,404.2202033,No,7.364e-05,0.00898626492,0.003715460316,0.251345,0.005873944,10,404.2202033,6.805240059e-06,3,391.6937579,0,2,4
Apartment_env.dae,direct,RRTConnect,No,6,42,450,0.0005,-1,0.5,0.2664582519,No,266.4582519,1,Exact solution,416.5827896,No,0.000139729,0.0170510838,0.007049939632,0.251345,0.005873944,10,416.5827896,0.0002968140534,5,391.6937579,0,2,7
Apartment_env.dae,direct,RRTConnect,No,7,42,450,0.0005,-1,0.5,0.2664582519,No,266.4582519,1,Exact solution,658.5876976,No,0.000840508,0.1025669141,0.04240730743,0.251345,0.005873944,10,658.5876976,0.004862314599,9,391.6937579,0,2,32
Apartment_env.dae,direct,RRTConnect,No,8,42,450,0.0005,-1,0.5,0.2664582519,No,266.4582519,1,Exact solution,606.1827001,No,0.000155599,0.01898769467,0.007850650593,0.251345,0.005873944,10,606.1827001,0.0003117673095,4,391.6937579,0,2,5
Apartment_env.dae,direct,RRTConnect,No,9,42,450,0.0005,-1,0.5,0.2664582519,No,266.4582519,1,Exact solution,398.7600472,No,0.00012649,0.01543553299,0.006381974136,0.251345,0.005873944,10,398.7600472,4.039513873e-06,3,391.6937579,0,2,4
Apartment_env.dae,direct,RRTConnect,No,10,42,450,0.0005,-1,0.5,0.2664582519,No,266.4582519,1,Exact solution,394.4380072,No,5.838e-05,0.007124092151,0.002945526524,0.251345,0.005873944,10,394.4380072,1.635136015e-06,3,391.6937579,0,2,4
Apartment_env.dae,direct,LazyRRT,No,1,42,450,0.0005,0.02,0.05,0.2664582519,Yes,26.64582519,1,Exact solution,547.1133038,No,0.014981899,0.6408509921,0.2455053395,9.743667,0.239499269,10,547.1133038,0.03347537634,24,391.6937579,0,2,602
Apartment_env.dae,direct,LazyRRT,No,2,42,450,0.0005,0.02,0.05,0.2664582519,Yes,26.64582519,1,Exact solution,579.7032722,No,0.008229148,0.3520019498,0.1348493788,9.743667,0.239499269,10,579.7032722,0.03900529693,24,391.6937579,0,2,337
Apartment_env.dae,direct,LazyRRT,No,3,42,450,0.0005,0.02,0.05,0.2664582519,Yes,26.64582519,1,Exact solution,730.6867774,No,0.015717938,0.6723350732,0.2575666612,9.743667,0.239499269,10,730.6867774,0.03592437662,29,391.6937579,0,2,829
Apartment_env.dae,direct,LazyRRT,No,4,42,450,0.0005,0.02,0.05,0.2664582519,Yes,26.64582519,1,Exact solution,490.4610577,No,0.002903492,0.1241969211,0.04757893436,9.743667,0.239499269,10,490.4610577,0.05171291261,21,391.6937579,0,2,250
Apartment_env.dae,direct,LazyRRT,No,5,42,450,0.0005,0.02,0.05,0.2664582519,Yes,26.64582519,1,Exact solution,509.4548132,No,0.003996579,0.1709537367,0.06549112927,9.743667,0.239499269,10,509.4548132,0.03231125294,21,391.6937579,0,2,228
Apartment_env.dae,direct,LazyRRT,No,6,42,450,0.0005,0.02,0.05,0.2664582519,Yes,26.64582519,1,Exact solution,706.2413086,No,0.123987093,5.303550074,2.031751339,9.743667,0.239499269,10,706.2413086,0.1194462251,32,391.6937579,0,2,1164
Apartment_env.dae,direct,LazyRRT,No,7,42,450,0.0005,0.02,0.05,0.2664582519,Yes,26.64582519,1,Exact solution,672.1728566,No,0.019372697,0.8286674534,0.3174564555,9.743667,0.239499269,10,672.1728566,0.09797835074,29,391.6937579,0,2,515
Apartment_env.dae,direct,LazyRRT,No,8,42,450,0.0005,0.02,0.05,0.2664582519,Yes,26.64582519,1,Exact solution,668.0141631,No,0.015799707,0.6758327436,0.2589065933,9.743667,0.239499269,10,668.0141631,0.04324820985,28,391.6937579,0,2,758
Apartment_env.dae,direct,LazyRRT,No,9,42,450,0.0005,0.02,0.05,0.2664582519,Yes,26.64582519,1,Exact solution,574.6069574,No,0.00020755,0.008877954884,0.003401079743,9.743667,0.239499269,10,574.6069574,0.03466621887,23,391.6937579,0,2,148
Apartment_env.dae,direct,LazyRRT,No,10,42,450,0.0005,0.02,0.05,0.2664582519,Yes,26.64582519,1,Exact solution,542.7781458,No,0.022592629,0.9664001011,0.370220828,9.743667,0.239499269,10,542.7781458,0.03662311372,23,391.6937579,0,2,700
Apartment_env.dae,direct,LazyRRT,No,1,42,450,0.0005,0.02,0.2,0.2664582519,Yes,106.5833008,1,Exact solution,646.0000937,No,0.002646563,0.1337289043,0.05307493041,2.649705,0.063673667,10,646.0000937,0.01363770694,15,391.6937579,0,2,438
Apartment_env.dae,direct,LazyRRT,No,2,42,450,0.0005,0.02,0.2,0.2664582519,Yes,106.5833008,1,Exact solution,545.2509583,No,0.004610388,0.2329595537,0.09245803795,2.649705,0.063673667,10,545.2509583,0.0209748329,13,391.6937579,0,2,266
Apartment_env.dae,direct,LazyRRT,No,3,42,450,0.0005,0.02,0.2,0.2664582519,Yes,106.5833008,1,Exact solution,685.8261564,No,0.012704566,0.6419524834,0.2547809957,2.649705,0.063673667,10,685.8261564,0.01217925123,13,391.6937579,0,2,360
Apartment_env.dae,direct,LazyRRT,No,4,42,450,0.0005,0.02,0.2,0.2664582519,Yes,106.5833008,1,Exact solution,691.1846033,No,0.011821878,0.5973509005,0.2370793184,2.649705,0.063673667,10,691.1846033,0.1046032722,18,391.6937579,0,2,397
Apartment_env.dae,direct,LazyRRT,No,5,42,450,0.0005,0.02,0.2,0.2664582519,Yes,106.5833008,1,Exact solution,470.0539382,No,0.001241726,0.06274351201,0.02490192791,2.649705,0.063673667,10,470.0539382,0.009123375481,10,391.6937579,0,2,124
Apartment_env.dae,direct,LazyRRT,No,6,42,450,0.0005,0.02,0.2,0.2664582519,Yes,106.5833008,1,Exact solution,611.2846994,No,0.002558573,0.1292828335,0.05131035382,2.649705,0.063673667,10,611.2846994,0.00545885943,10,391.6937579,0,2,232
Apartment_env.dae,direct,LazyRRT,No,7,42,450,0.0005,0.02,0.2,0.2664582519,Yes,106.5833008,1,Exact solution,556.3388278,No,0.004586448,0.231749883,0.09197793835,2.649705,0.063673667,10,556.3388278,0.008061623658,11,391.6937579,0,2,202
Apartment_env.dae,direct,LazyRRT,No,8,42,450,0.0005,0.02,0.2,0.2664582519,Yes,106.5833008,1,Exact solution,666.1390578,No,0.008303948,0.4195924552,0.1665297453,2.649705,0.063673667,10,666.1390578,0.01156204211,16,391.6937579,0,2,443
Apartment_env.dae,direct,LazyRRT,No,9,42,450,0.0005,0.02,0.2,0.2664582519,Yes,106.5833008,1,Exact solution,676.6809544,No,0.001932295,0.09763746151,0.03875079591,2.649705,0.063673667,10,676.6809544,0.01555549542,12,391.6937579,0,2,743
Apartment_env.dae,direct,LazyRRT,No,10,42,450,0.0005,0.02,0.2,0.2664582519,Yes,106.5833008,1,Exact solution,577.1595227,No,0.002032624,0.1027070129,0.04076282233,2.649705,0.063673667,10,577.1595227,0.01072743294,12,391.6937579,0,2,106
Apartment_env.dae,direct,LazyRRT,No,1,42,450,0.0005,0.02,0.5,0.2664582519,Yes,266.4582519,1,Exact solution,515.3363908,No,0.001202787,0.06675500497,0.0258800083,1.229901,0.030005848,10,515.3363908,0.0003885328728,6,391.6937579,0,2,74
Apartment_env.dae,direct,LazyRRT,No,2,42,450,0.0005,0.02,0.5,0.2664582519,Yes,266.4582519,1,Exact solution,501.5604262,No,0.001375286,0.0763287463,0.02959161772,1.229901,0.030005848,10,501.5604262,0.003667340085,9,391.6937579,0,2,72
Apartment_env.dae,direct,LazyRRT,No,3,42,450,0.0005,0.02,0.5,0.2664582519,Yes,266.4582519,1,Exact solution,399.5226769,No,9.371e-05,0.005200930436,0.002016330055,1.229901,0.030005848,10,399.5226769,4.243993416e-06,3,391.6937579,0,2,11
Apartment_env.dae,direct,LazyRRT,No,4,42,450,0.0005,0.02,0.5,0.2664582519,Yes,266.4582519,1,Exact solution,640.4648626,No,0.004097089,0.2273895516,0.08815583918,1.229901,0.030005848,10,640.4648626,0.01666099094,16,391.6937579,0,2,459
Apartment_env.dae,direct,LazyRRT,No,5,42,450,0.0005,0.02,0.5,0.2664582519,Yes,266.4582519,1,Exact solution,473.8987239,No,8.262e-05,0.004585432426,0.001777709841,1.229901,0.030005848,10,473.8987239,0.0003433555303,4,391.6937579,0,2,8
Apartment_env.dae,direct,LazyRRT,No,6,42,450,0.0005,0.02,0.5,0.2664582519,Yes,266.4582519,1,Exact solution,634.0785742,No,0.002548153,0.1414231831,0.05482784633,1.229901,0.030005848,10,634.0785742,0.004928577981,11,391.6937579,0,2,298
Apartment_env.dae,direct,LazyRRT,No,7,42,450,0.0005,0.02,0.5,0.2664582519,Yes,266.4582519,1,Exact solution,516.8165873,No,0.000524529,0.02911150187,0.01128613368,1.229901,0.030005848,10,516.8165873,0.001919166131,10,391.6937579,0,2,177
Apartment_env.dae,direct,LazyRRT,No,8,42,450,0.0005,0.02,0.5,0.2664582519,Yes,266.4582519,1,Exact solution,546.9489742,No,0.008180808,0.4540370645,0.1760240001,1.229901,0.030005848,10,546.9489742,0.002110419956,9,391.6937579,0,2,264
Apartment_env.dae,direct,LazyRRT,No,9,42,450,0.0005,0.02,0.5,0.2664582519,Yes,266.4582519,1,Exact solution,566.5789208,No,0.00334094,0.1854230768,0.0718860072,1.229901,0.030005848,10,566.5789208,0.01281635344,12,391.6937579,0,2,169
Apartment_env.dae,direct,LazyRRT,No,10,42,450,0.0005,0.02,0.5,0.2664582519,Yes,266.4582519,1,Exact solution,921.5535455,No,0.000714348,0.0396465079,0.01537041236,1.229901,0.030005848,10,921.5535455,0.008126051779,13,391.6937579,0,2,276
Apartment_env.dae,direct,LazyRRT,No,1,42,450,0.0005,0.05,0.05,0.2664582519,Yes,26.64582519,1,Exact solution,652.3355162,No,0.009131886,0.5000814795,0.1949170237,1.59324,0.038737914,10,652.3355162,0.04549122421,27,391.6937579,0,2,368
Apartment_env.dae,direct,LazyRRT,No,2,42,450,0.0005,0.05,0.05,0.2664582519,Yes,26.64582519,1,Exact solution,579.3045422,No,0.005431725,0.2974528016,0.1159383364,1.59324,0.038737914,10,579.3045422,0.0439693002,24,391.6937579,0,2,326
Apartment_env.dae,direct,LazyRRT,No,3,42,450,0.0005,0.05,0.05,0.2664582519,Yes,26.64582519,1,Exact solution,570.1495563,No,0.006128563,0.335613131,0.1308121082,1.59324,0.038737914,10,570.1495563,0.02746248288,24,391.6937579,0,2,340
Apartment_env.dae,direct,LazyRRT,No,4,42,450,0.0005,0.05,0.05,0.2664582519,Yes,26.64582519,1,Exact solution,519.4086739,No,0.000242369,0.01327264139,0.005173284481,1.59324,0.038737914,10,519.4086739,0.02339516796,22,391.6937579,0,2,164
Apartment_env.dae,direct,LazyRRT,No,5,42,450,0.0005,0.05,0.05,0.2664582519,Yes,26.64582519,1,Exact solution,600.238326,No,0.005167156,0.282964441,0.1102912004,1.59324,0.038737914,10,600.238326,0.0653919139,25,391.6937579,0,2,366
Apartment_env.dae,direct,LazyRRT,No,6,42,450,0.0005,0.05,0.05,0.2664582519,Yes,26.64582519,1,Exact solution,526.0916852,No,0.000162029,0.008873052296,0.003458454304,1.59324,0.038737914,10,526.0916852,0.03310702206,22,391.6937579,0,2,115
Apartment_env.dae,direct,LazyRRT,No,7,42,450,0.0005,0.05,0.05,0.2664582519,Yes,26.64582519,1,Exact solution,541.1178949,No,0.00014532,0.007958031955,0.00310180634,1.59324,0.038737914,10,541.1178949,0.03495176652,22,391.6937579,0,2,85
Apartment_env.dae,direct,LazyRRT,No,8,42,450,0.0005,0.05,0.05,0.2664582519,Yes,26.64582519,1,Exact solution,513.8766108,No,0.001112607,0.06092872323,0.0237482208,1.59324,0.038737914,10,513.8766108,0.03323267303,21,391.6937579,0,2,132
Apartment_env.dae,direct,LazyRRT,No,9,42,450,0.0005,0.05,0.05,0.2664582519,Yes,26.64582519,1,Exact solution,554.7527621,No,0.001194247,0.06539950309,0.02549079903,1.59324,0.038737914,10,554.7527621,0.02240634083,22,391.6937579,0,2,222
Apartment_env.dae,direct,LazyRRT,No,10,42,450,0.0005,0.05,0.05,0.2664582519,Yes,26.64582519,1,Exact solution,508.6902173,No,0.000377929,0.02069619501,0.008066766915,1.59324,0.038737914,10,508.6902173,0.02509836504,21,391.6937579,0,2,145
Apartment_env.dae,direct,LazyRRT,No,1,42,450,0.0005,0.05,0.2,0.2664582519,Yes,106.5833008,1,Exact solution,415.1059156,No,0.000227859,0.01573301557,0.006481479702,0.835864,0.019583907,10,415.1059156,0.000109856894,5,391.6937579,0,2,75
Apartment_env.dae,direct,LazyRRT,No,2,42,450,0.0005,0.05,0.2,0.2664582519,Yes,106.5833008,1,Exact solution,465.7324166,No,0.001048238,0.07237785113,0.02981726998,0.835864,0.019583907,10,465.7324166,0.002516794644,9,391.6937579,0,2,72
Apartment_env.dae,direct,LazyRRT,No,3,42,450,0.0005,0.05,0.2,0.2664582519,Yes,106.5833008,1,Exact solution,490.9087503,No,0.000349249,0.02411464966,0.009934434472,0.835864,0.019583907,10,490.9087503,0.01903439113,11,391.6937579,0,2,98
Apartment_env.dae,direct,LazyRRT,No,4,42,450,0.0005,0.05,0.2,0.2664582519,Yes,106.5833008,1,Exact solution,559.9428404,No,0.000715848,0.04942726745,0.02036239201,0.835864,0.019583907,10,559.9428404,0.002610293922,9,391.6937579,0,2,46
Apartment_env.dae,direct,LazyRRT,No,5,42,450,0.0005,0.05,0.2,0.2664582519,Yes,106.5833008,1,Exact solution,598.6741993,No,0.004660007,0.3217602232,0.1325545218,0.835864,0.019583907,10,598.6741993,0.01448440473,12,391.6937579,0,2,204
Apartment_env.dae,direct,LazyRRT,No,6,42,450,0.0005,0.05,0.2,0.2664582519,Yes,106.5833008,1,Exact solution,580.8352735,No,0.001100567,0.07599101967,0.03130577537,0.835864,0.019583907,10,580.8352735,0.002959243875,9,391.6937579,0,2,36
Apartment_env.dae,direct,LazyRRT,No,7,42,450,0.0005,0.05,0.2,0.2664582519,Yes,106.5833008,1,Exact solution,412.8579058,No,5.896e-05,0.004071020229,0.001677125078,0.835864,0.019583907,10,412.8579058,7.787557155e-05,5,391.6937579,0,2,7
Apartment_env.dae,direct,LazyRRT,No,8,42,450,0.0005,0.05,0.2,0.2664582519,Yes,106.5833008,1,Exact solution,679.3516688,No,0.002458713,0.1697671364,0.06993841982,0.835864,0.019583907,10,679.3516688,0.012817872,15,391.6937579,0,2,212
Apartment_env.dae,direct,LazyRRT,No,9,42,450,0.0005,0.05,0.2,0.2664582519,Yes,106.5833008,1,Exact solution,516.3786567,No,0.000973118,0.06719102888,0.02768047154,0.835864,0.019583907,10,516.3786567,0.005806053611,10,391.6937579,0,2,116
Apartment_env.dae,direct,LazyRRT,No,10,42,450,0.0005,0.05,0.2,0.2664582519,Yes,106.5833008,1,Exact solution,437.9554179,No,0.000513139,0.03543078781,0.01459630742,0.835864,0.019583907,10,437.9554179,0.006317294126,10,391.6937579,0,2,39
Apartment_env.dae,direct,LazyRRT,No,1,42,450,0.0005,0.05,0.5,0.2664582519,Yes,266.4582519,1,Exact solution,549.5537088,No,0.00011023,0.006581637772,0.002693493227,0.995768,0.023438426,10,549.5537088,0.0008267658809,5,391.6937579,0,2,22
Apartment_env.dae,direct,LazyRRT,No,2,42,450,0.0005,0.05,0.5,0.2664582519,Yes,266.4582519,1,Exact solution,495.9113889,No,0.000328749,0.01962901965,0.008033050937,0.995768,0.023438426,10,495.9113889,0.001356832256,7,391.6937579,0,2,80
Apartment_env.dae,direct,LazyRRT,No,3,42,450,0.0005,0.05,0.5,0.2664582519,Yes,266.4582519,1,Exact solution,514.3919673,No,9.2579e-05,0.005527727871,0.00226218733,0.995768,0.023438426,10,514.3919673,9.13961723e-05,4,391.6937579,0,2,14
Apartment_env.dae,direct,LazyRRT,No,4,42,450,0.0005,0.05,0.5,0.2664582519,Yes,266.4582519,1,Exact solution,394.3994466,No,7.203e-05,0.004300783532,0.001760068195,0.995768,0.023438426,10,394.3994466,6.025183763e-06,4,391.6937579,0,2,30
Apartment_env.dae,direct,LazyRRT,No,5,42,450,0.0005,0.05,0.5,0.2664582519,Yes,266.4582519,1,Exact solution,768.1594281,No,0.000866518,0.05173825273,0.02117354952,0.995768,0.023438426,10,768.1594281,0.01442434369,15,391.6937579,0,2,136
Apartment_env.dae,direct,LazyRRT,No,6,42,450,0.0005,0.05,0.5,0.2664582519,Yes,266.4582519,1,Exact solution,691.2423983,No,0.001719866,0.1026901481,0.04202528732,0.995768,0.023438426,10,691.2423983,0.00831389747,13,391.6937579,0,2,106
Apartment_env.dae,direct,LazyRRT,No,7,42,450,0.0005,0.05,0.5,0.2664582519,Yes,266.4582519,1,Exact solution,595.3367859,No,0.002480773,0.1481225554,0.06061820986,0.995768,0.023438426,10,595.3367859,0.005145301816,8,391.6937579,0,2,71
Apartment_env.dae,direct,LazyRRT,No,8,42,450,0.0005,0.05,0.5,0.2664582519,Yes,266.4582519,1,Exact solution,743.2911128,No,0.010417781,0.6220272242,0.2545606692,0.995768,0.023438426,10,743.2911128,0.0247245491,19,391.6937579,0,2,369
Apartment_env.dae,direct,LazyRRT,No,9,42,450,0.0005,0.05,0.5,0.2664582519,Yes,266.4582519,1,Exact solution,391.6937579,No,7.7429e-05,0.004623148245,0.001891993895,0.995768,0.023438426,10,391.6937579,0,3,391.6937579,0,2,4
Apartment_env.dae,direct,LazyRRT,No,10,42,450,0.0005,0.05,0.5,0.2664582519,Yes,266.4582519,1,Exact solution,571.6059793,No,0.000511278,0.03052750246,0.01249318543,0.995768,0.023438426,10,571.6059793,0.008236631675,11,391.6937579,0,2,91
Apartment_env.dae,direct,LazyRRT,No,1,42,450,0.0005,0.15,0.05,0.2664582519,Yes,26.64582519,1,Exact solution,438.6246816,No,0.000325379,0.02710435856,0.01075929405,0.779989,0.018741219,10,438.6246816,0.009404081542,18,391.6937579,0,2,81
Apartment_env.dae,direct,LazyRRT,No,2,42,450,0.0005,0.15,0.05,0.2664582519,Yes,26.64582519,1,Exact solution,594.4600005,No,0.001036247,0.08632029186,0.03426553706,0.779989,0.018741219,10,594.4600005,0.0130196291,24,391.6937579,0,2,132
Apartment_env.dae,direct,LazyRRT,No,3,42,450,0.0005,0.15,0.05,0.2664582519,Yes,26.64582519,1,Exact solution,431.0641691,No,8.675e-05,0.007226351747,0.002868558693,0.779989,0.018741219,10,431.0641691,0.008800618258,18,391.6937579,0,2,47
Apartment_env.dae,direct,LazyRRT,No,4,42,450,0.0005,0.15,0.05,0.2664582519,Yes,26.64582519,1,Exact solution,488.8251265,No,0.000526919,0.04389281886,0.01742360897,0.779989,0.018741219,10,488.8251265,0.0190257779,20,391.6937579,0,2,154
Apartment_env.dae,direct,LazyRRT,No,5,42,450,0.0005,0.15,0.05,0.2664582519,Yes,26.64582519,1,Exact solution,493.7552836,No,0.000277689,0.02313173937,0.009182330777,0.779989,0.018741219,10,493.7552836,0.02473128587,20,391.6937579,0,2,84
Apartment_env.dae,direct,LazyRRT,No,6,42,450,0.0005,0.15,0.05,0.2664582519,Yes,26.64582519,1,Exact solution,527.3280708,No,0.000569049,0.04740228513,0.01881671995,0.779989,0.018741219,10,527.3280708,0.03557011993,22,391.6937579,0,2,105
Apartment_env.dae,direct,LazyRRT,No,7,42,450,0.0005,0.15,0.05,0.2664582519,Yes,26.64582519,1,Exact solution,623.1082461,No,0.003858369,0.3214055512,0.1275845295,0.779989,0.018741219,10,623.1082461,0.02842815526,25,391.6937579,0,2,194
Apartment_env.dae,direct,LazyRRT,No,8,42,450,0.0005,0.15,0.05,0.2664582519,Yes,26.64582519,1,Exact solution,678.1258266,No,0.001058707,0.08819122973,0.03500822096,0.779989,0.018741219,10,678.1258266,0.03272097652,27,391.6937579,0,2,132
Apartment_env.dae,direct,LazyRRT,No,9,42,450,0.0005,0.15,0.05,0.2664582519,Yes,26.64582519,1,Exact solution,477.2898817,No,0.001254096,0.1044673063,0.04146914101,0.779989,0.018741219,10,477.2898817,0.02203284721,19,391.6937579,0,2,106
Apartment_env.dae,direct,LazyRRT,No,10,42,450,0.0005,0.15,0.05,0.2664582519,Yes,26.64582519,1,Exact solution,454.9577769,No,0.000370309,0.03084706731,0.01224499252,0.779989,0.018741219,10,454.9577769,0.007871132035,19,391.6937579,0,2,73
Apartment_env.dae,direct,LazyRRT,No,1,42,450,0.0005,0.15,0.2,0.2664582519,Yes,106.5833008,1,Exact solution,435.0907447,No,9.8469e-05,0.01489019943,0.005598566076,0.338544,0.008417217,10,435.0907447,0.0001677740061,6,391.6937579,0,2,13
Apartment_env.dae,direct,LazyRRT,No,2,42,450,0.0005,0.15,0.2,0.2664582519,Yes,106.5833008,1,Exact solution,401.1968437,No,5.672e-05,0.008577035529,0.003224879585,0.338544,0.008417217,10,401.1968437,9.934186146e-05,6,391.6937579,0,2,10
Apartment_env.dae,direct,LazyRRT,No,3,42,450,0.0005,0.15,0.2,0.2664582519,Yes,106.5833008,1,Exact solution,491.5593432,No,9.48e-05,0.01433538378,0.005389960942,0.338544,0.008417217,10,491.5593432,0.0005146834568,7,391.6937579,0,2,17
Apartment_env.dae,direct,LazyRRT,No,4,42,450,0.0005,0.15,0.2,0.2664582519,Yes,106.5833008,1,Exact solution,575.7584632,No,0.000254019,0.03841202377,0.0144425368,0.338544,0.008417217,10,575.7584632,0.001278093469,9,391.6937579,0,2,34
Apartment_env.dae,direct,LazyRRT,No,5,42,450,0.0005,0.15,0.2,0.2664582519,Yes,106.5833008,1,Exact solution,540.0311728,No,0.000266199,0.04025384839,0.01513504444,0.338544,0.008417217,10,540.0311728,0.002049584637,8,391.6937579,0,2,28
Apartment_env.dae,direct,LazyRRT,No,6,42,450,0.0005,0.15,0.2,0.2664582519,Yes,106.5833008,1,Exact solution,562.6465159,No,0.000743278,0.1123963648,0.04225990917,0.338544,0.008417217,10,562.6465159,0.006087153995,9,391.6937579,0,2,75
Apartment_env.dae,direct,LazyRRT,No,7,42,450,0.0005,0.15,0.2,0.2664582519,Yes,106.5833008,1,Exact solution,565.2216033,No,0.00022621,0.03420682664,0.01286142473,0.338544,0.008417217,10,565.2216033,0.001625137542,9,391.6937579,0,2,40
Apartment_env.dae,direct,LazyRRT,No,8,42,450,0.0005,0.15,0.2,0.2664582519,Yes,106.5833008,1,Exact solution,554.118276,No,0.000351099,0.0530921826,0.01996212971,0.338544,0.008417217,10,554.118276,0.003644965025,9,391.6937579,0,2,67
Apartment_env.dae,direct,LazyRRT,No,9,42,450,0.0005,0.15,0.2,0.2664582519,Yes,106.5833008,1,Exact solution,438.3745121,No,7.588e-05,0.01147435571,0.004314242999,0.338544,0.008417217,10,438.3745121,0.004196844404,8,391.6937579,0,2,16
Apartment_env.dae,direct,LazyRRT,No,10,42,450,0.0005,0.15,0.2,0.2664582519,Yes,106.5833008,1,Exact solution,429.0894926,No,7.212e-05,0.01090577931,0.004100463957,0.338544,0.008417217,10,429.0894926,0.0001397672404,6,391.6937579,0,2,18
Apartment_env.dae,direct,LazyRRT,No,1,42,450,0.0005,0.15,0.5,0.2664582519,Yes,266.4582519,1,Exact solution,392.3048316,No,5.697e-05,0.007768974599,0.003373354759,0.283982,0.006401903,10,392.3048316,3.717651325e-07,3,391.6937579,0,2,5
Apartment_env.dae,direct,LazyRRT,No,2,42,450,0.0005,0.15,0.5,0.2664582519,Yes,266.4582519,1,Exact solution,410.3775167,No,0.000261879,0.03571232752,0.01550659594,0.283982,0.006401903,10,410.3775167,7.849628318e-05,5,391.6937579,0,2,16
Apartment_env.dae,direct,LazyRRT,No,3,42,450,0.0005,0.15,0.5,0.2664582519,Yes,266.4582519,1,Exact solution,642.9498967,No,0.000348409,0.04751238671,0.02063028187,0.283982,0.006401903,10,642.9498967,0.0008441470983,6,391.6937579,0,2,29
Apartment_env.dae,direct,LazyRRT,No,4,42,450,0.0005,0.15,0.5,0.2664582519,Yes,266.4582519,1,Exact solution,469.8442356,No,0.000224679,0.03063937939,0.01330387878,0.283982,0.006401903,10,469.8442356,5.347674659e-05,5,391.6937579,0,2,9
Apartment_env.dae,direct,LazyRRT,No,5,42,450,0.0005,0.15,0.5,0.2664582519,Yes,266.4582519,1,Exact solution,419.161068,No,0.000334169,0.04557048399,0.01978709121,0.283982,0.006401903,10,419.161068,0.001369582545,6,391.6937579,0,2,33
Apartment_env.dae,direct,LazyRRT,No,6,42,450,0.0005,0.15,0.5,0.2664582519,Yes,266.4582519,1,Exact solution,457.613929,No,7.185e-05,0.009798153852,0.004254441626,0.283982,0.006401903,10,457.613929,0.0003422232889,4,391.6937579,0,2,20
Apartment_env.dae,direct,LazyRRT,No,7,42,450,0.0005,0.15,0.5,0.2664582519,Yes,266.4582519,1,Exact solution,397.4490861,No,7.215e-05,0.009839064724,0.004272205474,0.283982,0.006401903,10,397.4490861,3.331341428e-06,3,391.6937579,0,2,14
Apartment_env.dae,direct,LazyRRT,No,8,42,450,0.0005,0.15,0.5,0.2664582519,Yes,266.4582519,1,Exact solution,408.7916697,No,6.033e-05,0.008227176366,0.003572309858,0.283982,0.006401903,10,408.7916697,8.911111372e-06,3,391.6937579,0,2,4
Apartment_env.dae,direct,LazyRRT,No,9,42,450,0.0005,0.15,0.5,0.2664582519,Yes,266.4582519,1,Exact solution,623.2327855,No,0.000576068,0.07855814743,0.03411061487,0.283982,0.006401903,10,623.2327855,0.004117070513,8,391.6937579,0,2,27
Apartment_env.dae,direct,LazyRRT,No,10,42,450,0.0005,0.15,0.5,0.2664582519,Yes,266.4582519,1,Exact solution,467.8671253,No,7.594e-05,0.01035590541,0.004496622089,0.283982,0.006401903,10,467.8671253,2.702609244e-05,4,391.6937579,0,2,4
Apartment_env.dae,direct,pRRT,No,1,42,450,0.0005,0.02,0.05,0.2664582519,Yes,26.64582519,1,Exact solution,612.7092067,No,0.002343083,0.1564802035,0.06200942767,1.014108,0.024394063,10,612.7092067,0.02675206073,25,391.6937579,0,2,112
Apartment_env.dae,direct,pRRT,No,2,42,450,0.0005,0.02,0.05,0.2664582519,Yes,26.64582519,1,Exact solution,661.2858976,No,0.001531546,0.1022826036,0.04053219237,1.014108,0.024394063,10,661.2858976,0.0343269021,26,391.6937579,0,2,114
Apartment_env.dae,direct,pRRT,No,3,42,450,0.0005,0.02,0.05,0.2664582519,Yes,26.64582519,1,Exact solution,514.347288,No,0.002010105,0.1342426365,0.0531972024,1.014108,0.024394063,10,514.347288,0.02805871555,21,391.6937579,0,2,141
Apartment_env.dae,direct,pRRT,No,4,42,450,0.0005,0.02,0.05,0.2664582519,Yes,26.64582519,1,Exact solution,484.9343596,No,0.001867515,0.1247199212,0.04942357411,1.014108,0.024394063,10,484.9343596,0.01373178324,20,391.6937579,0,2,151
Apartment_env.dae,direct,pRRT,No,5,42,450,0.0005,0.02,0.05,0.2664582519,Yes,26.64582519,1,Exact solution,547.4388065,No,0.001741685,0.116316504,0.04609349734,1.014108,0.024394063,10,547.4388065,0.01952814431,22,391.6937579,0,2,109
Apartment_env.dae,direct,pRRT,No,6,42,450,0.0005,0.02,0.05,0.2664582519,Yes,26.64582519,1,Exact solution,478.6033824,No,0.000588009,0.03926952992,0.01556159195,1.014108,0.024394063,10,478.6033824,0.01633228301,19,391.6937579,0,2,56
Apartment_env.dae,direct,pRRT,No,7,42,450,0.0005,0.02,0.05,0.2664582519,Yes,26.64582519,1,Exact solution,471.1347814,No,0.001477586,0.09867894477,0.03910414705,1.014108,0.024394063,10,471.1347814,0.01932735771,19,391.6937579,0,2,114
Apartment_env.dae,direct,pRRT,No,8,42,450,0.0005,0.02,0.05,0.2664582519,Yes,26.64582519,1,Exact solution,440.7350956,No,0.000572959,0.03826443233,0.0151632954,1.014108,0.024394063,10,440.7350956,0.01342973623,18,391.6937579,0,2,49
Apartment_env.dae,direct,pRRT,No,9,42,450,0.0005,0.02,0.05,0.2664582519,Yes,26.64582519,1,Exact solution,543.2584702,No,0.001046817,0.06991051412,0.02770389399,1.014108,0.024394063,10,543.2584702,0.02003551196,22,391.6937579,0,2,93
Apartment_env.dae,direct,pRRT,No,10,42,450,0.0005,0.02,0.05,0.2664582519,Yes,26.64582519,1,Exact solution,592.0879909,No,0.002005614,0.13394271,0.05307834859,1.014108,0.024394063,10,592.0879909,0.03918081105,24,391.6937579,0,2,153
Apartment_env.dae,direct,pRRT,No,1,42,450,0.0005,0.02,0.2,0.2664582519,Yes,106.5833008,1,Exact solution,632.7188428,No,0.000697738,0.05363716284,0.02062246562,0.561861,0.013779462,10,632.7188428,0.000972874992,8,391.6937579,0,2,14
Apartment_env.dae,direct,pRRT,No,2,42,450,0.0005,0.02,0.2,0.2664582519,Yes,106.5833008,1,Exact solution,581.139972,No,0.001226896,0.09431508752,0.03626235146,0.561861,0.013779462,10,581.139972,0.001266640177,8,391.6937579,0,2,36
Apartment_env.dae,direct,pRRT,No,3,42,450,0.0005,0.02,0.2,0.2664582519,Yes,106.5833008,1,Exact solution,561.7209956,No,0.002167304,0.1666070037,0.06405721379,0.561861,0.013779462,10,561.7209956,0.003132497114,9,391.6937579,0,2,61
Apartment_env.dae,direct,pRRT,No,4,42,450,0.0005,0.02,0.2,0.2664582519,Yes,106.5833008,1,Exact solution,612.7935542,No,0.000548199,0.0421416621,0.01620266494,0.561861,0.013779462,10,612.7935542,0.002567378061,9,391.6937579,0,2,21
Apartment_env.dae,direct,pRRT,No,5,42,450,0.0005,0.02,0.2,0.2664582519,Yes,106.5833008,1,Exact solution,546.8492103,No,0.000814168,0.06258747781,0.02406369094,0.561861,0.013779462,10,546.8492103,0.0004335145236,7,391.6937579,0,2,24
Apartment_env.dae,direct,pRRT,No,6,42,450,0.0005,0.02,0.2,0.2664582519,Yes,106.5833008,1,Exact solution,481.9302158,No,0.000721228,0.05544290791,0.02131674015,0.561861,0.013779462,10,481.9302158,0.001356550105,7,391.6937579,0,2,28
Apartment_env.dae,direct,pRRT,No,7,42,450,0.0005,0.02,0.2,0.2664582519,Yes,106.5833008,1,Exact solution,500.6059853,No,0.000376068,0.02890944818,0.01111513118,0.561861,0.013779462,10,500.6059853,0.0005643318985,6,391.6937579,0,2,10
Apartment_env.dae,direct,pRRT,No,8,42,450,0.0005,0.02,0.2,0.2664582519,Yes,106.5833008,1,Exact solution,459.8171357,No,0.000316329,0.02431713635,0.009349474915,0.561861,0.013779462,10,459.8171357,0.002883985852,7,391.6937579,0,2,17
Apartment_env.dae,direct,pRRT,No,9,42,450,0.0005,0.02,0.2,0.2664582519,Yes,106.5833008,1,Exact solution,612.4350384,No,0.000267929,0.02059648665,0.007918956101,0.561861,0.013779462,10,612.4350384,0.001495971289,8,391.6937579,0,2,11
Apartment_env.dae,direct,pRRT,No,10,42,450,0.0005,0.02,0.2,0.2664582519,Yes,106.5833008,1,Exact solution,463.000662,No,0.000173099,0.01330662691,0.005116144135,0.561861,0.013779462,10,463.000662,0.0004442598423,6,391.6937579,0,2,9
Apartment_env.dae,direct,pRRT,No,1,42,450,0.0005,0.02,0.5,0.2664582519,Yes,266.4582519,1,Exact solution,636.9925181,No,0.001443696,0.1112039765,0.05144233909,0.667385,0.014290271,10,636.9925181,0.003183000619,9,391.6937579,0,2,32
Apartment_env.dae,direct,pRRT,No,2,42,450,0.0005,0.02,0.5,0.2664582519,Yes,266.4582519,1,Exact solution,404.6765161,No,0.002474713,0.190620412,0.08817993906,0.667385,0.014290271,10,404.6765161,0.01639758662,5,391.6937579,0,2,123
Apartment_env.dae,direct,pRRT,No,3,42,450,0.0005,0.02,0.5,0.2664582519,Yes,266.4582519,1,Exact solution,482.3375751,No,0.000645608,0.04972942839,0.02300455612,0.667385,0.014290271,10,482.3375751,0.001533889663,5,391.6937579,0,2,14
Apartment_env.dae,direct,pRRT,No,4,42,450,0.0005,0.02,0.5,0.2664582519,Yes,266.4582519,1,Exact solution,431.9883886,No,0.000337159,0.02597044081,0.01201378102,0.667385,0.014290271,10,431.9883886,0.0004352479253,5,391.6937579,0,2,14
Apartment_env.dae,direct,pRRT,No,5,42,450,0.0005,0.02,0.5,0.2664582519,Yes,266.4582519,1,Exact solution,565.1959208,No,0.000569519,0.04386849966,0.02029332319,0.667385,0.014290271,10,565.1959208,0.002230669936,6,391.6937579,0,2,25
Apartment_env.dae,direct,pRRT,No,6,42,450,0.0005,0.02,0.5,0.2664582519,Yes,266.4582519,1,Exact solution,475.4458618,No,0.000333919,0.02572087242,0.01189833208,0.667385,0.014290271,10,475.4458618,0.0002966946635,4,391.6937579,0,2,12
Apartment_env.dae,direct,pRRT,No,7,42,450,0.0005,0.02,0.5,0.2664582519,Yes,266.4582519,1,Exact solution,624.1817137,No,0.000779848,0.0600695705,0.02778784817,0.667385,0.014290271,10,624.1817137,0.0008533934732,6,391.6937579,0,2,20
Apartment_env.dae,direct,pRRT,No,8,42,450,0.0005,0.02,0.5,0.2664582519,Yes,266.4582519,1,Exact solution,533.8527641,No,0.001235887,0.09519701439,0.04403760773,0.667385,0.014290271,10,533.8527641,0.00103722888,9,391.6937579,0,2,77
Apartment_env.dae,direct,pRRT,No,9,42,450,0.0005,0.02,0.5,0.2664582519,Yes,266.4582519,1,Exact solution,425.17058,No,0.000585179,0.04507474687,0.02085132642,0.667385,0.014290271,10,425.17058,0.0002842952876,4,391.6937579,0,2,23
Apartment_env.dae,direct,pRRT,No,10,42,450,0.0005,0.02,0.5,0.2664582519,Yes,266.4582519,1,Exact solution,438.4550597,No,0.00025874,0.01993003851,0.009219524621,0.667385,0.014290271,10,438.4550597,0.000916445913,5,391.6937579,0,2,14
Apartment_env.dae,direct,pRRT,No,1,42,450,0.0005,0.05,0.05,0.2664582519,Yes,26.64582519,1,Exact solution,477.4905585,No,0.000565889,0.04957947438,0.02189189391,0.745109,0.016579245,10,477.4905585,0.0163185255,19,391.6937579,0,2,74
Apartment_env.dae,direct,pRRT,No,2,42,450,0.0005,0.05,0.05,0.2664582519,Yes,26.64582519,1,Exact solution,480.2338826,No,0.000544419,0.04769841411,0.02106130882,0.745109,0.016579245,10,480.2338826,0.02712525697,21,391.6937579,0,2,77
Apartment_env.dae,direct,pRRT,No,3,42,450,0.0005,0.05,0.05,0.2664582519,Yes,26.64582519,1,Exact solution,497.8111583,No,0.001219467,0.1068416825,0.04717611084,0.745109,0.016579245,10,497.8111583,0.02033182597,20,391.6937579,0,2,105
Apartment_env.dae,direct,pRRT,No,4,42,450,0.0005,0.05,0.05,0.2664582519,Yes,26.64582519,1,Exact solution,538.2834248,No,0.000437509,0.03833166267,0.01692540518,0.745109,0.016579245,10,538.2834248,0.02537090201,22,391.6937579,0,2,69
Apartment_env.dae,direct,pRRT,No,5,42,450,0.0005,0.05,0.05,0.2664582519,Yes,26.64582519,1,Exact solution,547.5651216,No,0.001966614,0.1723017914,0.07608012356,0.745109,0.016579245,10,547.5651216,0.02864623131,22,391.6937579,0,2,160
Apartment_env.dae,direct,pRRT,No,6,42,450,0.0005,0.05,0.05,0.2664582519,Yes,26.64582519,1,Exact solution,589.2097338,No,0.001105887,0.09689054953,0.04278217261,0.745109,0.016579245,10,589.2097338,0.03283365893,24,391.6937579,0,2,122
Apartment_env.dae,direct,pRRT,No,7,42,450,0.0005,0.05,0.05,0.2664582519,Yes,26.64582519,1,Exact solution,474.3809144,No,0.000462679,0.04053689262,0.01789912789,0.745109,0.016579245,10,474.3809144,0.01565690655,19,391.6937579,0,2,62
Apartment_env.dae,direct,pRRT,No,8,42,450,0.0005,0.05,0.05,0.2664582519,Yes,26.64582519,1,Exact solution,544.5904178,No,0.000683098,0.0598485565,0.02642622306,0.745109,0.016579245,10,544.5904178,0.02604694174,22,391.6937579,0,2,74
Apartment_env.dae,direct,pRRT,No,9,42,450,0.0005,0.05,0.05,0.2664582519,Yes,26.64582519,1,Exact solution,494.2098769,No,0.000702498,0.06154825698,0.02717672845,0.745109,0.016579245,10,494.2098769,0.03309067901,21,391.6937579,0,2,84
Apartment_env.dae,direct,pRRT,No,10,42,450,0.0005,0.05,0.05,0.2664582519,Yes,26.64582519,1,Exact solution,499.9371208,No,0.000816447,0.07153171933,0.03158494175,0.745109,0.016579245,10,499.9371208,0.02528206645,20,391.6937579,0,2,111
Apartment_env.dae,direct,pRRT,No,1,42,450,0.0005,0.05,0.2,0.2664582519,Yes,106.5833008,1,Exact solution,473.5905229,No,0.000254779,0.02665656507,0.01043894448,0.401163,0.009724464,10,473.5905229,0.0008362496621,6,391.6937579,0,2,14
Apartment_env.dae,direct,pRRT,No,2,42,450,0.0005,0.05,0.2,0.2664582519,Yes,106.5833008,1,Exact solution,491.0046003,No,0.000315569,0.03301679331,0.0129296656,0.401163,0.009724464,10,491.0046003,0.0006146746762,7,391.6937579,0,2,13
Apartment_env.dae,direct,pRRT,No,3,42,450,0.0005,0.05,0.2,0.2664582519,Yes,106.5833008,1,Exact solution,571.9543038,No,0.000185049,0.01936097838,0.007581928798,0.401163,0.009724464,10,571.9543038,0.001409828128,7,391.6937579,0,2,8
Apartment_env.dae,direct,pRRT,No,4,42,450,0.0005,0.05,0.2,0.2664582519,Yes,106.5833008,1,Exact solution,552.1048262,No,0.000415269,0.04344802798,0.0170146285,0.401163,0.009724464,10,552.1048262,0.00184092696,8,391.6937579,0,2,21
Apartment_env.dae,direct,pRRT,No,5,42,450,0.0005,0.05,0.2,0.2664582519,Yes,106.5833008,1,Exact solution,476.1440146,No,0.000550319,0.05757779972,0.02254797094,0.401163,0.009724464,10,476.1440146,0.0009186220152,7,391.6937579,0,2,32
Apartment_env.dae,direct,pRRT,No,6,42,450,0.0005,0.05,0.2,0.2664582519,Yes,106.5833008,1,Exact solution,391.6937579,No,0.000336759,0.03523382303,0.01379787386,0.401163,0.009724464,10,391.6937579,0,5,391.6937579,0,2,11
Apartment_env.dae,direct,pRRT,No,7,42,450,0.0005,0.05,0.2,0.2664582519,Yes,106.5833008,1,Exact solution,496.9320188,No,0.000253789,0.02655298511,0.01039838166,0.401163,0.009724464,10,496.9320188,0.001320552314,7,391.6937579,0,2,13
Apartment_env.dae,direct,pRRT,No,8,42,450,0.0005,0.05,0.2,0.2664582519,Yes,106.5833008,1,Exact solution,405.8974333,No,0.000344639,0.03605827769,0.01412073753,0.401163,0.009724464,10,405.8974333,2.584088973e-05,5,391.6937579,0,2,9
Apartment_env.dae,direct,pRRT,No,9,42,450,0.0005,0.05,0.2,0.2664582519,Yes,106.5833008,1,Exact solution,450.6071198,No,0.000413419,0.04325446947,0.01693882929,0.401163,0.009724464,10,450.6071198,0.0004115223902,6,391.6937579,0,2,15
Apartment_env.dae,direct,pRRT,No,10,42,450,0.0005,0.05,0.2,0.2664582519,Yes,106.5833008,1,Exact solution,453.425871,No,0.000764658,0.08000328024,0.03132998563,0.401163,0.009724464,10,453.425871,0.0005697994884,6,391.6937579,0,2,23
Apartment_env.dae,direct,pRRT,No,1,42,450,0.0005,0.05,0.5,0.2664582519,Yes,266.4582519,1,Exact solution,398.5612818,No,0.00013441,0.0141733175,0.005132469698,0.310683,0.007896179,10,398.5612818,3.635078412e-06,3,391.6937579,0,2,3
Apartment_env.dae,direct,pRRT,No,2,42,450,0.0005,0.05,0.5,0.2664582519,Yes,266.4582519,1,Exact solution,406.1184734,No,0.000535739,0.0564928126,0.02045728877,0.310683,0.007896179,10,406.1184734,0.0003973656324,5,391.6937579,0,2,15
Apartment_env.dae,direct,pRRT,No,3,42,450,0.0005,0.05,0.5,0.2664582519,Yes,266.4582519,1,Exact solution,432.2749734,No,0.000385869,0.04068926307,0.01473447623,0.310683,0.007896179,10,432.2749734,0.0004272244852,5,391.6937579,0,2,24
Apartment_env.dae,direct,pRRT,No,4,42,450,0.0005,0.05,0.5,0.2664582519,Yes,266.4582519,1,Exact solution,526.642365,No,0.000555649,0.05859228996,0.02121755565,0.310683,0.007896179,10,526.642365,4.033949117e-05,5,391.6937579,0,2,5
Apartment_env.dae,direct,pRRT,No,5,42,450,0.0005,0.05,0.5,0.2664582519,Yes,266.4582519,1,Exact solution,391.8935355,No,0.000221939,0.02340310923,0.008474780093,0.310683,0.007896179,10,391.8935355,1.074485476e-07,3,391.6937579,0,2,5
Apartment_env.dae,direct,pRRT,No,6,42,450,0.0005,0.05,0.5,0.2664582519,Yes,266.4582519,1,Exact solution,453.8783435,No,0.000348819,0.03678240038,0.0133197154,0.310683,0.007896179,10,453.8783435,0.0005046041931,4,391.6937579,0,2,21
Apartment_env.dae,direct,pRRT,No,7,42,450,0.0005,0.05,0.5,0.2664582519,Yes,266.4582519,1,Exact solution,432.4132021,No,0.00023359,0.02463168837,0.008919675595,0.310683,0.007896179,10,432.4132021,5.181121847e-05,4,391.6937579,0,2,9
Apartment_env.dae,direct,pRRT,No,8,42,450,0.0005,0.05,0.5,0.2664582519,Yes,266.4582519,1,Exact solution,391.6937579,No,0.00014644,0.01544186157,0.005591837382,0.310683,0.007896179,10,391.6937579,0,3,391.6937579,0,2,3
Apartment_env.dae,direct,pRRT,No,9,42,450,0.0005,0.05,0.5,0.2664582519,Yes,266.4582519,1,Exact solution,565.7814632,No,0.000248319,0.02618483764,0.009482105073,0.310683,0.007896179,10,565.7814632,0.0009951786523,6,391.6937579,0,2,7
Apartment_env.dae,direct,pRRT,No,10,42,450,0.0005,0.05,0.5,0.2664582519,Yes,266.4582519,1,Exact solution,402.1375621,No,0.00013553,0.01429141969,0.005175237097,0.310683,0.007896179,10,402.1375621,5.784082231e-06,3,391.6937579,0,2,3
Apartment_env.dae,direct,pRRT,No,1,42,450,0.0005,0.15,0.05,0.2664582519,Yes,26.64582519,1,Exact solution,469.3824359,No,0.0002259,0.02183460894,0.008448349411,0.598343,0.014615911,10,469.3824359,0.0160085458,19,391.6937579,0,2,39
Apartment_env.dae,direct,pRRT,No,2,42,450,0.0005,0.15,0.05,0.2664582519,Yes,26.64582519,1,Exact solution,452.6592875,No,0.000374119,0.03616087676,0.01399153623,0.598343,0.014615911,10,452.6592875,0.01549583191,18,391.6937579,0,2,61
Apartment_env.dae,direct,pRRT,No,3,42,450,0.0005,0.15,0.05,0.2664582519,Yes,26.64582519,1,Exact solution,518.7372662,No,0.000273689,0.02645370644,0.01023559231,0.598343,0.014615911,10,518.7372662,0.02267340784,21,391.6937579,0,2,35
Apartment_env.dae,direct,pRRT,No,4,42,450,0.0005,0.15,0.05,0.2664582519,Yes,26.64582519,1,Exact solution,573.8104864,No,0.000737748,0.07130783122,0.02759076087,0.598343,0.014615911,10,573.8104864,0.02733958447,23,391.6937579,0,2,60
Apartment_env.dae,direct,pRRT,No,5,42,450,0.0005,0.15,0.05,0.2664582519,Yes,26.64582519,1,Exact solution,535.2169917,No,0.000793828,0.07672830431,0.02968807577,0.598343,0.014615911,10,535.2169917,0.02533879135,22,391.6937579,0,2,61
Apartment_env.dae,direct,pRRT,No,6,42,450,0.0005,0.15,0.05,0.2664582519,Yes,26.64582519,1,Exact solution,523.4440924,No,0.000385019,0.03721442806,0.01439918124,0.598343,0.014615911,10,523.4440924,0.03214561356,22,391.6937579,0,2,53
Apartment_env.dae,direct,pRRT,No,7,42,450,0.0005,0.15,0.05,0.2664582519,Yes,26.64582519,1,Exact solution,490.7978212,No,0.002023604,0.1955936343,0.07568000736,0.598343,0.014615911,10,490.7978212,0.01279554021,20,391.6937579,0,2,75
Apartment_env.dae,direct,pRRT,No,8,42,450,0.0005,0.15,0.05,0.2664582519,Yes,26.64582519,1,Exact solution,538.2682496,No,0.000682238,0.06594245211,0.02551476319,0.598343,0.014615911,10,538.2682496,0.02236156055,22,391.6937579,0,2,66
Apartment_env.dae,direct,pRRT,No,9,42,450,0.0005,0.15,0.05,0.2664582519,Yes,26.64582519,1,Exact solution,472.4108241,No,0.000392169,0.03790551904,0.01466658141,0.598343,0.014615911,10,472.4108241,0.01899771391,19,391.6937579,0,2,42
Apartment_env.dae,direct,pRRT,No,10,42,450,0.0005,0.15,0.05,0.2664582519,Yes,26.64582519,1,Exact solution,445.4149293,No,0.000302119,0.02920163885,0.01129883522,0.598343,0.014615911,10,445.4149293,0.01128520562,18,391.6937579,0,2,42
Apartment_env.dae,direct,pRRT,No,1,42,450,0.0005,0.15,0.2,0.2664582519,Yes,106.5833008,1,Exact solution,422.9995985,No,0.00013264,0.02056921274,0.009522683321,0.440453,0.009424745,10,422.9995985,0.0002964336062,6,391.6937579,0,2,8
Apartment_env.dae,direct,pRRT,No,2,42,450,0.0005,0.15,0.2,0.2664582519,Yes,106.5833008,1,Exact solution,477.5592631,No,0.000323079,0.05010163362,0.02319495631,0.440453,0.009424745,10,477.5592631,0.0002873918312,6,391.6937579,0,2,12
Apartment_env.dae,direct,pRRT,No,3,42,450,0.0005,0.15,0.2,0.2664582519,Yes,106.5833008,1,Exact solution,484.5661988,No,0.000518698,0.08043734553,0.03723911937,0.440453,0.009424745,10,484.5661988,0.000441419589,6,391.6937579,0,2,12
Apartment_env.dae,direct,pRRT,No,4,42,450,0.0005,0.15,0.2,0.2664582519,Yes,106.5833008,1,Exact solution,501.7609737,No,0.000248819,0.03858572787,0.01786357465,0.440453,0.009424745,10,501.7609737,0.0004942299399,7,391.6937579,0,2,11
Apartment_env.dae,direct,pRRT,No,5,42,450,0.0005,0.15,0.2,0.2664582519,Yes,106.5833008,1,Exact solution,459.6603309,No,0.000167259,0.02593777106,0.0120081008,0.440453,0.009424745,10,459.6603309,0.0003508466751,6,391.6937579,0,2,9
Apartment_env.dae,direct,pRRT,No,6,42,450,0.0005,0.15,0.2,0.2664582519,Yes,106.5833008,1,Exact solution,658.8148488,No,0.000357409,0.05542537513,0.02565962548,0.440453,0.009424745,10,658.8148488,0.00165136361,8,391.6937579,0,2,13
Apartment_env.dae,direct,pRRT,No,7,42,450,0.0005,0.15,0.2,0.2664582519,Yes,106.5833008,1,Exact solution,527.7771605,No,0.000265919,0.04123751872,0.01909124266,0.440453,0.009424745,10,527.7771605,0.001002901684,7,391.6937579,0,2,13
Apartment_env.dae,direct,pRRT,No,8,42,450,0.0005,0.15,0.2,0.2664582519,Yes,106.5833008,1,Exact solution,460.3751524,No,0.000238719,0.03701946544,0.01713846079,0.440453,0.009424745,10,460.3751524,0.0002801766273,6,391.6937579,0,2,10
Apartment_env.dae,direct,pRRT,No,9,42,450,0.0005,0.15,0.2,0.2664582519,Yes,106.5833008,1,Exact solution,505.1468446,No,0.000435518,0.06753816643,0.03126734013,0.440453,0.009424745,10,505.1468446,0.0002837276715,6,391.6937579,0,2,11
Apartment_env.dae,direct,pRRT,No,10,42,450,0.0005,0.15,0.2,0.2664582519,Yes,106.5833008,1,Exact solution,443.3471692,No,0.000152189,0.02360078346,0.01092617349,0.440453,0.009424745,10,443.3471692,0.0007492633972,6,391.6937579,0,2,6
Apartment_env.dae,direct,pRRT,No,1,42,450,0.0005,0.15,0.5,0.2664582519,Yes,266.4582519,1,Exact solution,391.6937579,No,0.00013531,0.01729081364,0.007667387377,0.255541,0.005666785,10,391.6937579,0,3,391.6937579,0,2,3
Apartment_env.dae,direct,pRRT,No,2,42,450,0.0005,0.15,0.5,0.2664582519,Yes,266.4582519,1,Exact solution,428.5200233,No,0.00016594,0.02120491919,0.009403046791,0.255541,0.005666785,10,428.5200233,0.0004516021236,4,391.6937579,0,2,4
Apartment_env.dae,direct,pRRT,No,3,42,450,0.0005,0.15,0.5,0.2664582519,Yes,266.4582519,1,Exact solution,391.6937579,No,0.000162949,0.02082270928,0.009233560754,0.255541,0.005666785,10,391.6937579,0,3,391.6937579,0,2,3
Apartment_env.dae,direct,pRRT,No,4,42,450,0.0005,0.15,0.5,0.2664582519,Yes,266.4582519,1,Exact solution,456.7845435,No,0.00014432,0.01844217149,0.008177942105,0.255541,0.005666785,10,456.7845435,0.0004101607606,4,391.6937579,0,2,4
Apartment_env.dae,direct,pRRT,No,5,42,450,0.0005,0.15,0.5,0.2664582519,Yes,266.4582519,1,Exact solution,512.7343801,No,0.00018764,0.02397788982,0.0106326847,0.255541,0.005666785,10,512.7343801,6.768694694e-05,5,391.6937579,0,2,5
Apartment_env.dae,direct,pRRT,No,6,42,450,0.0005,0.15,0.5,0.2664582519,Yes,266.4582519,1,Exact solution,407.0326018,No,0.0001414,0.01806903443,0.008012479307,0.255541,0.005666785,10,407.0326018,8.122061351e-06,3,391.6937579,0,2,3
Apartment_env.dae,direct,pRRT,No,7,42,450,0.0005,0.15,0.5,0.2664582519,Yes,266.4582519,1,Exact solution,546.0687312,No,0.000367659,0.04698191747,0.02083352284,0.255541,0.005666785,10,546.0687312,0.000179779828,5,391.6937579,0,2,11
Apartment_env.dae,direct,pRRT,No,8,42,450,0.0005,0.15,0.5,0.2664582519,Yes,266.4582519,1,Exact solution,397.7352726,No,0.00017683,0.02259651597,0.01002013236,0.255541,0.005666785,10,397.7352726,0.0001069735257,4,391.6937579,0,2,6
Apartment_env.dae,direct,pRRT,No,9,42,450,0.0005,0.15,0.5,0.2664582519,Yes,266.4582519,1,Exact solution,391.6937579,No,0.000277429,0.03545172669,0.01572060906,0.255541,0.005666785,10,391.6937579,0,3,391.6937579,0,2,7
Apartment_env.dae,direct,pRRT,No,10,42,450,0.0005,0.15,0.5,0.2664582519,Yes,266.4582519,1,Exact solution,391.6937579,No,0.00024027,0.030703302,0.01361498164,0.255541,0.005666785,10,391.6937579,0,3,391.6937579,0,2,8
Apartment_env.dae,direct,TRRT,No,1,42,450,0.0005,0.02,0.05,0.2664582519,Yes,26.64582519,1,Exact solution,528.2524358,No,0.000795678,0.05988669117,0.02302950066,0.751853,0.018436849,10,528.2524358,0.0274326036,21,391.6937579,0,2,84
Apartment_env.dae,direct,TRRT,No,2,42,450,0.0005,0.02,0.05,0.2664582519,Yes,26.64582519,1,Exact solution,550.9652845,No,0.000525089,0.03952081468,0.01519777783,0.751853,0.018436849,10,550.9652845,0.02824314999,22,391.6937579,0,2,74
Apartment_env.dae,direct,TRRT,No,3,42,450,0.0005,0.02,0.05,0.2664582519,Yes,26.64582519,1,Exact solution,484.9852461,No,0.000748598,0.05634321577,0.02166685284,0.751853,0.018436849,10,484.9852461,0.02093289098,20,391.6937579,0,2,74
Apartment_env.dae,direct,TRRT,No,4,42,450,0.0005,0.02,0.05,0.2664582519,Yes,26.64582519,1,Exact solution,573.6759659,No,0.001742275,0.1311322983,0.0504270864,0.751853,0.018436849,10,573.6759659,0.01330132194,23,391.6937579,0,2,101
Apartment_env.dae,direct,TRRT,No,5,42,450,0.0005,0.02,0.05,0.2664582519,Yes,26.64582519,1,Exact solution,541.2376665,No,0.000970558,0.07304903141,0.02809109476,0.751853,0.018436849,10,541.2376665,0.02785842912,22,391.6937579,0,2,141
Apartment_env.dae,direct,TRRT,No,6,42,450,0.0005,0.02,0.05,0.2664582519,Yes,26.64582519,1,Exact solution,560.7243692,No,0.000986837,0.07427427007,0.02856226179,0.751853,0.018436849,10,560.7243692,0.03022116085,23,391.6937579,0,2,125
Apartment_env.dae,direct,TRRT,No,7,42,450,0.0005,0.02,0.05,0.2664582519,Yes,26.64582519,1,Exact solution,593.547714,No,0.002225464,0.1674995102,0.06441214241,0.751853,0.018436849,10,593.547714,0.02688597484,24,391.6937579,0,2,231
Apartment_env.dae,direct,TRRT,No,8,42,450,0.0005,0.02,0.05,0.2664582519,Yes,26.64582519,1,Exact solution,517.6760259,No,0.000297489,0.02239050454,0.008610296025,0.751853,0.018436849,10,517.6760259,0.02499324894,21,391.6937579,0,2,43
Apartment_env.dae,direct,TRRT,No,9,42,450,0.0005,0.02,0.05,0.2664582519,Yes,26.64582519,1,Exact solution,481.1344521,No,0.001137777,0.08563476661,0.03293095469,0.751853,0.018436849,10,481.1344521,0.01979201911,20,391.6937579,0,2,110
Apartment_env.dae,direct,TRRT,No,10,42,450,0.0005,0.02,0.05,0.2664582519,Yes,26.64582519,1,Exact solution,493.7048993,No,0.000559648,0.04212189723,0.01619802732,0.751853,0.018436849,10,493.7048993,0.01976073519,20,391.6937579,0,2,70
Apartment_env.dae,direct,TRRT,No,1,42,450,0.0005,0.02,0.2,0.2664582519,Yes,106.5833008,1,Exact solution,535.0683784,No,0.000383759,0.03354682482,0.01393877435,0.67271,0.015666527,10,535.0683784,0.0005873604031,7,391.6937579,0,2,16
Apartment_env.dae,direct,TRRT,No,2,42,450,0.0005,0.02,0.2,0.2664582519,Yes,106.5833008,1,Exact solution,613.3789046,No,0.000627538,0.05485710394,0.02279323893,0.67271,0.015666527,10,613.3789046,0.007887560432,10,391.6937579,0,2,30
Apartment_env.dae,direct,TRRT,No,3,42,450,0.0005,0.02,0.2,0.2664582519,Yes,106.5833008,1,Exact solution,718.2031954,No,0.000823357,0.07197489321,0.02990571539,0.67271,0.015666527,10,718.2031954,0.005397406709,11,391.6937579,0,2,28
Apartment_env.dae,direct,TRRT,No,4,42,450,0.0005,0.02,0.2,0.2664582519,Yes,106.5833008,1,Exact solution,671.4868146,No,0.000665758,0.05819815821,0.02418145381,0.67271,0.015666527,10,671.4868146,0.002570106433,9,391.6937579,0,2,37
Apartment_env.dae,direct,TRRT,No,5,42,450,0.0005,0.02,0.2,0.2664582519,Yes,106.5833008,1,Exact solution,568.7968647,No,0.001328167,0.1161035589,0.04824126629,0.67271,0.015666527,10,568.7968647,0.007175382945,10,391.6937579,0,2,101
Apartment_env.dae,direct,TRRT,No,6,42,450,0.0005,0.02,0.2,0.2664582519,Yes,106.5833008,1,Exact solution,521.6941786,No,0.000987977,0.08636537864,0.03588499153,0.67271,0.015666527,10,521.6941786,0.002543415722,7,391.6937579,0,2,60
Apartment_env.dae,direct,TRRT,No,7,42,450,0.0005,0.02,0.2,0.2664582519,Yes,106.5833008,1,Exact solution,598.2347172,No,0.000730748,0.06387934913,0.02654200026,0.67271,0.015666527,10,598.2347172,0.006730919187,10,391.6937579,0,2,28
Apartment_env.dae,direct,TRRT,No,8,42,450,0.0005,0.02,0.2,0.2664582519,Yes,106.5833008,1,Exact solution,578.4751156,No,0.000298879,0.02612692199,0.01085578954,0.67271,0.015666527,10,578.4751156,0.0006073448931,7,391.6937579,0,2,12
Apartment_env.dae,direct,TRRT,No,9,42,450,0.0005,0.02,0.2,0.2664582519,Yes,106.5833008,1,Exact solution,586.6926862,No,0.000620948,0.05428102996,0.02255387901,0.67271,0.015666527,10,586.6926862,0.00163736119,8,391.6937579,0,2,41
Apartment_env.dae,direct,TRRT,No,10,42,450,0.0005,0.02,0.2,0.2664582519,Yes,106.5833008,1,Exact solution,614.7894149,No,0.001228337,0.1073767811,0.04461527226,0.67271,0.015666527,10,614.7894149,0.004496838307,8,391.6937579,0,2,76
Apartment_env.dae,direct,TRRT,No,1,42,450,0.0005,0.02,0.5,0.2664582519,Yes,266.4582519,1,Exact solution,467.2351046,No,0.000806108,0.0559812418,0.02319321389,0.796666,0.018591349,10,467.2351046,0.0007537138709,6,391.6937579,0,2,15
Apartment_env.dae,direct,TRRT,No,2,42,450,0.0005,0.02,0.5,0.2664582519,Yes,266.4582519,1,Exact solution,450.1127155,No,0.000769048,0.05340756083,0.02212692934,0.796666,0.018591349,10,450.1127155,0.0001941863733,5,391.6937579,0,2,8
Apartment_env.dae,direct,TRRT,No,3,42,450,0.0005,0.02,0.5,0.2664582519,Yes,266.4582519,1,Exact solution,568.7547804,No,0.000941197,0.06536267701,0.02707997357,0.796666,0.018591349,10,568.7547804,0.001383908581,8,391.6937579,0,2,26
Apartment_env.dae,direct,TRRT,No,4,42,450,0.0005,0.02,0.5,0.2664582519,Yes,266.4582519,1,Exact solution,618.9644078,No,0.001190877,0.08270203656,0.03426372766,0.796666,0.018591349,10,618.9644078,0.004139984903,10,391.6937579,0,2,24
Apartment_env.dae,direct,TRRT,No,5,42,450,0.0005,0.02,0.5,0.2664582519,Yes,266.4582519,1,Exact solution,540.355692,No,0.001342936,0.09326197598,0.03863874554,0.796666,0.018591349,10,540.355692,0.001075650302,7,391.6937579,0,2,17
Apartment_env.dae,direct,TRRT,No,6,42,450,0.0005,0.02,0.5,0.2664582519,Yes,266.4582519,1,Exact solution,627.8923711,No,0.000823448,0.05718544115,0.02369211767,0.796666,0.018591349,10,627.8923711,0.002901287512,9,391.6937579,0,2,18
Apartment_env.dae,direct,TRRT,No,7,42,450,0.0005,0.02,0.5,0.2664582519,Yes,266.4582519,1,Exact solution,681.0397082,No,0.001238537,0.08601184863,0.03563499376,0.796666,0.018591349,10,681.0397082,0.002087934015,9,391.6937579,0,2,33
Apartment_env.dae,direct,TRRT,No,8,42,450,0.0005,0.02,0.5,0.2664582519,Yes,266.4582519,1,Exact solution,647.6490026,No,0.000934257,0.06488071948,0.02688029697,0.796666,0.018591349,10,647.6490026,0.002886018964,10,391.6937579,0,2,21
Apartment_env.dae,direct,TRRT,No,9,42,450,0.0005,0.02,0.5,0.2664582519,Yes,266.4582519,1,Exact solution,456.0415179,No,0.001655276,0.1149528425,0.04762534339,0.796666,0.018591349,10,456.0415179,0.007656733551,7,391.6937579,0,2,86
Apartment_env.dae,direct,TRRT,No,10,42,450,0.0005,0.02,0.5,0.2664582519,Yes,266.4582519,1,Exact solution,500.0268546,No,0.001769995,0.122919656,0.0509260206,0.796666,0.018591349,10,500.0268546,0.001297936157,7,391.6937579,0,2,85
Apartment_env.dae,direct,TRRT,No,1,42,450,0.0005,0.05,0.05,0.2664582519,Yes,26.64582519,1,Exact solution,470.2565191,No,0.000618978,0.05976938483,0.02438739661,0.578156,0.013636733,10,470.2565191,0.01234499079,19,391.6937579,0,2,102
Apartment_env.dae,direct,TRRT,No,2,42,450,0.0005,0.05,0.05,0.2664582519,Yes,26.64582519,1,Exact solution,533.9423547,No,0.000531719,0.05134353326,0.02094943946,0.578156,0.013636733,10,533.9423547,0.04119810908,22,391.6937579,0,2,85
Apartment_env.dae,direct,TRRT,No,3,42,450,0.0005,0.05,0.05,0.2664582519,Yes,26.64582519,1,Exact solution,520.0150671,No,0.000442229,0.0427022532,0.01742358212,0.578156,0.013636733,10,520.0150671,0.02132067096,21,391.6937579,0,2,82
Apartment_env.dae,direct,TRRT,No,4,42,450,0.0005,0.05,0.05,0.2664582519,Yes,26.64582519,1,Exact solution,437.0129585,No,0.000426929,0.04122486372,0.01682077044,0.578156,0.013636733,10,437.0129585,0.006454140755,18,391.6937579,0,2,77
Apartment_env.dae,direct,TRRT,No,5,42,450,0.0005,0.05,0.05,0.2664582519,Yes,26.64582519,1,Exact solution,488.5576937,No,0.000432049,0.04171925811,0.01702249566,0.578156,0.013636733,10,488.5576937,0.01957261744,20,391.6937579,0,2,64
Apartment_env.dae,direct,TRRT,No,6,42,450,0.0005,0.05,0.05,0.2664582519,Yes,26.64582519,1,Exact solution,479.6583524,No,0.000323979,0.03128386716,0.01276459642,0.578156,0.013636733,10,479.6583524,0.01713006362,20,391.6937579,0,2,61
Apartment_env.dae,direct,TRRT,No,7,42,450,0.0005,0.05,0.05,0.2664582519,Yes,26.64582519,1,Exact solution,601.0543071,No,0.000845157,0.08160954666,0.03329872621,0.578156,0.013636733,10,601.0543071,0.02422976766,24,391.6937579,0,2,61
Apartment_env.dae,direct,TRRT,No,8,42,450,0.0005,0.05,0.05,0.2664582519,Yes,26.64582519,1,Exact solution,574.8981165,No,0.001146727,0.1107295693,0.04518042022,0.578156,0.013636733,10,574.8981165,0.03980856779,24,391.6937579,0,2,141
Apartment_env.dae,direct,TRRT,No,9,42,450,0.0005,0.05,0.05,0.2664582519,Yes,26.64582519,1,Exact solution,506.7630405,No,0.000691948,0.06681547049,0.02726237493,0.578156,0.013636733,10,506.7630405,0.02638665813,21,391.6937579,0,2,116
Apartment_env.dae,direct,TRRT,No,10,42,450,0.0005,0.05,0.05,0.2664582519,Yes,26.64582519,1,Exact solution,519.8897646,No,0.000527729,0.05095825326,0.02079223563,0.578156,0.013636733,10,519.8897646,0.02860026193,21,391.6937579,0,2,80
Apartment_env.dae,direct,TRRT,No,1,42,450,0.0005,0.05,0.2,0.2664582519,Yes,106.5833008,1,Exact solution,471.4799603,No,0.000508278,0.04615459962,0.01699601994,0.46482,0.011700328,10,471.4799603,0.0006893143619,7,391.6937579,0,2,19
Apartment_env.dae,direct,TRRT,No,2,42,450,0.0005,0.05,0.2,0.2664582519,Yes,106.5833008,1,Exact solution,637.5524847,No,0.000653698,0.05935958169,0.02185863689,0.46482,0.011700328,10,637.5524847,0.001680924246,9,391.6937579,0,2,23
Apartment_env.dae,direct,TRRT,No,3,42,450,0.0005,0.05,0.2,0.2664582519,Yes,106.5833008,1,Exact solution,684.7248182,No,0.000867848,0.07880564764,0.02901947736,0.46482,0.011700328,10,684.7248182,0.009136418135,12,391.6937579,0,2,48
Apartment_env.dae,direct,TRRT,No,4,42,450,0.0005,0.05,0.2,0.2664582519,Yes,106.5833008,1,Exact solution,447.6321498,No,0.000434418,0.0394476819,0.01452625727,0.46482,0.011700328,10,447.6321498,0.0003810257127,6,391.6937579,0,2,17
Apartment_env.dae,direct,TRRT,No,5,42,450,0.0005,0.05,0.2,0.2664582519,Yes,106.5833008,1,Exact solution,601.00754,No,0.000617188,0.05604426127,0.0206377997,0.46482,0.011700328,10,601.00754,0.003326969097,9,391.6937579,0,2,27
Apartment_env.dae,direct,TRRT,No,6,42,450,0.0005,0.05,0.2,0.2664582519,Yes,106.5833008,1,Exact solution,490.1071994,No,0.000427728,0.03884019097,0.01430255415,0.46482,0.011700328,10,490.1071994,0.001972554305,7,391.6937579,0,2,28
Apartment_env.dae,direct,TRRT,No,7,42,450,0.0005,0.05,0.2,0.2664582519,Yes,106.5833008,1,Exact solution,472.3823094,No,0.000416909,0.03785776283,0.01394078374,0.46482,0.011700328,10,472.3823094,0.0006199565677,6,391.6937579,0,2,20
Apartment_env.dae,direct,TRRT,No,8,42,450,0.0005,0.05,0.2,0.2664582519,Yes,106.5833008,1,Exact solution,546.1455768,No,0.000455439,0.041356511,0.01522916657,0.46482,0.011700328,10,546.1455768,0.0007822002316,7,391.6937579,0,2,25
Apartment_env.dae,direct,TRRT,No,9,42,450,0.0005,0.05,0.2,0.2664582519,Yes,106.5833008,1,Exact solution,423.8993274,No,0.000489969,0.0444920359,0.01638379567,0.46482,0.011700328,10,423.8993274,0.003391841273,7,391.6937579,0,2,26
Apartment_env.dae,direct,TRRT,No,10,42,450,0.0005,0.05,0.2,0.2664582519,Yes,106.5833008,1,Exact solution,451.6946272,No,0.00024736,0.02246172717,0.008271330831,0.46482,0.011700328,10,451.6946272,0.0004571267913,6,391.6937579,0,2,9
Apartment_env.dae,direct,TRRT,No,1,42,450,0.0005,0.05,0.5,0.2664582519,Yes,266.4582519,1,Exact solution,543.9030203,No,0.000909418,0.06210437633,0.02276633912,0.618788,0.015616878,10,543.9030203,0.003321182482,8,391.6937579,0,2,13
Apartment_env.dae,direct,TRRT,No,2,42,450,0.0005,0.05,0.5,0.2664582519,Yes,266.4582519,1,Exact solution,497.0669841,No,0.000537198,0.03668538203,0.01344819636,0.618788,0.015616878,10,497.0669841,0.001667353297,8,391.6937579,0,2,20
Apartment_env.dae,direct,TRRT,No,3,42,450,0.0005,0.05,0.5,0.2664582519,Yes,266.4582519,1,Exact solution,398.6153016,No,0.000610699,0.04170478319,0.01528821788,0.618788,0.015616878,10,398.6153016,1.060107823e-05,4,391.6937579,0,2,5
Apartment_env.dae,direct,TRRT,No,4,42,450,0.0005,0.05,0.5,0.2664582519,Yes,266.4582519,1,Exact solution,542.941962,No,0.000922578,0.06300307593,0.02309578611,0.618788,0.015616878,10,542.941962,0.002669763877,9,391.6937579,0,2,33
Apartment_env.dae,direct,TRRT,No,5,42,450,0.0005,0.05,0.5,0.2664582519,Yes,266.4582519,1,Exact solution,571.6869319,No,0.001279967,0.08740925763,0.03204265011,0.618788,0.015616878,10,571.6869319,0.006722536199,9,391.6937579,0,2,17
Apartment_env.dae,direct,TRRT,No,6,42,450,0.0005,0.05,0.5,0.2664582519,Yes,266.4582519,1,Exact solution,464.1796607,No,0.001458356,0.09959148582,0.03650843424,0.618788,0.015616878,10,464.1796607,0.001211590131,7,391.6937579,0,2,23
Apartment_env.dae,direct,TRRT,No,7,42,450,0.0005,0.05,0.5,0.2664582519,Yes,266.4582519,1,Exact solution,587.8001495,No,0.000638308,0.04359020851,0.01597938065,0.618788,0.015616878,10,587.8001495,0.000685407065,6,391.6937579,0,2,13
Apartment_env.dae,direct,TRRT,No,8,42,450,0.0005,0.05,0.5,0.2664582519,Yes,266.4582519,1,Exact solution,637.3695738,No,0.001219837,0.08330296531,0.03053735775,0.618788,0.015616878,10,637.3695738,0.006761354241,11,391.6937579,0,2,44
Apartment_env.dae,direct,TRRT,No,9,42,450,0.0005,0.05,0.5,0.2664582519,Yes,266.4582519,1,Exact solution,610.9319413,No,0.000494359,0.03375989631,0.0123757663,0.618788,0.015616878,10,610.9319413,0.003223758035,9,391.6937579,0,2,20
Apartment_env.dae,direct,TRRT,No,10,42,450,0.0005,0.05,0.5,0.2664582519,Yes,266.4582519,1,Exact solution,646.4993986,No,0.000990428,0.06763656893,0.02479434069,0.618788,0.015616878,10,646.4993986,0.003377378675,10,391.6937579,0,2,34
Apartment_env.dae,direct,TRRT,No,1,42,450,0.0005,0.15,0.05,0.2664582519,Yes,26.64582519,1,Exact solution,463.3406953,No,0.000226269,0.03894726893,0.01525052756,0.407053,0.009867893,10,463.3406953,0.01239619784,19,391.6937579,0,2,45
Apartment_env.dae,direct,TRRT,No,2,42,450,0.0005,0.15,0.05,0.2664582519,Yes,26.64582519,1,Exact solution,422.3608537,No,0.00023298,0.04010242108,0.01570284887,0.407053,0.009867893,10,422.3608537,0.007161189262,17,391.6937579,0,2,40
Apartment_env.dae,direct,TRRT,No,3,42,450,0.0005,0.15,0.05,0.2664582519,Yes,26.64582519,1,Exact solution,470.2286377,No,0.00028012,0.04821654303,0.01888008424,0.407053,0.009867893,10,470.2286377,0.01713933589,19,391.6937579,0,2,55
Apartment_env.dae,direct,TRRT,No,4,42,450,0.0005,0.15,0.05,0.2664582519,Yes,26.64582519,1,Exact solution,490.4013933,No,0.000160499,0.02762639918,0.01081763045,0.407053,0.009867893,10,490.4013933,0.02037888632,20,391.6937579,0,2,37
Apartment_env.dae,direct,TRRT,No,5,42,450,0.0005,0.15,0.05,0.2664582519,Yes,26.64582519,1,Exact solution,461.7099757,No,0.00016624,0.02861458701,0.01120457377,0.407053,0.009867893,10,461.7099757,0.009721056809,19,391.6937579,0,2,35
Apartment_env.dae,direct,TRRT,No,6,42,450,0.0005,0.15,0.05,0.2664582519,Yes,26.64582519,1,Exact solution,480.5576822,No,0.000134689,0.02318377111,0.009078036793,0.407053,0.009867893,10,480.5576822,0.01662216165,20,391.6937579,0,2,32
Apartment_env.dae,direct,TRRT,No,7,42,450,0.0005,0.15,0.05,0.2664582519,Yes,26.64582519,1,Exact solution,448.0355242,No,0.00026198,0.04509413802,0.01765744849,0.407053,0.009867893,10,448.0355242,0.01057782503,18,391.6937579,0,2,35
Apartment_env.dae,direct,TRRT,No,8,42,450,0.0005,0.15,0.05,0.2664582519,Yes,26.64582519,1,Exact solution,624.666843,No,0.000342919,0.05902601998,0.023112736,0.407053,0.009867893,10,624.666843,0.03959873587,25,391.6937579,0,2,52
Apartment_env.dae,direct,TRRT,No,9,42,450,0.0005,0.15,0.05,0.2664582519,Yes,26.64582519,1,Exact solution,500.8151083,No,0.000268759,0.04626099488,0.01811435299,0.407053,0.009867893,10,500.8151083,0.01965728982,20,391.6937579,0,2,45
Apartment_env.dae,direct,TRRT,No,10,42,450,0.0005,0.15,0.05,0.2664582519,Yes,26.64582519,1,Exact solution,485.517598,No,0.00029037,0.04998085677,0.0195709341,0.407053,0.009867893,10,485.517598,0.01624158351,20,391.6937579,0,2,42
Apartment_env.dae,direct,TRRT,No,1,42,450,0.0005,0.15,0.2,0.2664582519,Yes,106.5833008,1,Exact solution,453.8429597,No,0.00030004,0.03285475458,0.01380398603,0.531833,0.012287157,10,453.8429597,0.0008692614359,6,391.6937579,0,2,13
Apartment_env.dae,direct,TRRT,No,2,42,450,0.0005,0.15,0.2,0.2664582519,Yes,106.5833008,1,Exact solution,513.5496191,No,0.001552076,0.1699542597,0.0714065972,0.531833,0.012287157,10,513.5496191,0.0001865653702,6,391.6937579,0,2,18
Apartment_env.dae,direct,TRRT,No,3,42,450,0.0005,0.15,0.2,0.2664582519,Yes,106.5833008,1,Exact solution,535.9614468,No,0.000386169,0.04228598761,0.01776653607,0.531833,0.012287157,10,535.9614468,0.001748785037,8,391.6937579,0,2,16
Apartment_env.dae,direct,TRRT,No,4,42,450,0.0005,0.15,0.2,0.2664582519,Yes,106.5833008,1,Exact solution,394.4320124,No,0.00021349,0.02337742153,0.009822066985,0.531833,0.012287157,10,394.4320124,6.212835396e-06,5,391.6937579,0,2,13
Apartment_env.dae,direct,TRRT,No,5,42,450,0.0005,0.15,0.2,0.2664582519,Yes,106.5833008,1,Exact solution,415.9494158,No,0.000361979,0.03963715241,0.01665362305,0.531833,0.012287157,10,415.9494158,0.0001144871941,5,391.6937579,0,2,16
Apartment_env.dae,direct,TRRT,No,6,42,450,0.0005,0.15,0.2,0.2664582519,Yes,106.5833008,1,Exact solution,473.5251902,No,0.000291139,0.03188008397,0.01339447637,0.531833,0.012287157,10,473.5251902,0.0007612347048,7,391.6937579,0,2,11
Apartment_env.dae,direct,TRRT,No,7,42,450,0.0005,0.15,0.2,0.2664582519,Yes,106.5833008,1,Exact solution,408.222156,No,0.000310069,0.0339529426,0.01426539176,0.531833,0.012287157,10,408.222156,8.167052106e-05,6,391.6937579,0,2,12
Apartment_env.dae,direct,TRRT,No,8,42,450,0.0005,0.15,0.2,0.2664582519,Yes,106.5833008,1,Exact solution,534.6196778,No,0.000960707,0.1051986159,0.04419939344,0.531833,0.012287157,10,534.6196778,0.003623494256,9,391.6937579,0,2,33
Apartment_env.dae,direct,TRRT,No,9,42,450,0.0005,0.15,0.2,0.2664582519,Yes,106.5833008,1,Exact solution,485.9715727,No,0.000191109,0.02092667409,0.008792380905,0.531833,0.012287157,10,485.9715727,0.000923005803,7,391.6937579,0,2,9
Apartment_env.dae,direct,TRRT,No,10,42,450,0.0005,0.15,0.2,0.2664582519,Yes,106.5833008,1,Exact solution,430.036464,No,0.000290089,0.03176510766,0.01334616886,0.531833,0.012287157,10,430.036464,0.0001635570745,6,391.6937579,0,2,10
Apartment_env.dae,direct,TRRT,No,1,42,450,0.0005,0.15,0.5,0.2664582519,Yes,266.4582519,1,Exact solution,554.2939605,No,0.001580675,0.1068172918,0.04079293756,0.78716,0.019385967,10,554.2939605,0.00168986552,8,391.6937579,0,2,31
Apartment_env.dae,direct,TRRT,No,2,42,450,0.0005,0.15,0.5,0.2664582519,Yes,266.4582519,1,Exact solution,453.785217,No,0.000590228,0.03988584403,0.01523218495,0.78716,0.019385967,10,453.785217,0.0001735898172,5,391.6937579,0,2,10
Apartment_env.dae,direct,TRRT,No,3,42,450,0.0005,0.15,0.5,0.2664582519,Yes,266.4582519,1,Exact solution,522.1951824,No,0.001010658,0.06829724676,0.02608234374,0.78716,0.019385967,10,522.1951824,0.004053842967,8,391.6937579,0,2,39
Apartment_env.dae,direct,TRRT,No,4,42,450,0.0005,0.15,0.5,0.2664582519,Yes,266.4582519,1,Exact solution,551.3824169,No,0.001599606,0.1080965922,0.04128149536,0.78716,0.019385967,10,551.3824169,0.0006249328343,6,391.6937579,0,2,15
Apartment_env.dae,direct,TRRT,No,5,42,450,0.0005,0.15,0.5,0.2664582519,Yes,266.4582519,1,Exact solution,512.6068391,No,0.000947347,0.06401887861,0.02444845842,0.78716,0.019385967,10,512.6068391,0.0002624813351,5,391.6937579,0,2,8
Apartment_env.dae,direct,TRRT,No,6,42,450,0.0005,0.15,0.5,0.2664582519,Yes,266.4582519,1,Exact solution,639.6336137,No,0.002015585,0.1362072097,0.0520167859,0.78716,0.019385967,10,639.6336137,0.003156759594,9,391.6937579,0,2,29
Apartment_env.dae,direct,TRRT,No,7,42,450,0.0005,0.15,0.5,0.2664582519,Yes,266.4582519,1,Exact solution,397.8651054,No,0.000699719,0.04728491854,0.0180578509,0.78716,0.019385967,10,397.8651054,3.14908371e-06,3,391.6937579,0,2,7
Apartment_env.dae,direct,TRRT,No,8,42,450,0.0005,0.15,0.5,0.2664582519,Yes,266.4582519,1,Exact solution,419.9004531,No,0.000848318,0.05732679479,0.02189278834,0.78716,0.019385967,10,419.9004531,0.000284258979,5,391.6937579,0,2,20
Apartment_env.dae,direct,TRRT,No,9,42,450,0.0005,0.15,0.5,0.2664582519,Yes,266.4582519,1,Exact solution,690.3625216,No,0.001215167,0.08211735369,0.03136016673,0.78716,0.019385967,10,690.3625216,0.001426343392,8,391.6937579,0,2,14
Apartment_env.dae,direct,TRRT,No,10,42,450,0.0005,0.15,0.5,0.2664582519,Yes,266.4582519,1,Exact solution,601.3382513,No,0.001141037,0.07710786987,0.02944707235,0.78716,0.019385967,10,601.3382513,0.0024388584,8,391.6937579,0,2,21
Apartment_env.dae,direct,RRTstar,Yes,1,42,450,0.0005,0.02,0.05,0.2664582519,Yes,26.64582519,1,Exact solution,435.2217126,No,0.077351859,3.218794713,1.247193977,35.900686,0.87617386,10,435.2217126,0.01722584139,22,391.6937579,0,2,1098
Apartment_env.dae,direct,RRTstar,Yes,2,42,450,0.0005,0.02,0.05,0.2664582519,Yes,26.64582519,1,Exact solution,439.3663764,No,0.113192462,4.710207394,1.825075165,35.900686,0.87617386,10,439.3663764,0.008920575043,19,391.6937579,0,2,1449
Apartment_env.dae,direct,RRTstar,Yes,3,42,450,0.0005,0.02,0.05,0.2664582519,Yes,26.64582519,1,Exact solution,447.7557587,No,0.210589648,8.76313581,3.395472895,35.900686,0.87617386,10,447.7557587,0.02107638566,21,391.6937579,0,2,2340
Apartment_env.dae,direct,RRTstar,Yes,4,42,450,0.0005,0.02,0.05,0.2664582519,Yes,26.64582519,1,Exact solution,437.569374,No,0.032635511,1.358041185,0.5262034201,35.900686,0.87617386,10,437.569374,0.01717220227,21,391.6937579,0,2,611
Apartment_env.dae,direct,RRTstar,Yes,5,42,450,0.0005,0.02,0.05,0.2664582519,Yes,26.64582519,1,Exact solution,430.4810024,No,0.001593086,0.06629209511,0.0256863544,35.900686,0.87617386,10,430.4810024,0.01056676527,18,391.6937579,0,2,115
Apartment_env.dae,direct,RRTstar,Yes,6,42,450,0.0005,0.02,0.05,0.2664582519,Yes,26.64582519,1,Exact solution,449.1649327,No,0.01096365,0.4562235363,0.1767740094,35.900686,0.87617386,10,449.1649327,0.01800583615,20,391.6937579,0,2,325
Apartment_env.dae,direct,RRTstar,Yes,7,42,450,0.0005,0.02,0.05,0.2664582519,Yes,26.64582519,1,Exact solution,449.7883689,No,0.0919573,3.826561829,1.482686935,35.900686,0.87617386,10,449.7883689,0.01580473683,22,391.6937579,0,2,1215
Apartment_env.dae,direct,RRTstar,Yes,8,42,450,0.0005,0.02,0.05,0.2664582519,Yes,26.64582519,1,Exact solution,448.1367348,No,0.021726521,0.9040921812,0.3503107292,35.900686,0.87617386,10,448.1367348,0.01115743908,19,391.6937579,0,2,483
Apartment_env.dae,direct,RRTstar,Yes,9,42,450,0.0005,0.02,0.05,0.2664582519,Yes,26.64582519,1,Exact solution,449.2477903,No,0.166090159,6.911406301,2.677978896,35.900686,0.87617386,10,449.2477903,0.0200194434,22,391.6937579,0,2,1935
Apartment_env.dae,direct,RRTstar,Yes,10,42,450,0.0005,0.02,0.05,0.2664582519,Yes,26.64582519,1,Exact solution,446.3955221,No,0.136640379,5.685930955,2.203141074,35.900686,0.87617386,10,446.3955221,0.02041207677,21,391.6937579,0,2,1654
Apartment_env.dae,direct,RRTstar,Yes,1,42,450,0.0005,0.02,0.2,0.2664582519,Yes,106.5833008,1,Exact solution,439.7477913,No,0.001847225,0.09285132734,0.03505262511,1.229887,0.030504017,10,439.7477913,0.0006481981607,7,391.6937579,0,2,57
Apartment_env.dae,direct,RRTstar,Yes,2,42,450,0.0005,0.02,0.2,0.2664582519,Yes,106.5833008,1,Exact solution,438.5048745,No,0.004625477,0.2325010104,0.08777225907,1.229887,0.030504017,10,438.5048745,0.0003143658896,6,391.6937579,0,2,106
Apartment_env.dae,direct,RRTstar,Yes,3,42,450,0.0005,0.02,0.2,0.2664582519,Yes,106.5833008,1,Exact solution,405.727252,No,0.002607793,0.1310815095,0.04948503317,1.229887,0.030504017,10,405.727252,0.0001316333935,6,391.6937579,0,2,76
Apartment_env.dae,direct,RRTstar,Yes,4,42,450,0.0005,0.02,0.2,0.2664582519,Yes,106.5833008,1,Exact solution,416.4981446,No,0.001120216,0.05630799849,0.02125702689,1.229887,0.030504017,10,416.4981446,0.0001329270131,6,391.6937579,0,2,36
Apartment_env.dae,direct,RRTstar,Yes,5,42,450,0.0005,0.02,0.2,0.2664582519,Yes,106.5833008,1,Exact solution,413.3517825,No,0.002658462,0.1336284023,0.05044651944,1.229887,0.030504017,10,413.3517825,5.962961008e-05,5,391.6937579,0,2,57
Apartment_env.dae,direct,RRTstar,Yes,6,42,450,0.0005,0.02,0.2,0.2664582519,Yes,106.5833008,1,Exact solution,438.233986,No,0.000564269,0.02836315318,0.01070747187,1.229887,0.030504017,10,438.233986,0.0004731574302,6,391.6937579,0,2,23
Apartment_env.dae,direct,RRTstar,Yes,7,42,450,0.0005,0.02,0.2,0.2664582519,Yes,106.5833008,1,Exact solution,416.3910835,No,0.002025094,0.1017919668,0.03842783678,1.229887,0.030504017,10,416.3910835,0.0002104423036,7,391.6937579,0,2,51
Apartment_env.dae,direct,RRTstar,Yes,8,42,450,0.0005,0.02,0.2,0.2664582519,Yes,106.5833008,1,Exact solution,392.6877934,No,0.006932061,0.3484421579,0.1315416019,1.229887,0.030504017,10,392.6877934,2.255613313e-06,5,391.6937579,0,2,134
Apartment_env.dae,direct,RRTstar,Yes,9,42,450,0.0005,0.02,0.2,0.2664582519,Yes,106.5833008,1,Exact solution,404.2525318,No,0.001106207,0.05560383184,0.02099119451,1.229887,0.030504017,10,404.2525318,8.822750078e-05,6,391.6937579,0,2,36
Apartment_env.dae,direct,RRTstar,Yes,10,42,450,0.0005,0.02,0.2,0.2664582519,Yes,106.5833008,1,Exact solution,448.8755219,No,0.000981107,0.04931564223,0.01861731834,1.229887,0.030504017,10,448.8755219,0.0006526464153,7,391.6937579,0,2,23
Apartment_env.dae,direct,RRTstar,Yes,1,42,450,0.0005,0.02,0.5,0.2664582519,Yes,266.4582519,1,Exact solution,442.2507938,No,0.0001981,0.009216959776,0.003430244373,0.787008,0.019687267,10,442.2507938,4.936644855e-05,4,391.6937579,0,2,6
Apartment_env.dae,direct,RRTstar,Yes,2,42,450,0.0005,0.02,0.5,0.2664582519,Yes,266.4582519,1,Exact solution,392.3982683,No,0.006259653,0.2912416452,0.1083904063,0.787008,0.019687267,10,392.3982683,3.763326042e-07,3,391.6937579,0,2,90
Apartment_env.dae,direct,RRTstar,Yes,3,42,450,0.0005,0.02,0.5,0.2664582519,Yes,266.4582519,1,Exact solution,391.6937579,No,0.001211377,0.05636149966,0.02097586642,0.787008,0.019687267,10,391.6937579,0,3,391.6937579,0,2,28
Apartment_env.dae,direct,RRTstar,Yes,4,42,450,0.0005,0.02,0.5,0.2664582519,Yes,266.4582519,1,Exact solution,397.2256485,No,8.936e-05,0.004157635162,0.001547332848,0.787008,0.019687267,10,397.2256485,3.208846199e-06,3,391.6937579,0,2,3
Apartment_env.dae,direct,RRTstar,Yes,5,42,450,0.0005,0.02,0.5,0.2664582519,Yes,266.4582519,1,Exact solution,444.2700483,No,0.001529945,0.0711834504,0.0264921011,0.787008,0.019687267,10,444.2700483,0.0005905027313,5,391.6937579,0,2,25
Apartment_env.dae,direct,RRTstar,Yes,6,42,450,0.0005,0.02,0.5,0.2664582519,Yes,266.4582519,1,Exact solution,391.6971456,No,0.000694948,0.03233370905,0.01203352583,0.787008,0.019687267,10,391.6971456,1.954663141e-09,3,391.6937579,0,2,19
Apartment_env.dae,direct,RRTstar,Yes,7,42,450,0.0005,0.02,0.5,0.2664582519,Yes,266.4582519,1,Exact solution,391.7686868,No,0.000744048,0.0346181751,0.01288372774,0.787008,0.019687267,10,391.7686868,4.512023966e-08,3,391.6937579,0,2,17
Apartment_env.dae,direct,RRTstar,Yes,8,42,450,0.0005,0.02,0.5,0.2664582519,Yes,266.4582519,1,Exact solution,391.6937579,No,0.000216829,0.01008836028,0.003754550516,0.787008,0.019687267,10,391.6937579,0,3,391.6937579,0,2,7
Apartment_env.dae,direct,RRTstar,Yes,9,42,450,0.0005,0.02,0.5,0.2664582519,Yes,266.4582519,1,Exact solution,393.9626956,No,0.002402503,0.111780785,0.04160107217,0.787008,0.019687267,10,393.9626956,1.222137792e-06,3,391.6937579,0,2,44
Apartment_env.dae,direct,RRTstar,Yes,10,42,450,0.0005,0.02,0.5,0.2664582519,Yes,266.4582519,1,Exact solution,391.835498,No,0.00356839,0.1660257804,0.06178924643,0.787008,0.019687267,10,391.835498,7.574862457e-08,3,391.6937579,0,2,41
Apartment_env.dae,direct,RRTstar,Yes,1,42,450,0.0005,0.05,0.05,0.2664582519,Yes,26.64582519,1,Exact solution,442.7702651,No,0.134956183,5.543658271,2.105556681,41.439461,1.023995869,10,442.7702651,0.01976767415,22,391.6937579,0,2,1623
Apartment_env.dae,direct,RRTstar,Yes,2,42,450,0.0005,0.05,0.05,0.2664582519,Yes,26.64582519,1,Exact solution,448.4751751,No,0.125649339,5.161356685,1.960353348,41.439461,1.023995869,10,448.4751751,0.03033547761,21,391.6937579,0,2,1581
Apartment_env.dae,direct,RRTstar,Yes,3,42,450,0.0005,0.05,0.05,0.2664582519,Yes,26.64582519,1,Exact solution,449.3867095,No,0.066101321,2.715274889,1.03129827,41.439461,1.023995869,10,449.3867095,0.02003114214,20,391.6937579,0,2,998
Apartment_env.dae,direct,RRTstar,Yes,4,42,450,0.0005,0.05,0.05,0.2664582519,Yes,26.64582519,1,Exact solution,446.6755735,No,0.145055476,5.958511655,2.263123629,41.439461,1.023995869,10,446.6755735,0.02686350121,23,391.6937579,0,2,1739
Apartment_env.dae,direct,RRTstar,Yes,5,42,450,0.0005,0.05,0.05,0.2664582519,Yes,26.64582519,1,Exact solution,444.0028771,No,0.065655771,2.696972824,1.024346897,41.439461,1.023995869,10,444.0028771,0.017877836,22,391.6937579,0,2,984
Apartment_env.dae,direct,RRTstar,Yes,6,42,450,0.0005,0.05,0.05,0.2664582519,Yes,26.64582519,1,Exact solution,448.7065982,No,0.074534157,3.061674439,1.162865522,41.439461,1.023995869,10,448.7065982,0.01765939757,22,391.6937579,0,2,1083
Apartment_env.dae,direct,RRTstar,Yes,7,42,450,0.0005,0.05,0.05,0.2664582519,Yes,26.64582519,1,Exact solution,442.9165738,No,0.146941641,6.035990537,2.292551161,41.439461,1.023995869,10,442.9165738,0.02439088437,22,391.6937579,0,2,1809
Apartment_env.dae,direct,RRTstar,Yes,8,42,450,0.0005,0.05,0.05,0.2664582519,Yes,26.64582519,1,Exact solution,445.4487392,No,0.149951533,6.159629279,2.339510833,41.439461,1.023995869,10,445.4487392,0.02243681734,22,391.6937579,0,2,1783
Apartment_env.dae,direct,RRTstar,Yes,9,42,450,0.0005,0.05,0.05,0.2664582519,Yes,26.64582519,1,Exact solution,442.2372635,No,0.07759583,3.187440214,1.210633071,41.439461,1.023995869,10,442.2372635,0.02290407259,22,391.6937579,0,2,1114
Apartment_env.dae,direct,RRTstar,Yes,10,42,450,0.0005,0.05,0.05,0.2664582519,Yes,26.64582519,1,Exact solution,449.237613,No,0.022371199,0.9189522081,0.3490305259,41.439461,1.023995869,10,449.237613,0.01970852115,20,391.6937579,0,2,502
Apartment_env.dae,direct,RRTstar,Yes,1,42,450,0.0005,0.05,0.2,0.2664582519,Yes,106.5833008,1,Exact solution,415.7501062,No,0.000669078,0.03850109567,0.01407588296,0.760551,0.019224518,10,415.7501062,0.0002657270587,6,391.6937579,0,2,23
Apartment_env.dae,direct,RRTstar,Yes,2,42,450,0.0005,0.05,0.2,0.2664582519,Yes,106.5833008,1,Exact solution,440.6659117,No,0.001817655,0.1045942462,0.03823933689,0.760551,0.019224518,10,440.6659117,0.0003843347982,7,391.6937579,0,2,48
Apartment_env.dae,direct,RRTstar,Yes,3,42,450,0.0005,0.05,0.2,0.2664582519,Yes,106.5833008,1,Exact solution,418.8608021,No,0.000566328,0.03258850016,0.01191425611,0.760551,0.019224518,10,418.8608021,0.0001172642767,5,391.6937579,0,2,24
Apartment_env.dae,direct,RRTstar,Yes,4,42,450,0.0005,0.05,0.2,0.2664582519,Yes,106.5833008,1,Exact solution,421.0939986,No,0.000630838,0.0363006319,0.01327140013,0.760551,0.019224518,10,421.0939986,0.0002274939992,6,391.6937579,0,2,24
Apartment_env.dae,direct,RRTstar,Yes,5,42,450,0.0005,0.05,0.2,0.2664582519,Yes,106.5833008,1,Exact solution,433.1192284,No,0.002280954,0.1312540962,0.04798609661,0.760551,0.019224518,10,433.1192284,0.0002882796807,6,391.6937579,0,2,62
Apartment_env.dae,direct,RRTstar,Yes,6,42,450,0.0005,0.05,0.2,0.2664582519,Yes,106.5833008,1,Exact solution,408.832886,No,0.000455258,0.02619714266,0.009577595326,0.760551,0.019224518,10,408.832886,5.240135546e-05,5,391.6937579,0,2,21
Apartment_env.dae,direct,RRTstar,Yes,7,42,450,0.0005,0.05,0.2,0.2664582519,Yes,106.5833008,1,Exact solution,396.9198965,No,0.000425109,0.02446226341,0.008943328775,0.760551,0.019224518,10,396.9198965,1.185648617e-05,5,391.6937579,0,2,15
Apartment_env.dae,direct,RRTstar,Yes,8,42,450,0.0005,0.05,0.2,0.2664582519,Yes,106.5833008,1,Exact solution,399.627571,No,0.000764448,0.04398902009,0.01608225137,0.760551,0.019224518,10,399.627571,4.768116781e-05,5,391.6937579,0,2,20
Apartment_env.dae,direct,RRTstar,Yes,9,42,450,0.0005,0.05,0.2,0.2664582519,Yes,106.5833008,1,Exact solution,447.413234,No,0.005338996,0.3072245624,0.1123203615,0.760551,0.019224518,10,447.413234,0.0004213403046,7,391.6937579,0,2,89
Apartment_env.dae,direct,RRTstar,Yes,10,42,450,0.0005,0.05,0.2,0.2664582519,Yes,106.5833008,1,Exact solution,404.9387818,No,0.000268309,0.01543944126,0.005644612559,0.760551,0.019224518,10,404.9387818,7.058564055e-05,5,391.6937579,0,2,16
Apartment_env.dae,direct,RRTstar,Yes,1,42,450,0.0005,0.05,0.5,0.2664582519,Yes,266.4582519,1,Exact solution,393.1673821,No,0.000700968,0.04552526346,0.01813577293,0.400583,0.009602534,10,393.1673821,7.789325041e-07,3,391.6937579,0,2,17
Apartment_env.dae,direct,RRTstar,Yes,2,42,450,0.0005,0.05,0.5,0.2664582519,Yes,266.4582519,1,Exact solution,396.5467082,No,0.000389229,0.02527897532,0.01007031528,0.400583,0.009602534,10,396.5467082,2.747859227e-06,3,391.6937579,0,2,13
Apartment_env.dae,direct,RRTstar,Yes,3,42,450,0.0005,0.05,0.5,0.2664582519,Yes,266.4582519,1,Exact solution,393.8040683,No,0.001456186,0.09457386258,0.03767512732,0.400583,0.009602534,10,393.8040683,1.178460799e-06,3,391.6937579,0,2,35
Apartment_env.dae,direct,RRTstar,Yes,4,42,450,0.0005,0.05,0.5,0.2664582519,Yes,266.4582519,1,Exact solution,396.0063921,No,0.00010371,0.00673557862,0.002683233772,0.400583,0.009602534,10,396.0063921,2.526222931e-06,3,391.6937579,0,2,4
Apartment_env.dae,direct,RRTstar,Yes,5,42,450,0.0005,0.05,0.5,0.2664582519,Yes,266.4582519,1,Exact solution,408.2517022,No,0.000100659,0.006537427522,0.002604296869,0.400583,0.009602534,10,408.2517022,8.671651515e-06,3,391.6937579,0,2,5
Apartment_env.dae,direct,RRTstar,Yes,6,42,450,0.0005,0.05,0.5,0.2664582519,Yes,266.4582519,1,Exact solution,394.5706734,No,7.233e-05,0.004697564377,0.001871355691,0.400583,0.009602534,10,394.5706734,1.711979495e-06,3,391.6937579,0,2,3
Apartment_env.dae,direct,RRTstar,Yes,7,42,450,0.0005,0.05,0.5,0.2664582519,Yes,266.4582519,1,Exact solution,402.1446289,No,0.000321089,0.02085353585,0.008307365237,0.400583,0.009602534,10,402.1446289,5.787615869e-06,3,391.6937579,0,2,7
Apartment_env.dae,direct,RRTstar,Yes,8,42,450,0.0005,0.05,0.5,0.2664582519,Yes,266.4582519,1,Exact solution,397.724476,No,0.000472579,0.03069224769,0.01222678558,0.400583,0.009602534,10,397.724476,3.075195123e-06,3,391.6937579,0,2,11
Apartment_env.dae,direct,RRTstar,Yes,9,42,450,0.0005,0.05,0.5,0.2664582519,Yes,266.4582519,1,Exact solution,398.8809285,No,0.000353909,0.02298507274,0.009156499673,0.400583,0.009602534,10,398.8809285,3.857450537e-06,3,391.6937579,0,2,9
Apartment_env.dae,direct,RRTstar,Yes,10,42,450,0.0005,0.05,0.5,0.2664582519,Yes,266.4582519,1,Exact solution,393.3904851,No,0.002197254,0.1427034718,0.05684838626,0.400583,0.009602534,10,393.3904851,2.149094893e-06,4,391.6937579,0,2,36
Apartment_env.dae,direct,RRTstar,Yes,1,42,450,0.0005,0.15,0.05,0.2664582519,Yes,26.64582519,1,Exact solution,446.9943456,No,0.04413477,1.803647566,0.6701270153,20.238776,0.506785073,10,446.9943456,0.01961200172,21,391.6937579,0,2,764
Apartment_env.dae,direct,RRTstar,Yes,2,42,450,0.0005,0.15,0.05,0.2664582519,Yes,26.64582519,1,Exact solution,433.4304563,No,0.091490351,3.738919425,1.389157706,20.238776,0.506785073,10,433.4304563,0.01496346124,20,391.6937579,0,2,1259
Apartment_env.dae,direct,RRTstar,Yes,3,42,450,0.0005,0.15,0.05,0.2664582519,Yes,26.64582519,1,Exact solution,447.6547972,No,0.096194029,3.931143773,1.460576719,20.238776,0.506785073,10,447.6547972,0.01334728981,20,391.6937579,0,2,1307
Apartment_env.dae,direct,RRTstar,Yes,4,42,450,0.0005,0.15,0.05,0.2664582519,Yes,26.64582519,1,Exact solution,448.2237585,No,0.123717554,5.055942631,1.878484361,20.238776,0.506785073,10,448.2237585,0.0297792585,21,391.6937579,0,2,1556
Apartment_env.dae,direct,RRTstar,Yes,5,42,450,0.0005,0.15,0.05,0.2664582519,Yes,26.64582519,1,Exact solution,433.1334453,No,0.009042696,0.369546202,0.1373011546,20.238776,0.506785073,10,433.1334453,0.008470941338,18,391.6937579,0,2,296
Apartment_env.dae,direct,RRTstar,Yes,6,42,450,0.0005,0.15,0.05,0.2664582519,Yes,26.64582519,1,Exact solution,436.0326557,No,0.000255799,0.0104536909,0.003883963152,20.238776,0.506785073,10,436.0326557,0.009293052975,18,391.6937579,0,2,37
Apartment_env.dae,direct,RRTstar,Yes,7,42,450,0.0005,0.15,0.05,0.2664582519,Yes,26.64582519,1,Exact solution,441.2596929,No,0.108724575,4.443227302,1.650836176,20.238776,0.506785073,10,441.2596929,0.01302984328,20,391.6937579,0,2,1447
Apartment_env.dae,direct,RRTstar,Yes,8,42,450,0.0005,0.15,0.05,0.2664582519,Yes,26.64582519,1,Exact solution,445.652885,No,0.004249019,0.1736438816,0.06451562839,20.238776,0.506785073,10,445.652885,0.01070852304,20,391.6937579,0,2,207
Apartment_env.dae,direct,RRTstar,Yes,9,42,450,0.0005,0.15,0.05,0.2664582519,Yes,26.64582519,1,Exact solution,449.1766962,No,0.002044025,0.08353279548,0.03103576551,20.238776,0.506785073,10,449.1766962,0.01686874648,19,391.6937579,0,2,118
Apartment_env.dae,direct,RRTstar,Yes,10,42,450,0.0005,0.15,0.05,0.2664582519,Yes,26.64582519,1,Exact solution,440.5760731,No,0.015384578,0.6287187327,0.2335940878,20.238776,0.506785073,10,440.5760731,0.008901936791,19,391.6937579,0,2,402
Apartment_env.dae,direct,RRTstar,Yes,1,42,450,0.0005,0.15,0.2,0.2664582519,Yes,106.5833008,1,Exact solution,431.125218,No,0.000262439,0.01704673835,0.005972850429,0.521381,0.013495093,10,431.125218,0.0002257548666,6,391.6937579,0,2,14
Apartment_env.dae,direct,RRTstar,Yes,2,42,450,0.0005,0.15,0.2,0.2664582519,Yes,106.5833008,1,Exact solution,391.6937579,No,0.00027996,0.01818481578,0.00637161095,0.521381,0.013495093,10,391.6937579,0,5,391.6937579,0,2,15
Apartment_env.dae,direct,RRTstar,Yes,3,42,450,0.0005,0.15,0.2,0.2664582519,Yes,106.5833008,1,Exact solution,427.0192626,No,0.000524189,0.03404872267,0.0119300199,0.521381,0.013495093,10,427.0192626,0.0001092992245,6,391.6937579,0,2,20
Apartment_env.dae,direct,RRTstar,Yes,4,42,450,0.0005,0.15,0.2,0.2664582519,Yes,106.5833008,1,Exact solution,405.5097492,No,0.000365099,0.02371502378,0.00830928985,0.521381,0.013495093,10,405.5097492,2.872281059e-05,5,391.6937579,0,2,15
Apartment_env.dae,direct,RRTstar,Yes,5,42,450,0.0005,0.15,0.2,0.2664582519,Yes,106.5833008,1,Exact solution,408.412183,No,0.00021543,0.01399326641,0.004902972378,0.521381,0.013495093,10,408.412183,7.612498818e-05,6,391.6937579,0,2,13
Apartment_env.dae,direct,RRTstar,Yes,6,42,450,0.0005,0.15,0.2,0.2664582519,Yes,106.5833008,1,Exact solution,411.4144061,No,0.000540688,0.03512041604,0.01230552072,0.521381,0.013495093,10,411.4144061,0.0001520409072,6,391.6937579,0,2,21
Apartment_env.dae,direct,RRTstar,Yes,7,42,450,0.0005,0.15,0.2,0.2664582519,Yes,106.5833008,1,Exact solution,400.6040911,No,0.000102759,0.006674715977,0.002338692562,0.521381,0.013495093,10,400.6040911,2.137142563e-05,5,391.6937579,0,2,8
Apartment_env.dae,direct,RRTstar,Yes,8,42,450,0.0005,0.15,0.2,0.2664582519,Yes,106.5833008,1,Exact solution,418.2385907,No,0.004717067,0.3063973226,0.1073557499,0.521381,0.013495093,10,418.2385907,0.0001351283183,6,391.6937579,0,2,107
Apartment_env.dae,direct,RRTstar,Yes,9,42,450,0.0005,0.15,0.2,0.2664582519,Yes,106.5833008,1,Exact solution,442.8654364,No,0.000934457,0.0606977011,0.02126731124,0.521381,0.013495093,10,442.8654364,0.0005120213962,6,391.6937579,0,2,28
Apartment_env.dae,direct,RRTstar,Yes,10,42,450,0.0005,0.15,0.2,0.2664582519,Yes,106.5833008,1,Exact solution,399.8396663,No,8.4709e-05,0.005502277325,0.001927892528,0.521381,0.013495093,10,399.8396663,2.995834215e-05,5,391.6937579,0,2,5
Apartment_env.dae,direct,RRTstar,Yes,1,42,450,0.0005,0.15,0.5,0.2664582519,Yes,266.4582519,1,Exact solution,419.2435226,No,0.002724802,0.1892892239,0.0715839527,0.291122,0.00721285,10,419.2435226,4.802228927e-05,4,391.6937579,0,2,39
Apartment_env.dae,direct,RRTstar,Yes,2,42,450,0.0005,0.15,0.5,0.2664582519,Yes,266.4582519,1,Exact solution,401.3281518,No,0.00012484,0.008672507844,0.003279702765,0.291122,0.00721285,10,401.3281518,4.969549236e-06,3,391.6937579,0,2,4
Apartment_env.dae,direct,RRTstar,Yes,3,42,450,0.0005,0.15,0.5,0.2664582519,Yes,266.4582519,1,Exact solution,393.0849685,No,0.000239999,0.01667248646,0.006305073566,0.291122,0.00721285,10,393.0849685,8.271798784e-07,3,391.6937579,0,2,6
Apartment_env.dae,direct,RRTstar,Yes,4,42,450,0.0005,0.15,0.5,0.2664582519,Yes,266.4582519,1,Exact solution,391.6937579,No,0.000192099,0.01334492217,0.005046680724,0.291122,0.00721285,10,391.6937579,0,3,391.6937579,0,2,5
Apartment_env.dae,direct,RRTstar,Yes,5,42,450,0.0005,0.15,0.5,0.2664582519,Yes,266.4582519,1,Exact solution,391.6937579,No,7.972e-05,0.005538067329,0.002094343996,0.291122,0.00721285,10,391.6937579,0,3,391.6937579,0,2,4
Apartment_env.dae,direct,RRTstar,Yes,6,42,450,0.0005,0.15,0.5,0.2664582519,Yes,266.4582519,1,Exact solution,396.8650934,No,6.538e-05,0.004541882112,0.001717614281,0.291122,0.00721285,10,396.8650934,3.010060156e-06,3,391.6937579,0,2,3
Apartment_env.dae,direct,RRTstar,Yes,7,42,450,0.0005,0.15,0.5,0.2664582519,Yes,266.4582519,1,Exact solution,396.0164811,No,0.000131489,0.009134407112,0.003454380302,0.291122,0.00721285,10,396.0164811,2.303432972e-06,3,391.6937579,0,2,4
Apartment_env.dae,direct,RRTstar,Yes,8,42,450,0.0005,0.15,0.5,0.2664582519,Yes,266.4582519,1,Exact solution,397.0062923,No,0.000128049,0.00889543381,0.003364007204,0.291122,0.00721285,10,397.0062923,2.78864091e-06,3,391.6937579,0,2,4
Apartment_env.dae,direct,RRTstar,Yes,9,42,450,0.0005,0.15,0.5,0.2664582519,Yes,266.4582519,1,Exact solution,397.4140436,No,0.000154269,0.01071691055,0.004052839362,0.291122,0.00721285,10,397.4140436,2.94278201e-06,3,391.6937579,0,2,5
Apartment_env.dae,direct,RRTstar,Yes,10,42,450,0.0005,0.15,0.5,0.2664582519,Yes,266.4582519,1,Exact solution,397.0178116,No,0.000350029,0.02431615867,0.009195699129,0.291122,0.00721285,10,397.0178116,2.733942143e-06,3,391.6937579,0,2,8
Apartment_env.dae,direct,InformedRRTstar,Yes,1,42,450,0.0005,0.02,0.05,0.2664582519,Yes,26.64582519,1,Exact solution,449.9383996,No,0.085866346,3.475681634,1.289498468,37.931968,0.950634967,10,449.9383996,0.02366579667,22,391.6937579,0,2,1125
Apartment_env.dae,direct,InformedRRTstar,Yes,2,42,450,0.0005,0.02,0.05,0.2664582519,Yes,26.64582519,1,Exact solution,447.6898033,No,0.138496144,5.606020594,2.079866838,37.931968,0.950634967,10,447.6898033,0.02810666929,23,391.6937579,0,2,1363
Apartment_env.dae,direct,InformedRRTstar,Yes,3,42,450,0.0005,0.02,0.05,0.2664582519,Yes,26.64582519,1,Exact solution,449.7743974,No,0.099071651,4.01020346,1.487809231,37.931968,0.950634967,10,449.7743974,0.01997339715,22,391.6937579,0,2,1109
Apartment_env.dae,direct,InformedRRTstar,Yes,4,42,450,0.0005,0.02,0.05,0.2664582519,Yes,26.64582519,1,Exact solution,444.3682925,No,0.019664557,0.7959782008,0.2953126261,37.931968,0.950634967,10,444.3682925,0.009258196957,19,391.6937579,0,2,458
Apartment_env.dae,direct,InformedRRTstar,Yes,5,42,450,0.0005,0.02,0.05,0.2664582519,Yes,26.64582519,1,Exact solution,438.2575953,No,0.115707306,4.683578341,1.7376353,37.931968,0.950634967,10,438.2575953,0.02136996028,22,391.6937579,0,2,906
Apartment_env.dae,direct,InformedRRTstar,Yes,6,42,450,0.0005,0.02,0.05,0.2664582519,Yes,26.64582519,1,Exact solution,447.6117077,No,0.09228727,3.735586575,1.385924741,37.931968,0.950634967,10,447.6117077,0.02015781249,22,391.6937579,0,2,1105
Apartment_env.dae,direct,InformedRRTstar,Yes,7,42,450,0.0005,0.02,0.05,0.2664582519,Yes,26.64582519,1,Exact solution,443.436413,No,0.080347901,3.252307066,1.206625181,37.931968,0.950634967,10,443.436413,0.01988998832,22,391.6937579,0,2,934
Apartment_env.dae,direct,InformedRRTstar,Yes,8,42,450,0.0005,0.02,0.05,0.2664582519,Yes,26.64582519,1,Exact solution,447.7805913,No,0.066052251,2.673650462,0.9919401544,37.931968,0.950634967,10,447.7805913,0.01427155446,21,391.6937579,0,2,849
Apartment_env.dae,direct,InformedRRTstar,Yes,9,42,450,0.0005,0.02,0.05,0.2664582519,Yes,26.64582519,1,Exact solution,446.7538522,No,0.121334091,4.911338275,1.822135584,37.931968,0.950634967,10,446.7538522,0.02543300755,24,391.6937579,0,2,1389
Apartment_env.dae,direct,InformedRRTstar,Yes,10,42,450,0.0005,0.02,0.05,0.2664582519,Yes,26.64582519,1,Exact solution,449.2699134,No,0.118277728,4.787623394,1.776236631,37.931968,0.950634967,10,449.2699134,0.01475357365,21,391.6937579,0,2,1277
Apartment_env.dae,direct,InformedRRTstar,Yes,1,42,450,0.0005,0.02,0.2,0.2664582519,Yes,106.5833008,1,Exact solution,438.9100761,No,0.001014637,0.0587264778,0.02237858262,0.77651,0.019149358,10,438.9100761,0.0004757184256,7,391.6937579,0,2,30
Apartment_env.dae,direct,InformedRRTstar,Yes,2,42,450,0.0005,0.02,0.2,0.2664582519,Yes,106.5833008,1,Exact solution,435.3105697,No,0.001266297,0.07329238206,0.02792913331,0.77651,0.019149358,10,435.3105697,0.0004574513877,6,391.6937579,0,2,22
Apartment_env.dae,direct,InformedRRTstar,Yes,3,42,450,0.0005,0.02,0.2,0.2664582519,Yes,106.5833008,1,Exact solution,417.1505219,No,0.002119375,0.1226679383,0.04674441059,0.77651,0.019149358,10,417.1505219,0.000144417662,6,391.6937579,0,2,33
Apartment_env.dae,direct,InformedRRTstar,Yes,4,42,450,0.0005,0.02,0.2,0.2664582519,Yes,106.5833008,1,Exact solution,419.8029069,No,0.000532108,0.03079803777,0.01173604239,0.77651,0.019149358,10,419.8029069,0.0001909561322,6,391.6937579,0,2,18
Apartment_env.dae,direct,InformedRRTstar,Yes,5,42,450,0.0005,0.02,0.2,0.2664582519,Yes,106.5833008,1,Exact solution,415.1169462,No,0.000877338,0.05077970799,0.01935034984,0.77651,0.019149358,10,415.1169462,0.0002295484908,6,391.6937579,0,2,15
Apartment_env.dae,direct,InformedRRTstar,Yes,6,42,450,0.0005,0.02,0.2,0.2664582519,Yes,106.5833008,1,Exact solution,395.664703,No,0.001466196,0.08486239595,0.03233805619,0.77651,0.019149358,10,395.664703,4.030971296e-05,6,391.6937579,0,2,9
Apartment_env.dae,direct,InformedRRTstar,Yes,7,42,450,0.0005,0.02,0.2,0.2664582519,Yes,106.5833008,1,Exact solution,427.254121,No,0.001327806,0.07685247983,0.02928576059,0.77651,0.019149358,10,427.254121,0.0001754007303,6,391.6937579,0,2,24
Apartment_env.dae,direct,InformedRRTstar,Yes,8,42,450,0.0005,0.02,0.2,0.2664582519,Yes,106.5833008,1,Exact solution,444.9351514,No,0.000951507,0.05507255768,0.02098620296,0.77651,0.019149358,10,444.9351514,0.0003202699317,6,391.6937579,0,2,25
Apartment_env.dae,direct,InformedRRTstar,Yes,9,42,450,0.0005,0.02,0.2,0.2664582519,Yes,106.5833008,1,Exact solution,439.4382639,No,0.000752218,0.04353785016,0.01659073408,0.77651,0.019149358,10,439.4382639,0.0002489146063,6,391.6937579,0,2,19
Apartment_env.dae,direct,InformedRRTstar,Yes,10,42,450,0.0005,0.02,0.2,0.2664582519,Yes,106.5833008,1,Exact solution,431.697635,No,0.003108541,0.1799201725,0.06856121113,0.77651,0.019149358,10,431.697635,0.0001594648604,6,391.6937579,0,2,51
Apartment_env.dae,direct,InformedRRTstar,Yes,1,42,450,0.0005,0.02,0.5,0.2664582519,Yes,266.4582519,1,Exact solution,446.9361752,No,0.001362037,0.07571775667,0.03047852047,0.444465,0.010580762,10,446.9361752,0.000797335318,5,391.6937579,0,2,14
Apartment_env.dae,direct,InformedRRTstar,Yes,2,42,450,0.0005,0.02,0.5,0.2664582519,Yes,266.4582519,1,Exact solution,398.9716358,No,0.000847237,0.04709922345,0.01895875828,0.444465,0.010580762,10,398.9716358,3.868642613e-06,3,391.6937579,0,2,6
Apartment_env.dae,direct,InformedRRTstar,Yes,3,42,450,0.0005,0.02,0.5,0.2664582519,Yes,266.4582519,1,Exact solution,398.7759087,No,0.001113047,0.06187601505,0.02490683129,0.444465,0.010580762,10,398.7759087,3.774957647e-06,3,391.6937579,0,2,5
Apartment_env.dae,direct,InformedRRTstar,Yes,4,42,450,0.0005,0.02,0.5,0.2664582519,Yes,266.4582519,1,Exact solution,404.2331169,No,0.00014287,0.007942365659,0.003197024912,0.444465,0.010580762,10,404.2331169,6.811447152e-06,3,391.6937579,0,2,4
Apartment_env.dae,direct,InformedRRTstar,Yes,5,42,450,0.0005,0.02,0.5,0.2664582519,Yes,266.4582519,1,Exact solution,392.5667911,No,0.001349946,0.07504559916,0.03020795822,0.444465,0.010580762,10,392.5667911,5.113893734e-07,3,391.6937579,0,2,4
Apartment_env.dae,direct,InformedRRTstar,Yes,6,42,450,0.0005,0.02,0.5,0.2664582519,Yes,266.4582519,1,Exact solution,391.6937579,No,0.000717588,0.03989183375,0.0160575818,0.444465,0.010580762,10,391.6937579,0,3,391.6937579,0,2,3
Apartment_env.dae,direct,InformedRRTstar,Yes,7,42,450,0.0005,0.02,0.5,0.2664582519,Yes,266.4582519,1,Exact solution,421.4851248,No,0.000148879,0.008276415321,0.003331489269,0.444465,0.010580762,10,421.4851248,3.09490411e-05,4,391.6937579,0,2,4
Apartment_env.dae,direct,InformedRRTstar,Yes,8,42,450,0.0005,0.02,0.5,0.2664582519,Yes,266.4582519,1,Exact solution,395.5954474,No,0.00010247,0.005696466781,0.00229298763,0.444465,0.010580762,10,395.5954474,2.28486044e-06,3,391.6937579,0,2,3
Apartment_env.dae,direct,InformedRRTstar,Yes,9,42,450,0.0005,0.02,0.5,0.2664582519,Yes,266.4582519,1,Exact solution,392.0884359,No,0.001220277,0.06783709764,0.02730633421,0.444465,0.010580762,10,392.0884359,2.09562512e-07,3,391.6937579,0,2,3
Apartment_env.dae,direct,InformedRRTstar,Yes,10,42,450,0.0005,0.02,0.5,0.2664582519,Yes,266.4582519,1,Exact solution,394.9504753,No,0.000990838,0.05508222653,0.02217214089,0.444465,0.010580762,10,394.9504753,1.851432773e-06,3,391.6937579,0,2,3
Apartment_env.dae,direct,InformedRRTstar,Yes,1,42,450,0.0005,0.05,0.05,0.2664582519,Yes,26.64582519,1,Exact solution,444.7747574,No,0.032897601,1.339629431,0.4980561852,23.513692,0.588558882,10,444.7747574,0.01488429024,20,391.6937579,0,2,557
Apartment_env.dae,direct,InformedRRTstar,Yes,2,42,450,0.0005,0.05,0.05,0.2664582519,Yes,26.64582519,1,Exact solution,447.9205357,No,0.030797546,1.254112694,0.4662622139,23.513692,0.588558882,10,447.9205357,0.02311826959,21,391.6937579,0,2,533
Apartment_env.dae,direct,InformedRRTstar,Yes,3,42,450,0.0005,0.05,0.05,0.2664582519,Yes,26.64582519,1,Exact solution,449.5402945,No,0.150181862,6.115583999,2.273691789,23.513692,0.588558882,10,449.5402945,0.02337693538,23,391.6937579,0,2,1309
Apartment_env.dae,direct,InformedRRTstar,Yes,4,42,450,0.0005,0.05,0.05,0.2664582519,Yes,26.64582519,1,Exact solution,441.8632543,No,0.002085274,0.08491483684,0.03157019302,23.513692,0.588558882,10,441.8632543,0.008455558756,18,391.6937579,0,2,71
Apartment_env.dae,direct,InformedRRTstar,Yes,5,42,450,0.0005,0.05,0.05,0.2664582519,Yes,26.64582519,1,Exact solution,447.6670613,No,0.090302335,3.677218458,1.367140312,23.513692,0.588558882,10,447.6670613,0.02292671768,22,391.6937579,0,2,1005
Apartment_env.dae,direct,InformedRRTstar,Yes,6,42,450,0.0005,0.05,0.05,0.2664582519,Yes,26.64582519,1,Exact solution,449.9899159,No,0.153339634,6.24417223,2.321499162,23.513692,0.588558882,10,449.9899159,0.0263443258,24,391.6937579,0,2,1383
Apartment_env.dae,direct,InformedRRTstar,Yes,7,42,450,0.0005,0.05,0.05,0.2664582519,Yes,26.64582519,1,Exact solution,440.9767197,No,0.000878047,0.03575511791,0.01329327142,23.513692,0.588558882,10,440.9767197,0.011000314,18,391.6937579,0,2,60
Apartment_env.dae,direct,InformedRRTstar,Yes,8,42,450,0.0005,0.05,0.05,0.2664582519,Yes,26.64582519,1,Exact solution,449.8527927,No,0.03668853,1.494000567,0.5554492952,23.513692,0.588558882,10,449.8527927,0.02294781115,21,391.6937579,0,2,593
Apartment_env.dae,direct,InformedRRTstar,Yes,9,42,450,0.0005,0.05,0.05,0.2664582519,Yes,26.64582519,1,Exact solution,449.0664413,No,0.064947193,2.644726927,0.9832738619,23.513692,0.588558882,10,449.0664413,0.03246118755,23,391.6937579,0,2,924
Apartment_env.dae,direct,InformedRRTstar,Yes,10,42,450,0.0005,0.05,0.05,0.2664582519,Yes,26.64582519,1,Exact solution,446.1514575,No,0.015313348,0.6235777394,0.2318378075,23.513692,0.588558882,10,446.1514575,0.01503184261,20,391.6937579,0,2,394
Apartment_env.dae,direct,InformedRRTstar,Yes,1,42,450,0.0005,0.05,0.2,0.2664582519,Yes,106.5833008,1,Exact solution,445.7058162,No,0.001119857,0.06899897351,0.0265734798,0.657757,0.016114306,10,445.7058162,0.000385392322,6,391.6937579,0,2,30
Apartment_env.dae,direct,InformedRRTstar,Yes,2,42,450,0.0005,0.05,0.2,0.2664582519,Yes,106.5833008,1,Exact solution,428.7445398,No,0.00029322,0.01806648439,0.006957920295,0.657757,0.016114306,10,428.7445398,0.0003288812232,6,391.6937579,0,2,11
Apartment_env.dae,direct,InformedRRTstar,Yes,3,42,450,0.0005,0.05,0.2,0.2664582519,Yes,106.5833008,1,Exact solution,449.1027129,No,0.000366239,0.02256548386,0.008690613774,0.657757,0.016114306,10,449.1027129,0.0008943008479,7,391.6937579,0,2,15
Apartment_env.dae,direct,InformedRRTstar,Yes,4,42,450,0.0005,0.05,0.2,0.2664582519,Yes,106.5833008,1,Exact solution,399.5225812,No,9.6389e-05,0.005938920824,0.002287248412,0.657757,0.016114306,10,399.5225812,3.161957007e-05,5,391.6937579,0,2,5
Apartment_env.dae,direct,InformedRRTstar,Yes,5,42,450,0.0005,0.05,0.2,0.2664582519,Yes,106.5833008,1,Exact solution,426.7893154,No,0.001483286,0.09139132177,0.0351974141,0.657757,0.016114306,10,426.7893154,0.0001987809697,6,391.6937579,0,2,20
Apartment_env.dae,direct,InformedRRTstar,Yes,6,42,450,0.0005,0.05,0.2,0.2664582519,Yes,106.5833008,1,Exact solution,423.1932912,No,0.000386439,0.02381008854,0.009169946664,0.657757,0.016114306,10,423.1932912,9.516051984e-05,5,391.6937579,0,2,10
Apartment_env.dae,direct,InformedRRTstar,Yes,7,42,450,0.0005,0.05,0.2,0.2664582519,Yes,106.5833008,1,Exact solution,425.4910153,No,0.001398276,0.08615350771,0.03318018197,0.657757,0.016114306,10,425.4910153,0.0003440234444,6,391.6937579,0,2,26
Apartment_env.dae,direct,InformedRRTstar,Yes,8,42,450,0.0005,0.05,0.2,0.2664582519,Yes,106.5833008,1,Exact solution,442.7565496,No,0.000678368,0.04179702914,0.01609723237,0.657757,0.016114306,10,442.7565496,0.0005153597832,7,391.6937579,0,2,21
Apartment_env.dae,direct,InformedRRTstar,Yes,9,42,450,0.0005,0.05,0.2,0.2664582519,Yes,106.5833008,1,Exact solution,424.4851167,No,0.003365511,0.2073629082,0.07986139175,0.657757,0.016114306,10,424.4851167,0.000250717355,6,391.6937579,0,2,59
Apartment_env.dae,direct,InformedRRTstar,Yes,10,42,450,0.0005,0.05,0.2,0.2664582519,Yes,106.5833008,1,Exact solution,416.8211617,No,0.001487846,0.09167228203,0.03530561994,0.657757,0.016114306,10,416.8211617,0.000356933815,7,391.6937579,0,2,14
Apartment_env.dae,direct,InformedRRTstar,Yes,1,42,450,0.0005,0.05,0.5,0.2664582519,Yes,266.4582519,1,Exact solution,391.6937579,No,0.000402529,0.0209090285,0.007823342751,0.373852,0.009322324,10,391.6937579,0,3,391.6937579,0,2,3
Apartment_env.dae,direct,InformedRRTstar,Yes,2,42,450,0.0005,0.05,0.5,0.2664582519,Yes,266.4582519,1,Exact solution,392.0164156,No,7.741e-05,0.004020996986,0.001504500203,0.373852,0.009322324,10,392.0164156,1.968559787e-07,3,391.6937579,0,2,3
Apartment_env.dae,direct,InformedRRTstar,Yes,3,42,450,0.0005,0.05,0.5,0.2664582519,Yes,266.4582519,1,Exact solution,396.76603,No,0.000426729,0.02216607703,0.008293681272,0.373852,0.009322324,10,396.76603,2.955200033e-06,3,391.6937579,0,2,7
Apartment_env.dae,direct,InformedRRTstar,Yes,4,42,450,0.0005,0.05,0.5,0.2664582519,Yes,266.4582519,1,Exact solution,397.0592072,No,0.00339297,0.1762449573,0.06594398728,0.373852,0.009322324,10,397.0592072,1.027313152e-05,4,391.6937579,0,2,4
Apartment_env.dae,direct,InformedRRTstar,Yes,5,42,450,0.0005,0.05,0.5,0.2664582519,Yes,266.4582519,1,Exact solution,425.1054858,No,0.001045697,0.05431784634,0.02032361903,0.373852,0.009322324,10,425.1054858,1.558774957e-05,4,391.6937579,0,2,6
Apartment_env.dae,direct,InformedRRTstar,Yes,6,42,450,0.0005,0.05,0.5,0.2664582519,Yes,266.4582519,1,Exact solution,396.2613996,No,0.00018955,0.009846014452,0.003683994491,0.373852,0.009322324,10,396.2613996,2.674102477e-06,3,391.6937579,0,2,3
Apartment_env.dae,direct,InformedRRTstar,Yes,7,42,450,0.0005,0.05,0.5,0.2664582519,Yes,266.4582519,1,Exact solution,391.6937579,No,7.249e-05,0.003765431747,0.001408877661,0.373852,0.009322324,10,391.6937579,0,3,391.6937579,0,2,3
Apartment_env.dae,direct,InformedRRTstar,Yes,8,42,450,0.0005,0.05,0.5,0.2664582519,Yes,266.4582519,1,Exact solution,393.1730891,No,0.000658788,0.03422018554,0.01280385842,0.373852,0.009322324,10,393.1730891,7.82442282e-07,3,391.6937579,0,2,4
Apartment_env.dae,direct,InformedRRTstar,Yes,9,42,450,0.0005,0.05,0.5,0.2664582519,Yes,266.4582519,1,Exact solution,395.8341873,No,0.000484399,0.02516169641,0.009414525178,0.373852,0.009322324,10,395.8341873,2.177055406e-06,3,391.6937579,0,2,3
Apartment_env.dae,direct,InformedRRTstar,Yes,10,42,450,0.0005,0.05,0.5,0.2664582519,Yes,266.4582519,1,Exact solution,392.7406291,No,0.000446629,0.0231997657,0.008680447246,0.373852,0.009322324,10,392.7406291,6.022128756e-07,3,391.6937579,0,2,3
Apartment_env.dae,direct,InformedRRTstar,Yes,1,42,450,0.0005,0.15,0.05,0.2664582519,Yes,26.64582519,1,Exact solution,437.7827639,No,0.000229199,0.00955019112,0.00353453942,8.7145,0.218713176,10,437.7827639,0.00662516402,18,391.6937579,0,2,35
Apartment_env.dae,direct,InformedRRTstar,Yes,2,42,450,0.0005,0.15,0.05,0.2664582519,Yes,26.64582519,1,Exact solution,433.2630472,No,0.00018193,0.007580601444,0.002805591458,8.7145,0.218713176,10,433.2630472,0.009391205472,18,391.6937579,0,2,30
Apartment_env.dae,direct,InformedRRTstar,Yes,3,42,450,0.0005,0.15,0.05,0.2664582519,Yes,26.64582519,1,Exact solution,445.7163693,No,0.005275325,0.2198105662,0.08135220557,8.7145,0.218713176,10,445.7163693,0.01712764289,19,391.6937579,0,2,227
Apartment_env.dae,direct,InformedRRTstar,Yes,4,42,450,0.0005,0.15,0.05,0.2664582519,Yes,26.64582519,1,Exact solution,447.591685,No,0.021222623,0.8842975132,0.3272797769,8.7145,0.218713176,10,447.591685,0.01339525794,20,391.6937579,0,2,483
Apartment_env.dae,direct,InformedRRTstar,Yes,5,42,450,0.0005,0.15,0.05,0.2664582519,Yes,26.64582519,1,Exact solution,449.5340612,No,0.080665681,3.36115197,1.243967161,8.7145,0.218713176,10,449.5340612,0.02061024652,21,391.6937579,0,2,949
Apartment_env.dae,direct,InformedRRTstar,Yes,6,42,450,0.0005,0.15,0.05,0.2664582519,Yes,26.64582519,1,Exact solution,448.5489978,No,0.035225364,1.467759277,0.5432198118,8.7145,0.218713176,10,448.5489978,0.02702948718,22,391.6937579,0,2,571
Apartment_env.dae,direct,InformedRRTstar,Yes,7,42,450,0.0005,0.15,0.05,0.2664582519,Yes,26.64582519,1,Exact solution,439.6007956,No,0.03682545,1.534431152,0.5678951683,8.7145,0.218713176,10,439.6007956,0.01515944142,20,391.6937579,0,2,677
Apartment_env.dae,direct,InformedRRTstar,Yes,8,42,450,0.0005,0.15,0.05,0.2664582519,Yes,26.64582519,1,Exact solution,449.5933855,No,0.028725682,1.196932592,0.4429864676,8.7145,0.218713176,10,449.5933855,0.01719913307,21,391.6937579,0,2,543
Apartment_env.dae,direct,InformedRRTstar,Yes,9,42,450,0.0005,0.15,0.05,0.2664582519,Yes,26.64582519,1,Exact solution,449.3516347,No,0.000308799,0.01286693863,0.004762072427,8.7145,0.218713176,10,449.3516347,0.01363749213,18,391.6937579,0,2,42
Apartment_env.dae,direct,InformedRRTstar,Yes,10,42,450,0.0005,0.15,0.05,0.2664582519,Yes,26.64582519,1,Exact solution,444.7483515,No,0.000482849,0.02011919874,0.007446144286,8.7145,0.218713176,10,444.7483515,0.008343763653,18,391.6937579,0,2,40
Apartment_env.dae,direct,InformedRRTstar,Yes,1,42,450,0.0005,0.15,0.2,0.2664582519,Yes,106.5833008,1,Exact solution,417.3277774,No,0.000833588,0.06688450481,0.02752404368,0.485204,0.01137682,10,417.3277774,0.000287157318,6,391.6937579,0,2,21
Apartment_env.dae,direct,InformedRRTstar,Yes,2,42,450,0.0005,0.15,0.2,0.2664582519,Yes,106.5833008,1,Exact solution,415.1049856,No,0.000689789,0.05534652093,0.02277597874,0.485204,0.01137682,10,415.1049856,0.0002968323437,6,391.6937579,0,2,10
Apartment_env.dae,direct,InformedRRTstar,Yes,3,42,450,0.0005,0.15,0.2,0.2664582519,Yes,106.5833008,1,Exact solution,444.7866454,No,0.000437129,0.03507386947,0.01443345836,0.485204,0.01137682,10,444.7866454,0.0001753809375,6,391.6937579,0,2,17
Apartment_env.dae,direct,InformedRRTstar,Yes,4,42,450,0.0005,0.15,0.2,0.2664582519,Yes,106.5833008,1,Exact solution,419.6895403,No,0.000104839,0.008411954826,0.003461653977,0.485204,0.01137682,10,419.6895403,0.0001433444445,5,391.6937579,0,2,5
Apartment_env.dae,direct,InformedRRTstar,Yes,5,42,450,0.0005,0.15,0.2,0.2664582519,Yes,106.5833008,1,Exact solution,398.787799,No,0.000262049,0.02102599558,0.008652533532,0.485204,0.01137682,10,398.787799,1.967837756e-05,5,391.6937579,0,2,5
Apartment_env.dae,direct,InformedRRTstar,Yes,6,42,450,0.0005,0.15,0.2,0.2664582519,Yes,106.5833008,1,Exact solution,391.6937579,No,0.000373949,0.03000450305,0.01234733299,0.485204,0.01137682,10,391.6937579,0,5,391.6937579,0,2,5
Apartment_env.dae,direct,InformedRRTstar,Yes,7,42,450,0.0005,0.15,0.2,0.2664582519,Yes,106.5833008,1,Exact solution,437.1330594,No,0.001180867,0.09474909013,0.03899076629,0.485204,0.01137682,10,437.1330594,0.0002119458438,6,391.6937579,0,2,33
Apartment_env.dae,direct,InformedRRTstar,Yes,8,42,450,0.0005,0.15,0.2,0.2664582519,Yes,106.5833008,1,Exact solution,414.2742017,No,0.00011021,0.008842907138,0.003638997747,0.485204,0.01137682,10,414.2742017,8.353756724e-05,5,391.6937579,0,2,8
Apartment_env.dae,direct,InformedRRTstar,Yes,9,42,450,0.0005,0.15,0.2,0.2664582519,Yes,106.5833008,1,Exact solution,448.9793153,No,0.001474566,0.1183145831,0.04868834363,0.485204,0.01137682,10,448.9793153,0.0004520074135,7,391.6937579,0,2,34
Apartment_env.dae,direct,InformedRRTstar,Yes,10,42,450,0.0005,0.15,0.2,0.2664582519,Yes,106.5833008,1,Exact solution,427.5925501,No,0.000580158,0.04655007095,0.01915609886,0.485204,0.01137682,10,427.5925501,0.0001687375029,6,391.6937579,0,2,11
Apartment_env.dae,direct,InformedRRTstar,Yes,1,42,450,0.0005,0.15,0.5,0.2664582519,Yes,266.4582519,1,Exact solution,393.2264917,No,0.000608508,0.06102886146,0.02490951216,0.20136,0.004748317,10,393.2264917,8.11324682e-07,3,391.6937579,0,2,3
Apartment_env.dae,direct,InformedRRTstar,Yes,2,42,450,0.0005,0.15,0.5,0.2664582519,Yes,266.4582519,1,Exact solution,391.6937579,No,0.00010494,0.01052470752,0.004295759804,0.20136,0.004748317,10,391.6937579,0,3,391.6937579,0,2,3
Apartment_env.dae,direct,InformedRRTstar,Yes,3,42,450,0.0005,0.15,0.5,0.2664582519,Yes,266.4582519,1,Exact solution,391.6937579,No,0.00012052,0.01208726653,0.004933533176,0.20136,0.004748317,10,391.6937579,0,3,391.6937579,0,2,3
Apartment_env.dae,direct,InformedRRTstar,Yes,4,42,450,0.0005,0.15,0.5,0.2664582519,Yes,266.4582519,1,Exact solution,408.6098243,No,0.00016422,0.01647005402,0.00672240971,0.20136,0.004748317,10,408.6098243,8.682787724e-06,3,391.6937579,0,2,3
Apartment_env.dae,direct,InformedRRTstar,Yes,5,42,450,0.0005,0.15,0.5,0.2664582519,Yes,266.4582519,1,Exact solution,393.7843283,No,0.000183619,0.01841563055,0.007516515336,0.20136,0.004748317,10,393.7843283,2.220714706e-06,4,391.6937579,0,2,4
Apartment_env.dae,direct,InformedRRTstar,Yes,6,42,450,0.0005,0.15,0.5,0.2664582519,Yes,266.4582519,1,Exact solution,399.0559755,No,0.000194069,0.01946368842,0.007944290159,0.20136,0.004748317,10,399.0559755,4.196915939e-06,3,391.6937579,0,2,3
Apartment_env.dae,direct,InformedRRTstar,Yes,7,42,450,0.0005,0.15,0.5,0.2664582519,Yes,266.4582519,1,Exact solution,392.7628755,No,0.000278269,0.02790832701,0.01139104998,0.20136,0.004748317,10,392.7628755,6.008061073e-07,3,391.6937579,0,2,6
Apartment_env.dae,direct,InformedRRTstar,Yes,8,42,450,0.0005,0.15,0.5,0.2664582519,Yes,266.4582519,1,Exact solution,391.6937579,No,0.0001701,0.01705977462,0.006963109802,0.20136,0.004748317,10,391.6937579,0,3,391.6937579,0,2,3
Apartment_env.dae,direct,InformedRRTstar,Yes,9,42,450,0.0005,0.15,0.5,0.2664582519,Yes,266.4582519,1,Exact solution,404.0070834,No,0.00010648,0.01067915815,0.004358800304,0.20136,0.004748317,10,404.0070834,2.088779909e-05,4,391.6937579,0,2,4
Apartment_env.dae,direct,InformedRRTstar,Yes,10,42,450,0.0005,0.15,0.5,0.2664582519,Yes,266.4582519,1,Exact solution,391.6937579,No,7.7e-05,0.007722531721,0.003152025013,0.20136,0.004748317,10,391.6937579,0,3,391.6937579,0,2,3
Apartment_env.dae,around_wall,RRT,No,1,42,340,0.002,0.02,0.05,1.065833008,Yes,26.64582519,1,Exact solution,428.7203826,No,0.001736456,0.09299803187,0.03388583571,1.464097,0.0370796,10,428.7203826,0.02743555961,18,301.3900337,0.0002407577923,5,316
Apartment_env.dae,around_wall,RRT,No,2,42,340,0.002,0.02,0.05,1.065833008,Yes,26.64582519,1,Exact solution,582.2791665,No,0.004656518,0.2493855355,0.09086899059,1.464097,0.0370796,10,582.2791665,0.04701108037,25,298.5863609,0.0003735957808,6,773
Apartment_env.dae,around_wall,RRT,No,3,42,340,0.002,0.02,0.05,1.065833008,Yes,26.64582519,1,Exact solution,441.3602617,No,0.000444128,0.02378582003,0.008666875776,1.464097,0.0370796,10,441.3602617,0.03302108906,18,322.875894,0.0001176238032,5,66
Apartment_env.dae,around_wall,RRT,No,4,42,340,0.002,0.02,0.05,1.065833008,Yes,26.64582519,1,Exact solution,524.351672,No,0.001972065,0.105616361,0.03848359567,1.464097,0.0370796,10,524.351672,0.02968230557,21,327.1239809,9.788773705e-05,4,313
Apartment_env.dae,around_wall,RRT,No,5,42,340,0.002,0.02,0.05,1.065833008,Yes,26.64582519,1,Exact solution,516.8113037,No,0.000553438,0.02964005121,0.01079999098,1.464097,0.0370796,10,516.8113037,0.0303557492,21,299.5362153,0.0003612986451,5,138
Apartment_env.dae,around_wall,RRT,No,6,42,340,0.002,0.02,0.05,1.065833008,Yes,26.64582519,1,Exact solution,428.1112795,No,0.002009475,0.1076198994,0.03921362805,1.464097,0.0370796,10,428.1112795,0.01685262776,18,321.0163393,0.0001002317796,4,365
Apartment_env.dae,around_wall,RRT,No,7,42,340,0.002,0.02,0.05,1.065833008,Yes,26.64582519,1,Exact solution,449.2643446,No,0.002130975,0.114126981,0.04158462337,1.464097,0.0370796,10,449.2643446,0.02637393811,19,332.1998031,0.0001061252239,4,377
Apartment_env.dae,around_wall,RRT,No,8,42,340,0.002,0.02,0.05,1.065833008,Yes,26.64582519,1,Exact solution,614.8547885,No,0.004671088,0.2501658497,0.09115331489,1.464097,0.0370796,10,614.8547885,0.03834322911,25,321.1024368,0.0001000245115,4,742
Apartment_env.dae,around_wall,RRT,No,9,42,340,0.002,0.02,0.05,1.065833008,Yes,26.64582519,1,Exact solution,488.6109113,No,0.006132613,0.3284396145,0.1196740468,1.464097,0.0370796,10,488.6109113,0.04455619313,20,296.1147568,0.0005928988468,6,947
Apartment_env.dae,around_wall,RRT,No,10,42,340,0.002,0.02,0.05,1.065833008,Yes,26.64582519,1,Exact solution,625.4383294,No,0.003030812,0.1623188558,0.05914437078,1.464097,0.0370796,10,625.4383294,0.04489616424,26,448.6257809,0.0009098949665,7,456
Apartment_env.dae,around_wall,RRT,No,1,42,340,0.002,0.02,0.2,1.065833008,Yes,106.5833008,1,Exact solution,745.2024744,No,0.002894152,0.1644076151,0.06345463757,1.05419,0.02579158,10,745.2024744,0.0150439471,14,343.9073033,0.002283524939,6,385
Apartment_env.dae,around_wall,RRT,No,2,42,340,0.002,0.02,0.2,1.065833008,Yes,106.5833008,1,Exact solution,616.598372,No,0.000470049,0.02670199598,0.01030588198,1.05419,0.02579158,10,616.598372,0.002634701637,9,351.3966903,0.01160243673,7,53
Apartment_env.dae,around_wall,RRT,No,3,42,340,0.002,0.02,0.2,1.065833008,Yes,106.5833008,1,Exact solution,730.1430599,No,0.004399758,0.2499363267,0.09646523379,1.05419,0.02579158,10,730.1430599,0.04392458959,17,305.7219988,0.0004002381182,5,635
Apartment_env.dae,around_wall,RRT,No,4,42,340,0.002,0.02,0.2,1.065833008,Yes,106.5833008,1,Exact solution,512.9145136,No,0.001155317,0.06562990218,0.02533046693,1.05419,0.02579158,10,512.9145136,0.004709476079,10,319.3976364,0.0006128430215,6,135
Apartment_env.dae,around_wall,RRT,No,5,42,340,0.002,0.02,0.2,1.065833008,Yes,106.5833008,1,Exact solution,349.1915464,No,0.000440019,0.02499608673,0.009647470544,1.05419,0.02579158,10,349.1915464,0.002866894837,6,338.1008004,0.0007255115315,6,79
Apartment_env.dae,around_wall,RRT,No,6,42,340,0.002,0.02,0.2,1.065833008,Yes,106.5833008,1,Exact solution,469.663141,No,0.00010632,0.006039702696,0.00233107904,1.05419,0.02579158,10,469.663141,0.0009094396499,6,305.5226685,0.001267125635,7,13
Apartment_env.dae,around_wall,RRT,No,7,42,340,0.002,0.02,0.2,1.065833008,Yes,106.5833008,1,Exact solution,758.6486322,No,0.00363145,0.2062911809,0.07961998665,1.05419,0.02579158,10,758.6486322,0.02616321548,16,356.6510589,0.01850897935,8,517
Apartment_env.dae,around_wall,RRT,No,8,42,340,0.002,0.02,0.2,1.065833008,Yes,106.5833008,1,Exact solution,425.1449934,No,0.001493116,0.08481919423,0.03273675143,1.05419,0.02579158,10,425.1449934,0.007733931799,9,324.9247535,0.0001950500426,5,189
Apartment_env.dae,around_wall,RRT,No,9,42,340,0.002,0.02,0.2,1.065833008,Yes,106.5833008,1,Exact solution,658.3705824,No,0.002552033,0.1449729175,0.05595363654,1.05419,0.02579158,10,658.3705824,0.0122821708,13,424.2908407,0.0005221132499,5,354
Apartment_env.dae,around_wall,RRT,No,10,42,340,0.002,0.02,0.2,1.065833008,Yes,106.5833008,1,Exact solution,595.2629264,No,0.001415236,0.08039507793,0.03102922288,1.05419,0.02579158,10,595.2629264,0.003736374843,9,403.1345037,0.0004813530417,5,232
Apartment_env.dae,around_wall,RRT,No,1,42,340,0.002,0.02,0.5,1.065833008,Yes,266.4582519,1,Exact solution,793.9614471,No,0.004797017,0.2713700258,0.1012463008,0.989161,0.024707673,10,793.9614471,0.02153340066,13,309.1658566,0.001984162308,8,627
Apartment_env.dae,around_wall,RRT,No,2,42,340,0.002,0.02,0.5,1.065833008,Yes,266.4582519,1,Exact solution,938.9813452,No,0.001428996,0.0808391301,0.03016052662,0.989161,0.024707673,10,938.9813452,0.01328163028,14,311.5148048,0.0004694091173,6,168
Apartment_env.dae,around_wall,RRT,No,3,42,340,0.002,0.02,0.5,1.065833008,Yes,266.4582519,1,Exact solution,438.1620764,No,0.00012144,0.006869931028,0.002563124286,0.989161,0.024707673,10,438.1620764,0.002077762551,5,330.8873802,0.0001211824298,4,7
Apartment_env.dae,around_wall,RRT,No,4,42,340,0.002,0.02,0.5,1.065833008,Yes,266.4582519,1,Exact solution,603.0140653,No,0.000642938,0.03637137447,0.01356991109,0.989161,0.024707673,10,603.0140653,0.00837108017,9,417.5199168,0.000594388789,5,83
Apartment_env.dae,around_wall,RRT,No,5,42,340,0.002,0.02,0.5,1.065833008,Yes,266.4582519,1,Exact solution,611.516967,No,0.001783245,0.1008792009,0.03763733998,0.989161,0.024707673,10,611.516967,0.003341109468,10,296.5704511,0.0004164762016,5,179
Apartment_env.dae,around_wall,RRT,No,6,42,340,0.002,0.02,0.5,1.065833008,Yes,266.4582519,1,Exact solution,720.2707137,No,0.000446939,0.02528359769,0.009433137395,0.989161,0.024707673,10,720.2707137,0.00545979715,9,339.7498718,0.0004861562695,5,64
Apartment_env.dae,around_wall,RRT,No,7,42,340,0.002,0.02,0.5,1.065833008,Yes,266.4582519,1,Exact solution,815.2820269,No,0.001925895,0.1089489939,0.04064812456,0.989161,0.024707673,10,815.2820269,0.01147148221,15,368.199315,0.0005623789668,6,292
Apartment_env.dae,around_wall,RRT,No,8,42,340,0.002,0.02,0.5,1.065833008,Yes,266.4582519,1,Exact solution,866.5461385,No,0.000850177,0.04809500454,0.01794391729,0.989161,0.024707673,10,866.5461385,0.01048514313,12,295.3045558,0.0003730190638,5,113
Apartment_env.dae,around_wall,RRT,No,9,42,340,0.002,0.02,0.5,1.065833008,Yes,266.4582519,1,Exact solution,1061.473077,No,0.003951239,0.2235238752,0.08339522926,0.989161,0.024707673,10,1061.473077,0.02025460209,17,442.2085139,0.0007985989248,7,646
Apartment_env.dae,around_wall,RRT,No,10,42,340,0.002,0.02,0.5,1.065833008,Yes,266.4582519,1,Exact solution,753.2395515,No,0.001537546,0.08697986638,0.03245159333,0.989161,0.024707673,10,753.2395515,0.008842357282,11,378.5059183,0.001597728926,5,196
Apartment_env.dae,around_wall,RRT,No,1,42,340,0.002,0.05,0.05,1.065833008,Yes,26.64582519,1,Exact solution,749.6683971,No,0.002637253,0.1793733579,0.06910619288,0.842165,0.020627534,10,749.6683971,0.04561077567,30,486.8738809,0.002545879004,11,465
Apartment_env.dae,around_wall,RRT,No,2,42,340,0.002,0.05,0.05,1.065833008,Yes,26.64582519,1,Exact solution,437.0289567,No,0.000380969,0.0259116925,0.009982856099,0.842165,0.020627534,10,437.0289567,0.03459922395,18,321.2351135,9.828024033e-05,4,51
Apartment_env.dae,around_wall,RRT,No,3,42,340,0.002,0.05,0.05,1.065833008,Yes,26.64582519,1,Exact solution,406.7526058,No,0.000461039,0.03135767161,0.0120809987,0.842165,0.020627534,10,406.7526058,0.01547640088,17,307.8527366,0.0008844638408,7,129
Apartment_env.dae,around_wall,RRT,No,4,42,340,0.002,0.05,0.05,1.065833008,Yes,26.64582519,1,Exact solution,893.7712172,No,0.002012434,0.1368761526,0.05273352696,0.842165,0.020627534,10,893.7712172,0.03653655953,35,444.0474681,0.001167149756,7,337
Apartment_env.dae,around_wall,RRT,No,5,42,340,0.002,0.05,0.05,1.065833008,Yes,26.64582519,1,Exact solution,432.4615244,No,0.000365149,0.02483569163,0.009568311127,0.842165,0.020627534,10,432.4615244,0.02356452745,18,320.2430308,0.0001407337272,5,52
Apartment_env.dae,around_wall,RRT,No,6,42,340,0.002,0.05,0.05,1.065833008,Yes,26.64582519,1,Exact solution,649.5302741,No,0.002794142,0.1900441986,0.07321728935,0.842165,0.020627534,10,649.5302741,0.07731168475,28,296.4709915,0.0006254131711,7,508
Apartment_env.dae,around_wall,RRT,No,7,42,340,0.002,0.05,0.05,1.065833008,Yes,26.64582519,1,Exact solution,430.8245823,No,0.000414249,0.02817523921,0.01085492036,0.842165,0.020627534,10,430.8245823,0.02153088404,18,319.0976097,0.0001392099124,5,44
Apartment_env.dae,around_wall,RRT,No,8,42,340,0.002,0.05,0.05,1.065833008,Yes,26.64582519,1,Exact solution,402.6462279,No,0.00016848,0.01145920522,0.004414825342,0.842165,0.020627534,10,402.6462279,0.01444331343,17,318.1986683,0.0001285335574,5,40
Apartment_env.dae,around_wall,RRT,No,9,42,340,0.002,0.05,0.05,1.065833008,Yes,26.64582519,1,Exact solution,610.170664,No,0.002257014,0.1535113165,0.0591424656,0.842165,0.020627534,10,610.170664,0.04350411483,25,301.7445279,0.0001526574381,4,469
Apartment_env.dae,around_wall,RRT,No,10,42,340,0.002,0.05,0.05,1.065833008,Yes,26.64582519,1,Exact solution,498.9566475,No,0.000891278,0.06062047428,0.02335491869,0.842165,0.020627534,10,498.9566475,0.03279541024,20,330.952918,0.0001054738836,4,133
Apartment_env.dae,around_wall,RRT,No,1,42,340,0.002,0.05,0.2,1.065833008,Yes,106.5833008,1,Exact solution,1171.091995,No,0.004615337,0.2786308341,0.1128942839,1.002649,0.023762925,10,1171.091995,0.008272123079,19,747.7888494,0.0001811929863,5,558
Apartment_env.dae,around_wall,RRT,No,2,42,340,0.002,0.05,0.2,1.065833008,Yes,106.5833008,1,Exact solution,481.2064073,No,0.0001461,0.008820150049,0.003573705427,1.002649,0.023762925,10,481.2064073,0.003329156657,7,319.632981,9.984110676e-05,4,14
Apartment_env.dae,around_wall,RRT,No,3,42,340,0.002,0.05,0.2,1.065833008,Yes,106.5833008,1,Exact solution,897.9785823,No,0.001160197,0.0700418318,0.02837920818,1.002649,0.023762925,10,897.9785823,0.009019475491,15,386.3935344,0.001656166726,6,180
Apartment_env.dae,around_wall,RRT,No,4,42,340,0.002,0.05,0.2,1.065833008,Yes,106.5833008,1,Exact solution,339.2291973,No,0.000110019,0.006641917099,0.002691139612,1.002649,0.023762925,10,339.2291973,0.0007101788972,6,320.1783062,0.0002211506165,5,15
Apartment_env.dae,around_wall,RRT,No,5,42,340,0.002,0.05,0.2,1.065833008,Yes,106.5833008,1,Exact solution,794.5872525,No,0.002502203,0.1510595887,0.06120558822,1.002649,0.023762925,10,794.5872525,0.01292588935,16,322.5068438,0.0006300200815,7,339
Apartment_env.dae,around_wall,RRT,No,6,42,340,0.002,0.05,0.2,1.065833008,Yes,106.5833008,1,Exact solution,432.0069762,No,0.003821029,0.2306779543,0.0934649697,1.002649,0.023762925,10,432.0069762,0.02383925949,12,309.9535122,0.0003887408899,5,500
Apartment_env.dae,around_wall,RRT,No,7,42,340,0.002,0.05,0.2,1.065833008,Yes,106.5833008,1,Exact solution,696.7928938,No,0.000875958,0.05288214234,0.0214265288,1.002649,0.023762925,10,696.7928938,0.006761035513,12,320.862231,9.951241676e-05,4,94
Apartment_env.dae,around_wall,RRT,No,8,42,340,0.002,0.05,0.2,1.065833008,Yes,106.5833008,1,Exact solution,621.2490534,No,0.001377966,0.08318868502,0.03370598612,1.002649,0.023762925,10,621.2490534,0.006744335224,11,323.2286535,0.0001058359005,4,170
Apartment_env.dae,around_wall,RRT,No,9,42,340,0.002,0.05,0.2,1.065833008,Yes,106.5833008,1,Exact solution,642.7339261,No,0.001517156,0.09159167397,0.03711066824,1.002649,0.023762925,10,642.7339261,0.005596286225,10,350.7165213,0.003303705019,6,197
Apartment_env.dae,around_wall,RRT,No,10,42,340,0.002,0.05,0.2,1.065833008,Yes,106.5833008,1,Exact solution,437.5127707,No,0.000482258,0.0291142226,0.01179635887,1.002649,0.023762925,10,437.5127707,0.001429664843,6,321.7945878,0.0002265597538,5,27
Apartment_env.dae,around_wall,RRT,No,1,42,340,0.002,0.05,0.5,1.065833008,Yes,266.4582519,1,Exact solution,515.2609082,No,0.001994485,0.112250959,0.04230959002,0.94534,0.023468966,10,515.2609082,0.01648263234,11,340.3417439,0.0008964145066,7,285
Apartment_env.dae,around_wall,RRT,No,2,42,340,0.002,0.05,0.5,1.065833008,Yes,266.4582519,1,Exact solution,978.07341,No,0.003343431,0.1881705484,0.0709251736,0.94534,0.023468966,10,978.07341,0.02018041097,19,498.5557091,0.006233308406,11,283
Apartment_env.dae,around_wall,RRT,No,3,42,340,0.002,0.05,0.5,1.065833008,Yes,266.4582519,1,Exact solution,602.6088712,No,0.000375579,0.02113783906,0.007967266492,0.94534,0.023468966,10,602.6088712,0.004440299465,8,323.8178138,0.003838274547,6,53
Apartment_env.dae,around_wall,RRT,No,4,42,340,0.002,0.05,0.5,1.065833008,Yes,266.4582519,1,Exact solution,862.7450661,No,0.00368608,0.2074550649,0.07819388643,0.94534,0.023468966,10,862.7450661,0.01280216624,16,626.1332748,0.0001093999159,4,510
Apartment_env.dae,around_wall,RRT,No,5,42,340,0.002,0.05,0.5,1.065833008,Yes,266.4582519,1,Exact solution,674.1003979,No,0.001479986,0.08329460881,0.03139537319,0.94534,0.023468966,10,674.1003979,0.004097808632,10,326.3006795,0.0004571189284,6,186
Apartment_env.dae,around_wall,RRT,No,6,42,340,0.002,0.05,0.5,1.065833008,Yes,266.4582519,1,Exact solution,439.5207054,No,0.001362776,0.07669795107,0.02890896339,0.94534,0.023468966,10,439.5207054,0.004799011821,7,357.8152375,0.001594187389,5,186
Apartment_env.dae,around_wall,RRT,No,7,42,340,0.002,0.05,0.5,1.065833008,Yes,266.4582519,1,Exact solution,653.8885933,No,0.000731008,0.04114162255,0.01550708518,0.94534,0.023468966,10,653.8885933,0.006921353596,10,301.8414355,0.001513803992,8,90
Apartment_env.dae,around_wall,RRT,No,8,42,340,0.002,0.05,0.5,1.065833008,Yes,266.4582519,1,Exact solution,709.5359738,No,0.001945295,0.1094825127,0.04126610825,0.94534,0.023468966,10,709.5359738,0.01377711067,12,320.4490833,0.04525118942,7,201
Apartment_env.dae,around_wall,RRT,No,9,42,340,0.002,0.05,0.5,1.065833008,Yes,266.4582519,1,Exact solution,526.0307148,No,0.001510216,0.08499597357,0.03203665096,0.94534,0.023468966,10,526.0307148,0.005898079624,11,326.7885369,0.0006671265284,6,198
Apartment_env.dae,around_wall,RRT,No,10,42,340,0.002,0.05,0.5,1.065833008,Yes,266.4582519,1,Exact solution,699.3126667,No,0.000368029,0.02071291998,0.007807106148,0.94534,0.023468966,10,699.3126667,0.002989176914,9,311.0954858,0.0004759605087,6,42
Apartment_env.dae,around_wall,RRT,No,1,42,340,0.002,0.15,0.05,1.065833008,Yes,26.64582519,1,Exact solution,414.6760817,No,0.00014178,0.010429109,0.004245892685,0.887817,0.020972613,10,414.6760817,0.02882070867,17,318.5518168,9.895305326e-05,4,27
Apartment_env.dae,around_wall,RRT,No,2,42,340,0.002,0.15,0.05,1.065833008,Yes,26.64582519,1,Exact solution,388.4706337,No,0.002878902,0.2117674056,0.08621462084,0.887817,0.020972613,10,388.4706337,0.02313623467,17,301.0393552,0.0009674378672,7,451
Apartment_env.dae,around_wall,RRT,No,3,42,340,0.002,0.15,0.05,1.065833008,Yes,26.64582519,1,Exact solution,744.5150931,No,0.004577287,0.3366978774,0.1370762406,0.887817,0.020972613,10,744.5150931,0.06331249112,31,299.0678939,0.0004129286859,5,792
Apartment_env.dae,around_wall,RRT,No,4,42,340,0.002,0.15,0.05,1.065833008,Yes,26.64582519,1,Exact solution,500.1531788,No,0.001653745,0.1216468251,0.04952478345,0.887817,0.020972613,10,500.1531788,0.0672009842,22,319.264032,0.0001095518214,5,261
Apartment_env.dae,around_wall,RRT,No,5,42,340,0.002,0.15,0.05,1.065833008,Yes,26.64582519,1,Exact solution,469.1962273,No,0.000178889,0.01315878742,0.005357197747,0.887817,0.020972613,10,469.1962273,0.02983848386,19,322.6464307,0.0001069108101,4,39
Apartment_env.dae,around_wall,RRT,No,6,42,340,0.002,0.15,0.05,1.065833008,Yes,26.64582519,1,Exact solution,340.6370395,No,8.1629e-05,0.006004498086,0.002444547708,0.887817,0.020972613,10,340.6370395,0.012712375,14,295.0908787,0.0006140999932,6,23
Apartment_env.dae,around_wall,RRT,No,7,42,340,0.002,0.15,0.05,1.065833008,Yes,26.64582519,1,Exact solution,405.0530516,No,0.000321839,0.02367395974,0.009638128479,0.887817,0.020972613,10,405.0530516,0.01615725726,17,327.0176908,0.0001084675914,4,67
Apartment_env.dae,around_wall,RRT,No,8,42,340,0.002,0.15,0.05,1.065833008,Yes,26.64582519,1,Exact solution,399.57075,No,0.000303959,0.02235873567,0.009102675234,0.887817,0.020972613,10,399.57075,0.01743743499,16,324.0761157,0.000100329598,4,33
Apartment_env.dae,around_wall,RRT,No,9,42,340,0.002,0.15,0.05,1.065833008,Yes,26.64582519,1,Exact solution,388.8595064,No,0.000110919,0.008159023426,0.003321696789,0.887817,0.020972613,10,388.8595064,0.01553120705,16,317.6227799,0.0001082008092,5,27
Apartment_env.dae,around_wall,RRT,No,10,42,340,0.002,0.15,0.05,1.065833008,Yes,26.64582519,1,Exact solution,572.7438622,No,0.001820605,0.1339207786,0.05452174814,0.887817,0.020972613,10,572.7438622,0.04143456394,23,321.9534251,0.000124658788,5,342
Apartment_env.dae,around_wall,RRT,No,1,42,340,0.002,0.15,0.2,1.065833008,Yes,106.5833008,1,Exact solution,497.2877052,No,0.002091584,0.1124317708,0.04233958052,1.10915,0.027550705,10,497.2877052,0.01132668844,12,314.6617233,0.0004714588743,5,206
Apartment_env.dae,around_wall,RRT,No,2,42,340,0.002,0.15,0.2,1.065833008,Yes,106.5833008,1,Exact solution,413.9068147,No,0.001381606,0.0742673539,0.02796761617,1.10915,0.027550705,10,413.9068147,0.003931625349,8,322.7558824,0.0001057816987,4,159
Apartment_env.dae,around_wall,RRT,No,3,42,340,0.002,0.15,0.2,1.065833008,Yes,106.5833008,1,Exact solution,362.6769146,No,0.000133719,0.00718798,0.00270685106,1.10915,0.027550705,10,362.6769146,0.0001933139839,5,327.1896859,0.000116036073,4,12
Apartment_env.dae,around_wall,RRT,No,4,42,340,0.002,0.15,0.2,1.065833008,Yes,106.5833008,1,Exact solution,504.4587279,No,0.001666246,0.08956799649,0.03372953546,1.10915,0.027550705,10,504.4587279,0.01044606199,10,321.767735,0.000126390312,5,184
Apartment_env.dae,around_wall,RRT,No,5,42,340,0.002,0.15,0.2,1.065833008,Yes,106.5833008,1,Exact solution,713.8851924,No,0.003049352,0.1639159819,0.06172751587,1.10915,0.027550705,10,713.8851924,0.01382796154,14,402.0120881,0.000268225543,5,373
Apartment_env.dae,around_wall,RRT,No,6,42,340,0.002,0.15,0.2,1.065833008,Yes,106.5833008,1,Exact solution,419.8717795,No,0.001785165,0.09596041188,0.03613679263,1.10915,0.027550705,10,419.8717795,0.01302022979,9,300.5086676,0.0004175366563,5,186
Apartment_env.dae,around_wall,RRT,No,7,42,340,0.002,0.15,0.2,1.065833008,Yes,106.5833008,1,Exact solution,634.4138499,No,0.0035783,0.1923492461,0.07243492061,1.10915,0.027550705,10,634.4138499,0.01571339199,11,371.7492228,0.001399168509,6,436
Apartment_env.dae,around_wall,RRT,No,8,42,340,0.002,0.15,0.2,1.065833008,Yes,106.5833008,1,Exact solution,527.6065553,No,0.002436714,0.130984015,0.04932598864,1.10915,0.027550705,10,527.6065553,0.01190019196,11,299.9508135,0.0005212823609,6,331
Apartment_env.dae,around_wall,RRT,No,9,42,340,0.002,0.15,0.2,1.065833008,Yes,106.5833008,1,Exact solution,469.3389708,No,0.003852689,0.2070988527,0.07798933065,1.10915,0.027550705,10,469.3389708,0.0192217992,11,327.6199833,0.0005977918177,7,309
Apartment_env.dae,around_wall,RRT,No,10,42,340,0.002,0.15,0.2,1.065833008,Yes,106.5833008,1,Exact solution,612.4118407,No,0.000658298,0.0353863913,0.01332581488,1.10915,0.027550705,10,612.4118407,0.005262587397,9,313.0116049,0.0004644986587,6,73
Apartment_env.dae,around_wall,RRT,No,1,42,340,0.002,0.15,0.5,1.065833008,Yes,266.4582519,1,Exact solution,629.0121285,No,0.000459519,0.02907362329,0.01224708399,0.969432,0.022355009,10,629.0121285,0.004589004982,9,431.770531,0.0009937092068,6,27
Apartment_env.dae,around_wall,RRT,No,2,42,340,0.002,0.15,0.5,1.065833008,Yes,266.4582519,1,Exact solution,681.9575616,No,0.002871013,0.1816480938,0.07651813605,0.969432,0.022355009,10,681.9575616,0.03538803461,13,393.4259185,0.001140086437,5,417
Apartment_env.dae,around_wall,RRT,No,3,42,340,0.002,0.15,0.5,1.065833008,Yes,266.4582519,1,Exact solution,1081.184762,No,0.001613746,0.1021012043,0.04300950082,0.969432,0.022355009,10,1081.184762,0.003894224421,12,374.9050477,0.0007415881166,7,166
Apartment_env.dae,around_wall,RRT,No,4,42,340,0.002,0.15,0.5,1.065833008,Yes,266.4582519,1,Exact solution,402.7460492,No,0.000418459,0.02647576994,0.01115275434,0.969432,0.022355009,10,402.7460492,0.003962846717,7,305.73985,0.0004658147473,5,37
Apartment_env.dae,around_wall,RRT,No,5,42,340,0.002,0.15,0.5,1.065833008,Yes,266.4582519,1,Exact solution,541.6940216,No,0.004063689,0.257108331,0.1083052943,0.969432,0.022355009,10,541.6940216,0.02308506466,14,331.8710074,0.001043299165,7,554
Apartment_env.dae,around_wall,RRT,No,6,42,340,0.002,0.15,0.5,1.065833008,Yes,266.4582519,1,Exact solution,431.4599208,No,0.00013336,0.008437645456,0.003554305962,0.969432,0.022355009,10,431.4599208,0.0007041799331,5,300.5827432,0.0005275794523,6,14
Apartment_env.dae,around_wall,RRT,No,7,42,340,0.002,0.15,0.5,1.065833008,Yes,266.4582519,1,Exact solution,727.7156829,No,0.001110047,0.07023232623,0.02958493304,0.969432,0.022355009,10,727.7156829,0.004389282239,9,349.2782638,0.001742154637,5,109
Apartment_env.dae,around_wall,RRT,No,8,42,340,0.002,0.15,0.5,1.065833008,Yes,266.4582519,1,Exact solution,733.2600678,No,0.000554318,0.03507152635,0.01477366356,0.969432,0.022355009,10,733.2600678,0.003588532296,9,419.9958452,0.001899737958,7,49
Apartment_env.dae,around_wall,RRT,No,9,42,340,0.002,0.15,0.5,1.065833008,Yes,266.4582519,1,Exact solution,723.8188721,No,0.003213271,0.2033026504,0.08563998406,0.969432,0.022355009,10,723.8188721,0.01528483547,14,321.8414515,0.0004634454612,5,360
Apartment_env.dae,around_wall,RRT,No,10,42,340,0.002,0.15,0.5,1.065833008,Yes,266.4582519,1,Exact solution,596.7399593,No,0.000884797,0.05598082923,0.02358157808,0.969432,0.022355009,10,596.7399593,0.005210657992,9,333.7460998,0.0120273478,7,93
Apartment_env.dae,around_wall,RRTConnect,No,1,42,340,0.002,-1,0.05,1.065833008,No,26.64582519,1,Exact solution,441.1211796,No,0.000642758,0.04215035825,0.01565169171,0.744133,0.018639539,10,441.1211796,0.01911532659,18,306.7837498,0.002833623538,7,77
Apartment_env.dae,around_wall,RRTConnect,No,2,42,340,0.002,-1,0.05,1.065833008,No,26.64582519,1,Exact solution,505.5897914,No,0.004550727,0.29842456,0.1108139861,0.744133,0.018639539,10,505.5897914,0.03659536325,21,310.9797563,0.0006699321644,7,414
Apartment_env.dae,around_wall,RRTConnect,No,3,42,340,0.002,-1,0.05,1.065833008,No,26.64582519,1,Exact solution,392.7774297,No,0.000207,0.01357450885,0.005040622106,0.744133,0.018639539,10,392.7774297,0.01091492456,16,321.1072613,0.0002318784847,5,27
Apartment_env.dae,around_wall,RRTConnect,No,4,42,340,0.002,-1,0.05,1.065833008,No,26.64582519,1,Exact solution,454.1616401,No,0.0001452,0.009521829394,0.003535740724,0.744133,0.018639539,10,454.1616401,0.04836627221,19,319.8365536,0.0001638794171,5,27
Apartment_env.dae,around_wall,RRTConnect,No,5,42,340,0.002,-1,0.05,1.065833008,No,26.64582519,1,Exact solution,425.6960516,No,0.00027938,0.01832099653,0.006803135286,0.744133,0.018639539,10,425.6960516,0.02703234262,17,321.7120789,0.0001005853398,4,46
Apartment_env.dae,around_wall,RRTConnect,No,6,42,340,0.002,-1,0.05,1.065833008,No,26.64582519,1,Exact solution,568.6796045,No,0.004139529,0.27145929,0.1008009729,0.744133,0.018639539,10,568.6796045,0.03686670627,23,315.476455,0.0008320168593,6,313
Apartment_env.dae,around_wall,RRTConnect,No,7,42,340,0.002,-1,0.05,1.065833008,No,26.64582519,1,Exact solution,548.4109054,No,0.000252379,0.01655034284,0.006145638486,0.744133,0.018639539,10,548.4109054,0.0361694515,22,321.1324392,0.0001007294392,4,37
Apartment_env.dae,around_wall,RRTConnect,No,8,42,340,0.002,-1,0.05,1.065833008,No,26.64582519,1,Exact solution,451.2434504,No,0.000560399,0.03674947431,0.01364618158,0.744133,0.018639539,10,451.2434504,0.03464835296,19,311.0344665,0.0004166859264,6,70
Apartment_env.dae,around_wall,RRTConnect,No,9,42,340,0.002,-1,0.05,1.065833008,No,26.64582519,1,Exact solution,362.5941857,No,0.000374329,0.02454749914,0.009115222379,0.744133,0.018639539,10,362.5941857,0.01399755262,15,318.5581336,0.0001423859605,5,31
Apartment_env.dae,around_wall,RRTConnect,No,10,42,340,0.002,-1,0.05,1.065833008,No,26.64582519,1,Exact solution,481.842464,No,0.00019571,0.01283414071,0.00476570122,0.744133,0.018639539,10,481.842464,0.03169425426,20,321.6070079,0.0001574472924,5,33
Apartment_env.dae,around_wall,RRTConnect,No,1,42,340,0.002,-1,0.2,1.065833008,No,106.5833008,1,Exact solution,347.8292577,No,8.9319e-05,0.006569973229,0.002352469717,0.450172,0.011514158,10,347.8292577,0.0002333293048,5,317.7310459,0.0001005470329,4,6
Apartment_env.dae,around_wall,RRTConnect,No,2,42,340,0.002,-1,0.2,1.065833008,No,106.5833008,1,Exact solution,546.613637,No,0.000506489,0.03725544588,0.0133398273,0.450172,0.011514158,10,546.613637,0.002230806911,8,301.4675698,0.000616227754,6,21
Apartment_env.dae,around_wall,RRTConnect,No,3,42,340,0.002,-1,0.2,1.065833008,No,106.5833008,1,Exact solution,923.4349425,No,0.003132941,0.2304474804,0.08251490532,0.450172,0.011514158,10,923.4349425,0.009088603516,13,502.5232337,0.01547440285,7,166
Apartment_env.dae,around_wall,RRTConnect,No,4,42,340,0.002,-1,0.2,1.065833008,No,106.5833008,1,Exact solution,360.6909508,No,0.000128339,0.009440139211,0.003380172315,0.450172,0.011514158,10,360.6909508,0.0004154021979,5,324.3303065,0.0002125738015,5,13
Apartment_env.dae,around_wall,RRTConnect,No,5,42,340,0.002,-1,0.2,1.065833008,No,106.5833008,1,Exact solution,580.181481,No,0.000770248,0.05665657631,0.02028667019,0.450172,0.011514158,10,580.181481,0.007660755303,10,325.2874661,0.0001021490025,4,44
Apartment_env.dae,around_wall,RRTConnect,No,6,42,340,0.002,-1,0.2,1.065833008,No,106.5833008,1,Exact solution,519.1315274,No,0.000599999,0.04413369347,0.01580267891,0.450172,0.011514158,10,519.1315274,0.005492370739,9,307.7719177,0.0001766949841,4,35
Apartment_env.dae,around_wall,RRTConnect,No,7,42,340,0.002,-1,0.2,1.065833008,No,106.5833008,1,Exact solution,410.3949913,No,0.000473609,0.03483691545,0.01247383905,0.450172,0.011514158,10,410.3949913,0.002149313188,7,330.987157,0.0002963149706,6,27
Apartment_env.dae,around_wall,RRTConnect,No,8,42,340,0.002,-1,0.2,1.065833008,No,106.5833008,1,Exact solution,555.0653502,No,0.000193469,0.01423085962,0.00509555597,0.450172,0.011514158,10,555.0653502,0.001481195577,7,322.7316351,0.0004054039988,5,12
Apartment_env.dae,around_wall,RRTConnect,No,9,42,340,0.002,-1,0.2,1.065833008,No,106.5833008,1,Exact solution,530.1691947,No,8.007e-05,0.00588965121,0.002108871016,0.450172,0.011514158,10,530.1691947,0.000966129838,6,308.8465656,0.0006104002167,7,7
Apartment_env.dae,around_wall,RRTConnect,No,10,42,340,0.002,-1,0.2,1.065833008,No,106.5833008,1,Exact solution,409.7933883,No,0.00014562,0.01071126526,0.003835316564,0.450172,0.011514158,10,409.7933883,0.0006730005425,6,348.5936587,0.006336877169,6,13
Apartment_env.dae,around_wall,RRTConnect,No,1,42,340,0.002,-1,0.5,1.065833008,No,266.4582519,1,Exact solution,620.0563888,No,0.001353716,0.1015962043,0.04119840741,0.504826,0.011957687,10,620.0563888,0.005110907437,10,303.3882646,0.000485311548,6,93
Apartment_env.dae,around_wall,RRTConnect,No,2,42,340,0.002,-1,0.5,1.065833008,No,266.4582519,1,Exact solution,886.068443,No,0.001178317,0.08843253283,0.03586039009,0.504826,0.011957687,10,886.068443,0.005622209795,10,310.960464,0.0004575644334,6,48
Apartment_env.dae,around_wall,RRTConnect,No,3,42,340,0.002,-1,0.5,1.065833008,No,266.4582519,1,Exact solution,403.5401228,No,0.000488199,0.03663926948,0.01485763727,0.504826,0.011957687,10,403.5401228,0.0002433649067,5,321.7913296,0.000116791159,5,19
Apartment_env.dae,around_wall,RRTConnect,No,4,42,340,0.002,-1,0.5,1.065833008,No,266.4582519,1,Exact solution,716.9733904,No,0.000938287,0.07041831352,0.02855542085,0.504826,0.011957687,10,716.9733904,0.006712831155,9,355.7256171,0.006742510328,6,49
Apartment_env.dae,around_wall,RRTConnect,No,5,42,340,0.002,-1,0.5,1.065833008,No,266.4582519,1,Exact solution,550.3079966,No,0.00025586,0.01920225869,0.007786732609,0.504826,0.011957687,10,550.3079966,0.002532861128,7,332.5106389,0.0002400886666,5,12
Apartment_env.dae,around_wall,RRTConnect,No,6,42,340,0.002,-1,0.5,1.065833008,No,266.4582519,1,Exact solution,614.3810873,No,0.000730828,0.05484854339,0.02224170335,0.504826,0.011957687,10,614.3810873,0.005252083037,9,325.7807497,0.004617191366,6,37
Apartment_env.dae,around_wall,RRTConnect,No,7,42,340,0.002,-1,0.5,1.065833008,No,266.4582519,1,Exact solution,518.6566173,No,0.000719618,0.0540072344,0.02190054306,0.504826,0.011957687,10,518.6566173,0.01401278605,9,356.6392493,0.0008190074447,6,35
Apartment_env.dae,around_wall,RRTConnect,No,8,42,340,0.002,-1,0.5,1.065833008,No,266.4582519,1,Exact solution,787.0466575,No,0.000714128,0.05359521063,0.02173346277,0.504826,0.011957687,10,787.0466575,0.006317093341,11,349.9408098,0.002123498005,5,35
Apartment_env.dae,around_wall,RRTConnect,No,9,42,340,0.002,-1,0.5,1.065833008,No,266.4582519,1,Exact solution,475.1621556,No,0.000163449,0.01226682553,0.004974336193,0.504826,0.011957687,10,475.1621556,0.0006517586438,5,306.5696616,0.0008662043653,7,8
Apartment_env.dae,around_wall,RRTConnect,No,10,42,340,0.002,-1,0.5,1.065833008,No,266.4582519,1,Exact solution,457.4633509,No,0.000184139,0.01381960726,0.005604006706,0.504826,0.011957687,10,457.4633509,0.003079183822,6,314.7534709,0.0001496837332,4,12
Apartment_env.dae,around_wall,LazyRRT,No,1,42,340,0.002,0.02,0.05,1.065833008,Yes,26.64582519,1,Exact solution,403.1462223,No,0.001470666,0.05653815016,0.0194147878,344.695461,9.017852486,10,403.1462223,0.03094450203,17,319.7330709,0.0001022811432,4,100
Apartment_env.dae,around_wall,LazyRRT,No,2,42,340,0.002,0.02,0.05,1.065833008,Yes,26.64582519,1,Exact solution,494.8306934,No,0.072017975,2.768652491,0.9507350425,344.695461,9.017852486,10,494.8306934,0.03727185592,22,303.0136063,0.0003678171815,6,3486
Apartment_env.dae,around_wall,LazyRRT,No,3,42,340,0.002,0.02,0.05,1.065833008,Yes,26.64582519,1,Exact solution,622.9160623,No,1.701489519,65.41190856,22.46197162,344.695461,9.017852486,10,622.9160623,0.0769810505,29,311.3002492,0.09609898712,6,10446
Apartment_env.dae,around_wall,LazyRRT,No,4,42,340,0.002,0.02,0.05,1.065833008,Yes,26.64582519,1,Exact solution,813.7654862,No,0.080860361,3.108588376,1.067466542,344.695461,9.017852486,10,813.7654862,0.06861853027,34,406.0579598,0.05603486287,7,2201
Apartment_env.dae,around_wall,LazyRRT,No,5,42,340,0.002,0.02,0.05,1.065833008,Yes,26.64582519,1,Exact solution,604.0892618,No,0.081589558,3.136621559,1.077092933,344.695461,9.017852486,10,604.0892618,0.08292024176,28,302.8937583,0.0003845003882,5,2427
Apartment_env.dae,around_wall,LazyRRT,No,6,42,340,0.002,0.02,0.05,1.065833008,Yes,26.64582519,1,Exact solution,536.8143275,No,0.036653281,1.409095406,0.4838730702,344.695461,9.017852486,10,536.8143275,0.05675904072,23,339.0648147,0.001113270204,6,1526
Apartment_env.dae,around_wall,LazyRRT,No,7,42,340,0.002,0.02,0.05,1.065833008,Yes,26.64582519,1,Exact solution,560.7149784,No,0.142925972,5.494633089,1.886816869,344.695461,9.017852486,10,560.7149784,0.08414020501,26,310.5028563,0.0006319413584,6,3022
Apartment_env.dae,around_wall,LazyRRT,No,8,42,340,0.002,0.02,0.05,1.065833008,Yes,26.64582519,1,Exact solution,549.1521577,No,0.120221714,4.621792656,1.587089839,344.695461,9.017852486,10,549.1521577,0.08609880782,26,342.2212118,0.0006736082199,8,3380
Apartment_env.dae,around_wall,LazyRRT,No,9,42,340,0.002,0.02,0.05,1.065833008,Yes,26.64582519,1,Exact solution,885.2228148,No,2.625348339,100.9286531,34.65816228,344.695461,9.017852486,10,885.2228148,0.1360944784,39,396.9013498,0.002525431347,7,12902
Apartment_env.dae,around_wall,LazyRRT,No,10,42,340,0.002,0.02,0.05,1.065833008,Yes,26.64582519,1,Exact solution,528.7663431,No,4.103614353,157.7589776,54.17328058,344.695461,9.017852486,10,528.7663431,0.2105729776,31,305.770731,0.001177097492,8,15363
Apartment_env.dae,around_wall,LazyRRT,No,1,42,340,0.002,0.02,0.2,1.065833008,Yes,106.5833008,1,Exact solution,383.9446294,No,0.015332908,0.6092521355,0.2183128596,62.773945,1.604920481,10,383.9446294,0.02889643288,10,309.0477019,0.0007787742199,5,1067
Apartment_env.dae,around_wall,LazyRRT,No,2,42,340,0.002,0.02,0.2,1.065833008,Yes,106.5833008,1,Exact solution,702.8111952,No,0.0444636,1.766758351,0.6330811914,62.773945,1.604920481,10,702.8111952,0.03479180388,15,412.4612616,0.001026734722,7,1862
Apartment_env.dae,around_wall,LazyRRT,No,3,42,340,0.002,0.02,0.2,1.065833008,Yes,106.5833008,1,Exact solution,939.0678513,No,0.034372407,1.365785431,0.4894008667,62.773945,1.604920481,10,939.0678513,0.05910588445,23,442.6287254,0.0005769111792,5,1358
Apartment_env.dae,around_wall,LazyRRT,No,4,42,340,0.002,0.02,0.2,1.065833008,Yes,106.5833008,1,Exact solution,563.7467396,No,0.009943642,0.3951099898,0.1415794656,62.773945,1.604920481,10,563.7467396,0.01875800293,14,350.0853604,0.0005486239816,6,1071
Apartment_env.dae,around_wall,LazyRRT,No,5,42,340,0.002,0.02,0.2,1.065833008,Yes,106.5833008,1,Exact solution,690.1075056,No,0.105282624,4.183398446,1.49903402,62.773945,1.604920481,10,690.1075056,0.04366149721,17,314.1251388,0.0002741190576,5,3156
Apartment_env.dae,around_wall,LazyRRT,No,6,42,340,0.002,0.02,0.2,1.065833008,Yes,106.5833008,1,Exact solution,639.1439285,No,0.075894224,3.01565222,1.080596392,62.773945,1.604920481,10,639.1439285,0.03544666618,20,314.3481918,0.0008095194897,7,1735
Apartment_env.dae,around_wall,LazyRRT,No,7,42,340,0.002,0.02,0.2,1.065833008,Yes,106.5833008,1,Exact solution,609.7204449,No,0.534780878,21.24948457,7.614311828,62.773945,1.604920481,10,609.7204449,0.2158854931,19,326.8259888,0.0002175368351,5,5325
Apartment_env.dae,around_wall,LazyRRT,No,8,42,340,0.002,0.02,0.2,1.065833008,Yes,106.5833008,1,Exact solution,846.1375619,No,0.210498518,8.36414538,2.997117925,62.773945,1.604920481,10,846.1375619,0.0495356377,24,307.1983574,0.000383494934,5,3670
Apartment_env.dae,around_wall,LazyRRT,No,9,42,340,0.002,0.02,0.2,1.065833008,Yes,106.5833008,1,Exact solution,635.1910941,No,0.546796134,21.72691001,7.785387328,62.773945,1.604920481,10,635.1910941,0.0439585796,18,361.4572764,0.001067755236,5,5368
Apartment_env.dae,around_wall,LazyRRT,No,10,42,340,0.002,0.02,0.2,1.065833008,Yes,106.5833008,1,Exact solution,422.3323195,No,0.002452463,0.09744846314,0.03491863452,62.773945,1.604920481,10,422.3323195,0.004554816019,8,320.2076883,9.761523628e-05,4,133
Apartment_env.dae,around_wall,LazyRRT,No,1,42,340,0.002,0.02,0.5,1.065833008,Yes,266.4582519,1,Exact solution,752.1243244,No,0.107465029,4.103963263,1.372911696,74.830923,1.984126651,10,752.1243244,0.1184117304,24,411.0777008,0.0002363739303,4,1973
Apartment_env.dae,around_wall,LazyRRT,No,2,42,340,0.002,0.02,0.5,1.065833008,Yes,266.4582519,1,Exact solution,535.4347189,No,0.004748807,0.1813513629,0.06066803995,74.830923,1.984126651,10,535.4347189,0.01538316495,14,327.0888413,0.0002763516578,6,329
Apartment_env.dae,around_wall,LazyRRT,No,3,42,340,0.002,0.02,0.5,1.065833008,Yes,266.4582519,1,Exact solution,678.4005136,No,0.120273073,4.593087424,1.536539935,74.830923,1.984126651,10,678.4005136,0.05413107339,22,374.2518689,0.0002003588108,4,2217
Apartment_env.dae,around_wall,LazyRRT,No,4,42,340,0.002,0.02,0.5,1.065833008,Yes,266.4582519,1,Exact solution,715.905963,No,0.008759527,0.33451605,0.1119067029,74.830923,1.984126651,10,715.905963,0.0160068585,17,436.3180857,0.00116646847,6,458
Apartment_env.dae,around_wall,LazyRRT,No,5,42,340,0.002,0.02,0.5,1.065833008,Yes,266.4582519,1,Exact solution,585.7765904,No,0.011657668,0.4451926516,0.1489316934,74.830923,1.984126651,10,585.7765904,0.03166179691,18,299.8513823,0.0006382273446,7,1477
Apartment_env.dae,around_wall,LazyRRT,No,6,42,340,0.002,0.02,0.5,1.065833008,Yes,266.4582519,1,Exact solution,549.3152499,No,0.006238343,0.2382349936,0.07969749926,74.830923,1.984126651,10,549.3152499,0.02590825395,16,309.6826348,0.001148654523,7,451
Apartment_env.dae,around_wall,LazyRRT,No,7,42,340,0.002,0.02,0.5,1.065833008,Yes,266.4582519,1,Exact solution,505.1544971,No,0.115126548,4.396547677,1.470790877,74.830923,1.984126651,10,505.1544971,0.08418757627,17,331.3455201,0.00168580635,6,2469
Apartment_env.dae,around_wall,LazyRRT,No,8,42,340,0.002,0.02,0.5,1.065833008,Yes,266.4582519,1,Exact solution,961.6805167,No,1.485974494,56.74762098,18.98395954,74.830923,1.984126651,10,961.6805167,0.1022915368,30,301.3773837,0.0004755825832,6,9132
Apartment_env.dae,around_wall,LazyRRT,No,9,42,340,0.002,0.02,0.5,1.065833008,Yes,266.4582519,1,Exact solution,571.7558178,No,0.037294448,1.424231175,0.4764525198,74.830923,1.984126651,10,571.7558178,0.04130973352,17,387.7356993,0.0005210407342,6,1489
Apartment_env.dae,around_wall,LazyRRT,No,10,42,340,0.002,0.02,0.5,1.065833008,Yes,266.4582519,1,Exact solution,503.4937056,No,0.061959942,2.366177427,0.7915647523,74.830923,1.984126651,10,503.4937056,0.02627975164,12,329.1193187,0.001196058659,6,1955
Apartment_env.dae,around_wall,LazyRRT,No,1,42,340,0.002,0.05,0.05,1.065833008,Yes,26.64582519,1,Exact solution,518.444285,No,0.004453758,0.1699988036,0.05706347985,119.752124,3.16977922,10,518.444285,0.03921369187,22,335.7876643,0.0001200692178,4,663
Apartment_env.dae,around_wall,LazyRRT,No,2,42,340,0.002,0.05,0.05,1.065833008,Yes,26.64582519,1,Exact solution,843.3543418,No,0.043751761,1.669993526,0.5605665445,119.752124,3.16977922,10,843.3543418,0.0989120781,37,370.8711961,0.0004026025127,5,1776
Apartment_env.dae,around_wall,LazyRRT,No,3,42,340,0.002,0.05,0.05,1.065833008,Yes,26.64582519,1,Exact solution,721.0868799,No,0.32017079,12.22083716,4.102167074,119.752124,3.16977922,10,721.0868799,0.1050418063,34,336.5343413,0.001487563171,5,5098
Apartment_env.dae,around_wall,LazyRRT,No,4,42,340,0.002,0.05,0.05,1.065833008,Yes,26.64582519,1,Exact solution,877.7586215,No,0.258376658,9.862170946,3.310433844,119.752124,3.16977922,10,877.7586215,0.1120170397,38,315.5380002,0.0001598214359,4,3963
Apartment_env.dae,around_wall,LazyRRT,No,5,42,340,0.002,0.05,0.05,1.065833008,Yes,26.64582519,1,Exact solution,597.566739,No,0.180723389,6.898165531,2.31550647,119.752124,3.16977922,10,597.566739,0.2273549782,28,373.2014205,0.000829485463,5,3608
Apartment_env.dae,around_wall,LazyRRT,No,6,42,340,0.002,0.05,0.05,1.065833008,Yes,26.64582519,1,Exact solution,594.155673,No,0.257822259,9.841009678,3.303330644,119.752124,3.16977922,10,594.155673,0.126780528,27,340.0202463,0.0001743694243,4,4281
Apartment_env.dae,around_wall,LazyRRT,No,7,42,340,0.002,0.05,0.05,1.065833008,Yes,26.64582519,1,Exact solution,518.0655448,No,0.181572707,6.930583782,2.326388301,119.752124,3.16977922,10,518.0655448,0.05518413049,24,307.5421505,0.0004007951249,5,3035
Apartment_env.dae,around_wall,LazyRRT,No,8,42,340,0.002,0.05,0.05,1.065833008,Yes,26.64582519,1,Exact solution,567.1397051,No,0.142348753,5.433415491,1.823833984,119.752124,3.16977922,10,567.1397051,0.05003231375,25,300.3498146,0.001160865646,6,3013
Apartment_env.dae,around_wall,LazyRRT,No,9,42,340,0.002,0.05,0.05,1.065833008,Yes,26.64582519,1,Exact solution,809.8119318,No,1.716477158,65.51749407,21.99225008,119.752124,3.16977922,10,809.8119318,0.1563263717,38,310.0862822,0.0003510501103,5,7934
Apartment_env.dae,around_wall,LazyRRT,No,10,42,340,0.002,0.05,0.05,1.065833008,Yes,26.64582519,1,Exact solution,652.4270515,No,0.031660024,1.208455018,0.4056419638,119.752124,3.16977922,10,652.4270515,0.05760479355,28,320.9070506,0.0003014069425,5,1437
Apartment_env.dae,around_wall,LazyRRT,No,1,42,340,0.002,0.05,0.2,1.065833008,Yes,106.5833008,1,Exact solution,440.55947,No,0.002462264,0.1010810971,0.03860485901,105.052306,2.587094943,10,440.55947,0.007557104887,9,327.9122184,0.001536809616,6,526
Apartment_env.dae,around_wall,LazyRRT,No,2,42,340,0.002,0.05,0.2,1.065833008,Yes,106.5833008,1,Exact solution,361.9399463,No,0.000883668,0.03627642322,0.0138546795,105.052306,2.587094943,10,361.9399463,0.0009234640948,6,304.3570958,0.0004339728236,5,203
Apartment_env.dae,around_wall,LazyRRT,No,3,42,340,0.002,0.05,0.2,1.065833008,Yes,106.5833008,1,Exact solution,574.978737,No,1.410742528,57.91393713,22.11847162,105.052306,2.587094943,10,574.978737,0.1223029501,19,307.9391577,0.00193363622,6,7902
Apartment_env.dae,around_wall,LazyRRT,No,4,42,340,0.002,0.05,0.2,1.065833008,Yes,106.5833008,1,Exact solution,718.7095622,No,0.004831136,0.1983282569,0.07574546196,105.052306,2.587094943,10,718.7095622,0.02139802682,16,344.4811658,0.004897400983,6,694
Apartment_env.dae,around_wall,LazyRRT,No,5,42,340,0.002,0.05,0.2,1.065833008,Yes,106.5833008,1,Exact solution,596.4965635,No,0.207005767,8.498020537,3.245561179,105.052306,2.587094943,10,596.4965635,0.05969186788,20,324.0259968,0.0004484910769,5,4347
Apartment_env.dae,around_wall,LazyRRT,No,6,42,340,0.002,0.05,0.2,1.065833008,Yes,106.5833008,1,Exact solution,699.7670381,No,0.002249214,0.09233494816,0.03526453271,105.052306,2.587094943,10,699.7670381,0.008527429967,13,328.8947579,0.0004870894424,6,81
Apartment_env.dae,around_wall,LazyRRT,No,7,42,340,0.002,0.05,0.2,1.065833008,Yes,106.5833008,1,Exact solution,557.192169,No,0.295225558,12.11962783,4.628724232,105.052306,2.587094943,10,557.192169,0.03419492729,14,360.0872571,0.0009817304897,7,4410
Apartment_env.dae,around_wall,LazyRRT,No,8,42,340,0.002,0.05,0.2,1.065833008,Yes,106.5833008,1,Exact solution,724.6177189,No,0.103812248,4.26171033,1.627630992,105.052306,2.587094943,10,724.6177189,0.04886640815,18,421.2160355,0.006546010543,9,2749
Apartment_env.dae,around_wall,LazyRRT,No,9,42,340,0.002,0.05,0.2,1.065833008,Yes,106.5833008,1,Exact solution,606.161344,No,0.003197881,0.1312797165,0.0501383057,105.052306,2.587094943,10,606.161344,0.02470254331,13,299.3768918,0.0003378020307,5,487
Apartment_env.dae,around_wall,LazyRRT,No,10,42,340,0.002,0.05,0.2,1.065833008,Yes,106.5833008,1,Exact solution,376.3682755,No,0.528589574,21.69970973,8.287545925,105.052306,2.587094943,10,376.3682755,0.06253408646,13,318.7594436,0.0001217547938,5,5790
Apartment_env.dae,around_wall,LazyRRT,No,1,42,340,0.002,0.05,0.5,1.065833008,Yes,266.4582519,1,Exact solution,553.8604704,No,0.015102399,0.6117349123,0.2294052408,136.172264,3.39098015,10,553.8604704,0.005386037086,11,380.2002971,0.001460053563,5,654
Apartment_env.dae,around_wall,LazyRRT,No,2,42,340,0.002,0.05,0.5,1.065833008,Yes,266.4582519,1,Exact solution,519.4737183,No,0.000370339,0.01500088136,0.005625444506,136.172264,3.39098015,10,519.4737183,0.001724050508,7,334.7150195,0.0001411579115,4,47
Apartment_env.dae,around_wall,LazyRRT,No,3,42,340,0.002,0.05,0.5,1.065833008,Yes,266.4582519,1,Exact solution,538.2803332,No,1.994013114,80.76911737,30.2890328,136.172264,3.39098015,10,538.2803332,0.1298977753,17,394.509837,0.01808080563,7,11012
Apartment_env.dae,around_wall,LazyRRT,No,4,42,340,0.002,0.05,0.5,1.065833008,Yes,266.4582519,1,Exact solution,488.7207681,No,0.001279837,0.05184083502,0.01944070708,136.172264,3.39098015,10,488.7207681,0.007006203661,10,325.8767662,0.0001133412163,4,267
Apartment_env.dae,around_wall,LazyRRT,No,5,42,340,0.002,0.05,0.5,1.065833008,Yes,266.4582519,1,Exact solution,799.8775593,No,0.175378593,7.103852057,2.663998505,136.172264,3.39098015,10,799.8775593,0.06299531315,17,393.3851826,0.003129524949,7,3507
Apartment_env.dae,around_wall,LazyRRT,No,6,42,340,0.002,0.05,0.5,1.065833008,Yes,266.4582519,1,Exact solution,411.6227221,No,0.026792438,1.085249417,0.4069767785,136.172264,3.39098015,10,411.6227221,0.02446968264,13,297.1456116,0.001574401345,8,1915
Apartment_env.dae,around_wall,LazyRRT,No,7,42,340,0.002,0.05,0.5,1.065833008,Yes,266.4582519,1,Exact solution,425.1640363,No,0.000530188,0.02147569467,0.0080535487,136.172264,3.39098015,10,425.1640363,0.003320879569,8,349.7949229,0.0001284511111,4,150
Apartment_env.dae,around_wall,LazyRRT,No,8,42,340,0.002,0.05,0.5,1.065833008,Yes,266.4582519,1,Exact solution,625.6430596,No,0.660355206,26.74822285,10.03078684,136.172264,3.39098015,10,625.6430596,0.1972132656,20,307.9320537,0.001682000354,7,6935
Apartment_env.dae,around_wall,LazyRRT,No,9,42,340,0.002,0.05,0.5,1.065833008,Yes,266.4582519,1,Exact solution,536.5520352,No,0.022511808,0.9118590293,0.3419540654,136.172264,3.39098015,10,536.5520352,0.03731992895,15,340.4915941,0.001858401854,7,1749
Apartment_env.dae,around_wall,LazyRRT,No,10,42,340,0.002,0.05,0.5,1.065833008,Yes,266.4582519,1,Exact solution,700.0057741,No,0.465461886,18.85391096,7.070359885,136.172264,3.39098015,10,700.0057741,0.05939342636,17,412.3987473,0.002690218295,7,5072
Apartment_env.dae,around_wall,LazyRRT,No,1,42,340,0.002,0.15,0.05,1.065833008,Yes,26.64582519,1,Exact solution,593.9964061,No,0.606265813,25.95168917,10.48995054,51.2636,1.216924545,10,593.9964061,0.06904191552,27,314.5839858,0.0004949886098,5,5743
Apartment_env.dae,around_wall,LazyRRT,No,2,42,340,0.002,0.15,0.05,1.065833008,Yes,26.64582519,1,Exact solution,483.8616,No,0.000654458,0.02801459397,0.01132379874,51.2636,1.216924545,10,483.8616,0.03036252865,20,337.2154181,0.0004240929084,6,126
Apartment_env.dae,around_wall,LazyRRT,No,3,42,340,0.002,0.15,0.05,1.065833008,Yes,26.64582519,1,Exact solution,472.9330183,No,0.001298086,0.05556560121,0.02246021075,51.2636,1.216924545,10,472.9330183,0.02073749894,19,326.9919967,0.0001040615717,4,118
Apartment_env.dae,around_wall,LazyRRT,No,4,42,340,0.002,0.15,0.05,1.065833008,Yes,26.64582519,1,Exact solution,508.8563347,No,0.120299673,5.149522955,2.081492296,51.2636,1.216924545,10,508.8563347,0.0847598859,24,316.7601039,0.001389520925,6,2595
Apartment_env.dae,around_wall,LazyRRT,No,5,42,340,0.002,0.15,0.05,1.065833008,Yes,26.64582519,1,Exact solution,509.2525957,No,0.052022869,2.226880185,0.9001288062,51.2636,1.216924545,10,509.2525957,0.05845303622,24,295.7565364,0.0004362518251,6,2031
Apartment_env.dae,around_wall,LazyRRT,No,6,42,340,0.002,0.15,0.05,1.065833008,Yes,26.64582519,1,Exact solution,462.4216269,No,0.000836178,0.03579326276,0.01446801992,51.2636,1.216924545,10,462.4216269,0.03410564407,19,321.7551682,0.0002188665343,5,98
Apartment_env.dae,around_wall,LazyRRT,No,7,42,340,0.002,0.15,0.05,1.065833008,Yes,26.64582519,1,Exact solution,810.3609245,No,0.318698894,13.64215903,5.514306699,51.2636,1.216924545,10,810.3609245,0.1013605425,35,407.3564103,0.008413602418,10,4798
Apartment_env.dae,around_wall,LazyRRT,No,8,42,340,0.002,0.15,0.05,1.065833008,Yes,26.64582519,1,Exact solution,470.5350165,No,0.000939858,0.04023136743,0.01626194933,51.2636,1.216924545,10,470.5350165,0.03470371289,19,324.2074982,0.0001016068831,4,73
Apartment_env.dae,around_wall,LazyRRT,No,9,42,340,0.002,0.15,0.05,1.065833008,Yes,26.64582519,1,Exact solution,409.7079039,No,0.000289089,0.01237468402,0.005001979734,51.2636,1.216924545,10,409.7079039,0.0255499517,17,326.8030228,0.0002699569695,5,66
Apartment_env.dae,around_wall,LazyRRT,No,10,42,340,0.002,0.15,0.05,1.065833008,Yes,26.64582519,1,Exact solution,700.016451,No,0.096280639,4.121369147,1.665901522,51.2636,1.216924545,10,700.016451,0.06894700775,29,359.7661765,0.007229103825,6,3004
Apartment_env.dae,around_wall,LazyRRT,No,1,42,340,0.002,0.15,0.2,1.065833008,Yes,106.5833008,1,Exact solution,1101.08991,No,0.275388502,11.26933103,4.306490756,157.136664,3.868367073,10,1101.08991,0.070327681,31,428.449705,0.00054656841,6,5149
Apartment_env.dae,around_wall,LazyRRT,No,2,42,340,0.002,0.15,0.2,1.065833008,Yes,106.5833008,1,Exact solution,578.0142982,No,0.006888541,0.281889942,0.1077221377,157.136664,3.868367073,10,578.0142982,0.02918877554,15,355.6528639,0.001110743901,6,527
Apartment_env.dae,around_wall,LazyRRT,No,3,42,340,0.002,0.15,0.2,1.065833008,Yes,106.5833008,1,Exact solution,373.2548444,No,0.002329064,0.09530896541,0.03642160989,157.136664,3.868367073,10,373.2548444,0.004276692129,9,296.6036683,0.0005232003101,6,394
Apartment_env.dae,around_wall,LazyRRT,No,4,42,340,0.002,0.15,0.2,1.065833008,Yes,106.5833008,1,Exact solution,434.1494951,No,0.000669998,0.0274173729,0.01047734445,157.136664,3.868367073,10,434.1494951,0.00115600946,6,326.7042767,0.0001078950963,4,48
Apartment_env.dae,around_wall,LazyRRT,No,5,42,340,0.002,0.15,0.2,1.065833008,Yes,106.5833008,1,Exact solution,529.0625575,No,0.020140606,0.8241853039,0.3149562634,157.136664,3.868367073,10,529.0625575,0.01125027178,14,327.6499689,0.0001155998272,4,1237
Apartment_env.dae,around_wall,LazyRRT,No,6,42,340,0.002,0.15,0.2,1.065833008,Yes,106.5833008,1,Exact solution,526.0613844,No,0.0001674,0.006850271529,0.002617780145,157.136664,3.868367073,10,526.0613844,0.002440026726,8,307.3766358,0.003638267527,7,37
Apartment_env.dae,around_wall,LazyRRT,No,7,42,340,0.002,0.15,0.2,1.065833008,Yes,106.5833008,1,Exact solution,536.0073357,No,0.405574528,16.59674816,6.342323456,157.136664,3.868367073,10,536.0073357,0.04461035038,18,334.5529229,0.0002821821845,6,5798
Apartment_env.dae,around_wall,LazyRRT,No,8,42,340,0.002,0.15,0.2,1.065833008,Yes,106.5833008,1,Exact solution,1045.314436,No,0.181093848,7.410645347,2.831922817,157.136664,3.868367073,10,1045.314436,0.07776064125,28,338.5405646,0.0009912251516,7,3754
Apartment_env.dae,around_wall,LazyRRT,No,9,42,340,0.002,0.15,0.2,1.065833008,Yes,106.5833008,1,Exact solution,607.7704169,No,2.947636824,120.6219392,46.0947739,157.136664,3.868367073,10,607.7704169,0.1459214727,22,386.6322651,0.001363584291,5,10218
Apartment_env.dae,around_wall,LazyRRT,No,10,42,340,0.002,0.15,0.2,1.065833008,Yes,106.5833008,1,Exact solution,483.4123758,No,5.7389e-05,0.002348448225,0.0008974419637,157.136664,3.868367073,10,483.4123758,0.002690898469,7,324.0512441,0.000179712891,6,11
Apartment_env.dae,around_wall,LazyRRT,No,1,42,340,0.002,0.15,0.5,1.065833008,Yes,266.4582519,1,Exact solution,609.5369832,No,0.000445098,0.01868529672,0.007327205684,50.796613,1.230274308,10,609.5369832,0.00332397976,10,335.0648264,0.0001107708468,4,41
Apartment_env.dae,around_wall,LazyRRT,No,2,42,340,0.002,0.15,0.5,1.065833008,Yes,266.4582519,1,Exact solution,478.6445704,No,0.00013861,0.005818873549,0.00228179857,50.796613,1.230274308,10,478.6445704,0.0005744146341,5,327.4257323,0.0001076679437,4,33
Apartment_env.dae,around_wall,LazyRRT,No,3,42,340,0.002,0.15,0.5,1.065833008,Yes,266.4582519,1,Exact solution,590.4571813,No,0.382176662,16.04384727,6.291394277,50.796613,1.230274308,10,590.4571813,0.09572121138,19,402.6671963,0.0006675373166,7,4985
Apartment_env.dae,around_wall,LazyRRT,No,4,42,340,0.002,0.15,0.5,1.065833008,Yes,266.4582519,1,Exact solution,465.1999052,No,0.424395487,17.81620138,6.986400803,50.796613,1.230274308,10,465.1999052,0.01909538182,9,377.8694651,0.001264434973,6,4575
Apartment_env.dae,around_wall,LazyRRT,No,5,42,340,0.002,0.15,0.5,1.065833008,Yes,266.4582519,1,Exact solution,700.6226213,No,0.005150186,0.216205765,0.08478238979,50.796613,1.230274308,10,700.6226213,0.02913072379,16,365.3247517,0.1596894862,6,694
Apartment_env.dae,around_wall,LazyRRT,No,6,42,340,0.002,0.15,0.5,1.065833008,Yes,266.4582519,1,Exact solution,628.4129315,No,0.017762082,0.7456555019,0.29239949,50.796613,1.230274308,10,628.4129315,0.09008475696,14,307.9679003,0.001106115677,6,714
Apartment_env.dae,around_wall,LazyRRT,No,7,42,340,0.002,0.15,0.5,1.065833008,Yes,266.4582519,1,Exact solution,522.1307218,No,0.299451106,12.57101306,4.929565727,50.796613,1.230274308,10,522.1307218,0.05204068763,13,333.4988678,0.001769225237,6,4282
Apartment_env.dae,around_wall,LazyRRT,No,8,42,340,0.002,0.15,0.5,1.065833008,Yes,266.4582519,1,Exact solution,446.9427952,No,0.077485009,3.252835072,1.275558637,50.796613,1.230274308,10,446.9427952,0.02930152384,13,312.6645491,0.0003804860216,5,2419
Apartment_env.dae,around_wall,LazyRRT,No,9,42,340,0.002,0.15,0.5,1.065833008,Yes,266.4582519,1,Exact solution,433.8086692,No,0.001185407,0.04976360607,0.01951417645,50.796613,1.230274308,10,433.8086692,0.002223624511,7,318.0954722,0.0009369849236,5,230
Apartment_env.dae,around_wall,LazyRRT,No,10,42,340,0.002,0.15,0.5,1.065833008,Yes,266.4582519,1,Exact solution,450.4362265,No,0.001824365,0.0765871816,0.0300327065,50.796613,1.230274308,10,450.4362265,0.01072142952,11,308.3865283,0.002581857956,6,265
Apartment_env.dae,around_wall,pRRT,No,1,42,340,0.002,0.02,0.05,1.065833008,Yes,26.64582519,1,Exact solution,496.9042413,No,0.001235036,0.07289853011,0.02932913875,1.215574,0.028947161,10,496.9042413,0.03224778739,20,317.6065176,9.676743234e-05,4,146
Apartment_env.dae,around_wall,pRRT,No,2,42,340,0.002,0.02,0.05,1.065833008,Yes,26.64582519,1,Exact solution,537.5309199,No,0.002693393,0.1589786781,0.06396161488,1.215574,0.028947161,10,537.5309199,0.02930708852,22,298.2121808,0.0006455723424,6,344
Apartment_env.dae,around_wall,pRRT,No,3,42,340,0.002,0.02,0.05,1.065833008,Yes,26.64582519,1,Exact solution,608.5220985,No,0.00374153,0.2208454145,0.08885235127,1.215574,0.028947161,10,608.5220985,0.05026149391,25,318.6301719,9.915256198e-05,4,417
Apartment_env.dae,around_wall,pRRT,No,4,42,340,0.002,0.02,0.05,1.065833008,Yes,26.64582519,1,Exact solution,557.5169312,No,0.000351339,0.02073793531,0.00834345742,1.215574,0.028947161,10,557.5169312,0.03408029611,22,329.5401545,0.0007989757214,6,31
Apartment_env.dae,around_wall,pRRT,No,5,42,340,0.002,0.02,0.05,1.065833008,Yes,26.64582519,1,Exact solution,468.1878868,No,0.000729908,0.04308313305,0.01733356194,1.215574,0.028947161,10,468.1878868,0.0306411313,19,322.1074359,0.0001114486788,4,67
Apartment_env.dae,around_wall,pRRT,No,6,42,340,0.002,0.02,0.05,1.065833008,Yes,26.64582519,1,Exact solution,552.6396359,No,0.004766147,0.2813238728,0.1131845441,1.215574,0.028947161,10,552.6396359,0.03449443317,23,321.3704943,0.0001052601632,4,568
Apartment_env.dae,around_wall,pRRT,No,7,42,340,0.002,0.02,0.05,1.065833008,Yes,26.64582519,1,Exact solution,373.7752974,No,0.000467789,0.02761144655,0.01110886524,1.215574,0.028947161,10,373.7752974,0.0090926641,16,326.8770076,0.0001093154441,4,34
Apartment_env.dae,around_wall,pRRT,No,8,42,340,0.002,0.02,0.05,1.065833008,Yes,26.64582519,1,Exact solution,452.4640222,No,0.000513958,0.0303365916,0.0122052681,1.215574,0.028947161,10,452.4640222,0.01929326511,18,296.2291564,0.001727982636,7,79
Apartment_env.dae,around_wall,pRRT,No,9,42,340,0.002,0.02,0.05,1.065833008,Yes,26.64582519,1,Exact solution,500.917101,No,0.002825822,0.1667953567,0.06710648557,1.215574,0.028947161,10,500.917101,0.04765457889,21,323.6027633,0.0002399907501,5,403
Apartment_env.dae,around_wall,pRRT,No,10,42,340,0.002,0.02,0.05,1.065833008,Yes,26.64582519,1,Exact solution,491.4016682,No,0.003269151,0.1929630412,0.07763448456,1.215574,0.028947161,10,491.4016682,0.031343995,20,309.086955,0.000809778815,6,594
Apartment_env.dae,around_wall,pRRT,No,1,42,340,0.002,0.02,0.2,1.065833008,Yes,106.5833008,1,Exact solution,813.0101499,No,0.002715753,0.1685469931,0.07281944285,1.402912,0.031747404,10,813.0101499,0.01710417269,16,306.3955803,0.0004808962213,6,348
Apartment_env.dae,around_wall,pRRT,No,2,42,340,0.002,0.02,0.2,1.065833008,Yes,106.5833008,1,Exact solution,735.7113171,No,0.002459713,0.1526564566,0.06595405776,1.402912,0.031747404,10,735.7113171,0.009449920437,14,498.2143901,0.001352010075,7,305
Apartment_env.dae,around_wall,pRRT,No,3,42,340,0.002,0.02,0.2,1.065833008,Yes,106.5833008,1,Exact solution,522.4610627,No,0.005738024,0.3561173241,0.1538577738,1.402912,0.031747404,10,522.4610627,0.01603395879,13,304.0411689,0.0006628709843,6,766
Apartment_env.dae,around_wall,pRRT,No,4,42,340,0.002,0.02,0.2,1.065833008,Yes,106.5833008,1,Exact solution,728.7741862,No,0.002549333,0.1582185167,0.06835710342,1.402912,0.031747404,10,728.7741862,0.01253755304,14,410.2703243,0.0002753972149,5,393
Apartment_env.dae,around_wall,pRRT,No,5,42,340,0.002,0.02,0.2,1.065833008,Yes,106.5833008,1,Exact solution,418.5348973,No,0.000655588,0.04068756845,0.01757875363,1.402912,0.031747404,10,418.5348973,0.001857955607,9,303.0124021,0.0008637130615,6,66
Apartment_env.dae,around_wall,pRRT,No,6,42,340,0.002,0.02,0.2,1.065833008,Yes,106.5833008,1,Exact solution,542.4081341,No,0.003093792,0.1920091182,0.08295607507,1.402912,0.031747404,10,542.4081341,0.006115673707,11,326.7684477,0.0003130787807,5,482
Apartment_env.dae,around_wall,pRRT,No,7,42,340,0.002,0.02,0.2,1.065833008,Yes,106.5833008,1,Exact solution,666.2074351,No,0.002323314,0.1441911649,0.06229669305,1.402912,0.031747404,10,666.2074351,0.005971755926,12,300.116987,0.0002693831676,5,320
Apartment_env.dae,around_wall,pRRT,No,8,42,340,0.002,0.02,0.2,1.065833008,Yes,106.5833008,1,Exact solution,411.0039709,No,0.000451799,0.02803987068,0.01211441227,1.402912,0.031747404,10,411.0039709,0.00789179353,7,319.5520056,0.0003360551225,5,36
Apartment_env.dae,around_wall,pRRT,No,9,42,340,0.002,0.02,0.2,1.065833008,Yes,106.5833008,1,Exact solution,476.3795797,No,0.000669268,0.04153658633,0.01794556533,1.402912,0.031747404,10,476.3795797,0.004710816903,9,297.252386,0.0009047561616,7,71
Apartment_env.dae,around_wall,pRRT,No,10,42,340,0.002,0.02,0.2,1.065833008,Yes,106.5833008,1,Exact solution,732.9143247,No,0.001948165,0.120908401,0.05223755249,1.402912,0.031747404,10,732.9143247,0.02264704106,15,322.811969,0.0002261731527,5,208
Apartment_env.dae,around_wall,pRRT,No,1,42,340,0.002,0.02,0.5,1.065833008,Yes,266.4582519,1,Exact solution,865.3659669,No,0.001535865,0.1101879055,0.04914229756,1.140123,0.025167151,10,865.3659669,0.007670996885,15,309.1769436,0.003548009536,7,144
Apartment_env.dae,around_wall,pRRT,No,2,42,340,0.002,0.02,0.5,1.065833008,Yes,266.4582519,1,Exact solution,437.4433468,No,0.000649689,0.04661078295,0.02078777117,1.140123,0.025167151,10,437.4433468,0.001289479626,6,316.1544013,0.0002940464917,5,48
Apartment_env.dae,around_wall,pRRT,No,3,42,340,0.002,0.02,0.5,1.065833008,Yes,266.4582519,1,Exact solution,708.089117,No,0.002168794,0.155596272,0.06939380746,1.140123,0.025167151,10,708.089117,0.01103739999,12,310.0933338,0.0008896022426,6,297
Apartment_env.dae,around_wall,pRRT,No,4,42,340,0.002,0.02,0.5,1.065833008,Yes,266.4582519,1,Exact solution,680.9855123,No,0.002442224,0.1752130216,0.07814260923,1.140123,0.025167151,10,680.9855123,0.01158024914,11,322.7056059,9.914344387e-05,4,311
Apartment_env.dae,around_wall,pRRT,No,5,42,340,0.002,0.02,0.5,1.065833008,Yes,266.4582519,1,Exact solution,670.921427,No,0.001743125,0.125057406,0.05577389122,1.140123,0.025167151,10,670.921427,0.004702200213,11,420.6301114,0.0006378950086,6,202
Apartment_env.dae,around_wall,pRRT,No,6,42,340,0.002,0.02,0.5,1.065833008,Yes,266.4582519,1,Exact solution,739.2684764,No,0.000533458,0.03827199637,0.0170687865,1.140123,0.025167151,10,739.2684764,0.002910368612,9,305.0427811,0.0005658825532,5,57
Apartment_env.dae,around_wall,pRRT,No,7,42,340,0.002,0.02,0.5,1.065833008,Yes,266.4582519,1,Exact solution,816.6336024,No,0.001525556,0.1094483046,0.04881244569,1.140123,0.025167151,10,816.6336024,0.00599352556,10,379.7805277,0.004475739359,7,174
Apartment_env.dae,around_wall,pRRT,No,8,42,340,0.002,0.02,0.5,1.065833008,Yes,266.4582519,1,Exact solution,478.0258974,No,0.003318401,0.2380727837,0.1061772027,1.140123,0.025167151,10,478.0258974,0.004213738824,9,300.1153528,0.0003536346501,6,433
Apartment_env.dae,around_wall,pRRT,No,9,42,340,0.002,0.02,0.5,1.065833008,Yes,266.4582519,1,Exact solution,767.4256244,No,0.001286507,0.09229815887,0.04116371544,1.140123,0.025167151,10,767.4256244,0.008438003443,12,411.2248945,0.0008042623022,6,198
Apartment_env.dae,around_wall,pRRT,No,10,42,340,0.002,0.02,0.5,1.065833008,Yes,266.4582519,1,Exact solution,557.9822253,No,0.000688098,0.04936636841,0.02201672456,1.140123,0.025167151,10,557.9822253,0.002176928114,8,334.5021983,0.000917547118,6,73
Apartment_env.dae,around_wall,pRRT,No,1,42,340,0.002,0.05,0.05,1.065833008,Yes,26.64582519,1,Exact solution,418.9123653,No,0.000179089,0.0115699407,0.004728129357,2.06453,0.048643298,10,418.9123653,0.01467540654,17,320.4026703,9.900953996e-05,4,36
Apartment_env.dae,around_wall,pRRT,No,2,42,340,0.002,0.05,0.05,1.065833008,Yes,26.64582519,1,Exact solution,647.0292713,No,0.002692373,0.1739391919,0.07108134961,2.06453,0.048643298,10,647.0292713,0.04850630537,26,331.0665696,0.0001286779028,5,445
Apartment_env.dae,around_wall,pRRT,No,3,42,340,0.002,0.05,0.05,1.065833008,Yes,26.64582519,1,Exact solution,438.2643304,No,0.012676426,0.8189531298,0.3346703701,2.06453,0.048643298,10,438.2643304,0.03978293721,20,320.6704235,9.812634416e-05,4,1625
Apartment_env.dae,around_wall,pRRT,No,4,42,340,0.002,0.05,0.05,1.065833008,Yes,26.64582519,1,Exact solution,616.3251913,No,0.003201661,0.206841447,0.084527064,2.06453,0.048643298,10,616.3251913,0.08219150535,27,297.8880779,0.0009053077666,7,618
Apartment_env.dae,around_wall,pRRT,No,5,42,340,0.002,0.05,0.05,1.065833008,Yes,26.64582519,1,Exact solution,471.4578478,No,0.000619529,0.04002431076,0.01635618744,2.06453,0.048643298,10,471.4578478,0.02518310258,19,317.5675321,0.001313609573,6,111
Apartment_env.dae,around_wall,pRRT,No,6,42,340,0.002,0.05,0.05,1.065833008,Yes,26.64582519,1,Exact solution,661.8267344,No,0.009248935,0.597522067,0.2441811674,2.06453,0.048643298,10,661.8267344,0.2109241597,31,297.3971476,0.0004023177216,6,1256
Apartment_env.dae,around_wall,pRRT,No,7,42,340,0.002,0.05,0.05,1.065833008,Yes,26.64582519,1,Exact solution,579.5603622,No,0.002636093,0.1703032553,0.06959550112,2.06453,0.048643298,10,579.5603622,0.02810120029,24,296.169446,0.0005121923015,6,433
Apartment_env.dae,around_wall,pRRT,No,8,42,340,0.002,0.05,0.05,1.065833008,Yes,26.64582519,1,Exact solution,496.1951104,No,0.000221539,0.01431239826,0.005848851965,2.06453,0.048643298,10,496.1951104,0.03150363677,20,327.909904,0.000101417743,4,31
Apartment_env.dae,around_wall,pRRT,No,9,42,340,0.002,0.05,0.05,1.065833008,Yes,26.64582519,1,Exact solution,393.4831885,No,0.000252799,0.01633193238,0.006674147341,2.06453,0.048643298,10,393.4831885,0.01851247929,16,321.672551,0.0001028608272,4,25
Apartment_env.dae,around_wall,pRRT,No,10,42,340,0.002,0.05,0.05,1.065833008,Yes,26.64582519,1,Exact solution,440.6957664,No,0.000228039,0.01473232698,0.006020458489,2.06453,0.048643298,10,440.6957664,0.02919635466,18,324.7694464,0.0001093806513,4,30
Apartment_env.dae,around_wall,pRRT,No,1,42,340,0.002,0.05,0.2,1.065833008,Yes,106.5833008,1,Exact solution,484.1045873,No,0.001053497,0.08289016279,0.03610128292,1.165177,0.026205558,10,484.1045873,0.00396514036,8,402.742587,0.00454497007,7,80
Apartment_env.dae,around_wall,pRRT,No,2,42,340,0.002,0.05,0.2,1.065833008,Yes,106.5833008,1,Exact solution,693.8141569,No,0.001288466,0.1013777509,0.04415321125,1.165177,0.026205558,10,693.8141569,0.00825593663,12,412.9909164,0.0005714770323,5,153
Apartment_env.dae,around_wall,pRRT,No,3,42,340,0.002,0.05,0.2,1.065833008,Yes,106.5833008,1,Exact solution,351.788147,No,0.000391779,0.03082555061,0.01342550052,1.165177,0.026205558,10,351.788147,0.0004505500956,5,319.9345487,0.0001034269803,4,27
Apartment_env.dae,around_wall,pRRT,No,4,42,340,0.002,0.05,0.2,1.065833008,Yes,106.5833008,1,Exact solution,413.3007386,No,0.002179104,0.1714540101,0.07467363458,1.165177,0.026205558,10,413.3007386,0.003040182833,8,295.2141225,0.0003258844449,5,163
Apartment_env.dae,around_wall,pRRT,No,5,42,340,0.002,0.05,0.2,1.065833008,Yes,106.5833008,1,Exact solution,525.498339,No,0.002556693,0.2011630778,0.08761287154,1.165177,0.026205558,10,525.498339,0.01244750649,11,298.1764359,0.0004044046671,6,189
Apartment_env.dae,around_wall,pRRT,No,6,42,340,0.002,0.05,0.2,1.065833008,Yes,106.5833008,1,Exact solution,839.9235096,No,0.002560173,0.2014368876,0.08773212434,1.165177,0.026205558,10,839.9235096,0.02116841679,16,300.3023998,0.001004234157,7,251
Apartment_env.dae,around_wall,pRRT,No,7,42,340,0.002,0.05,0.2,1.065833008,Yes,106.5833008,1,Exact solution,452.2879807,No,0.001043688,0.08211838119,0.03576514766,1.165177,0.026205558,10,452.2879807,0.003711645135,8,304.6405358,0.0004681410495,6,131
Apartment_env.dae,around_wall,pRRT,No,8,42,340,0.002,0.05,0.2,1.065833008,Yes,106.5833008,1,Exact solution,662.3859739,No,0.000319279,0.02512118049,0.01094106723,1.165177,0.026205558,10,662.3859739,0.004399299789,9,381.5401165,0.001944040423,5,24
Apartment_env.dae,around_wall,pRRT,No,9,42,340,0.002,0.05,0.2,1.065833008,Yes,106.5833008,1,Exact solution,397.9924006,No,0.001173727,0.09234997547,0.04022133,1.165177,0.026205558,10,397.9924006,0.002230527494,7,326.3685792,0.0002500969718,6,142
Apartment_env.dae,around_wall,pRRT,No,10,42,340,0.002,0.05,0.2,1.065833008,Yes,106.5833008,1,Exact solution,569.7358925,No,0.002242474,0.176440023,0.07684520061,1.165177,0.026205558,10,569.7358925,0.008685094734,11,424.780959,0.0006239463376,6,180
Apartment_env.dae,around_wall,pRRT,No,1,42,340,0.002,0.05,0.5,1.065833008,Yes,266.4582519,1,Exact solution,948.4438929,No,0.001350416,0.08785185723,0.0329656872,1.687565,0.042008226,10,948.4438929,0.006320973888,14,296.7260219,0.0003888447553,5,140
Apartment_env.dae,around_wall,pRRT,No,2,42,340,0.002,0.05,0.5,1.065833008,Yes,266.4582519,1,Exact solution,508.3032247,No,0.005288845,0.3440679434,0.1291086672,1.687565,0.042008226,10,508.3032247,0.007765667611,9,306.5324377,0.0004190478681,6,608
Apartment_env.dae,around_wall,pRRT,No,3,42,340,0.002,0.05,0.5,1.065833008,Yes,266.4582519,1,Exact solution,703.2059515,No,0.000800358,0.05206761231,0.01953794347,1.687565,0.042008226,10,703.2059515,0.003246837193,10,393.400235,0.0008779182844,6,72
Apartment_env.dae,around_wall,pRRT,No,4,42,340,0.002,0.05,0.5,1.065833008,Yes,266.4582519,1,Exact solution,1026.90853,No,0.004407488,0.2867309085,0.1075934162,1.687565,0.042008226,10,1026.90853,0.02959783655,18,297.5376461,0.0003947939592,5,304
Apartment_env.dae,around_wall,pRRT,No,5,42,340,0.002,0.05,0.5,1.065833008,Yes,266.4582519,1,Exact solution,852.3261448,No,0.002557843,0.1664015074,0.06244079768,1.687565,0.042008226,10,852.3261448,0.01101772433,14,397.7679351,0.001311869473,6,189
Apartment_env.dae,around_wall,pRRT,No,6,42,340,0.002,0.05,0.5,1.065833008,Yes,266.4582519,1,Exact solution,951.7262738,No,0.001403066,0.0912770242,0.03425095295,1.687565,0.042008226,10,951.7262738,0.00590852654,12,496.7379824,0.0009276984627,7,109
Apartment_env.dae,around_wall,pRRT,No,7,42,340,0.002,0.05,0.5,1.065833008,Yes,266.4582519,1,Exact solution,630.4887131,No,0.004471508,0.2908957554,0.1091562408,1.687565,0.042008226,10,630.4887131,0.02601162672,13,409.0265122,0.0009773956588,5,331
Apartment_env.dae,around_wall,pRRT,No,8,42,340,0.002,0.05,0.5,1.065833008,Yes,266.4582519,1,Exact solution,609.875547,No,0.000741908,0.048265124,0.018111091,1.687565,0.042008226,10,609.875547,0.002276327785,8,362.8400561,0.0008787921155,5,40
Apartment_env.dae,around_wall,pRRT,No,9,42,340,0.002,0.05,0.5,1.065833008,Yes,266.4582519,1,Exact solution,787.5738089,No,0.002183204,0.1420292163,0.05329529578,1.687565,0.042008226,10,787.5738089,0.02738665348,13,309.1056293,0.0004490658827,5,164
Apartment_env.dae,around_wall,pRRT,No,10,42,340,0.002,0.05,0.5,1.065833008,Yes,266.4582519,1,Exact solution,807.7339696,No,0.002735792,0.1779780513,0.06678480062,1.687565,0.042008226,10,807.7339696,0.020509896,16,310.589455,0.0008138384536,7,262
Apartment_env.dae,around_wall,pRRT,No,1,42,340,0.002,0.15,0.05,1.065833008,Yes,26.64582519,1,Exact solution,518.402179,No,0.002371724,0.161036597,0.06580718862,1.799544,0.042400485,10,518.402179,0.04530066637,22,306.0879096,0.0007029682944,6,268
Apartment_env.dae,around_wall,pRRT,No,2,42,340,0.002,0.15,0.05,1.065833008,Yes,26.64582519,1,Exact solution,468.9790877,No,0.005122496,0.3478099999,0.1421316563,1.799544,0.042400485,10,468.9790877,0.07606162771,22,294.4174219,0.002573799981,8,514
Apartment_env.dae,around_wall,pRRT,No,3,42,340,0.002,0.15,0.05,1.065833008,Yes,26.64582519,1,Exact solution,433.8892388,No,0.000292409,0.0198541442,0.008113344646,1.799544,0.042400485,10,433.8892388,0.02287455223,18,329.4787034,0.0001037923139,4,30
Apartment_env.dae,around_wall,pRRT,No,4,42,340,0.002,0.15,0.05,1.065833008,Yes,26.64582519,1,Exact solution,380.529068,No,0.000333259,0.02262779956,0.009246791731,1.799544,0.042400485,10,380.529068,0.006432825611,16,317.5153164,0.0001491929976,5,39
Apartment_env.dae,around_wall,pRRT,No,5,42,340,0.002,0.15,0.05,1.065833008,Yes,26.64582519,1,Exact solution,598.0662836,No,0.006411583,0.4353371252,0.1778993896,1.799544,0.042400485,10,598.0662836,0.05314949655,25,311.294903,0.003428181514,6,712
Apartment_env.dae,around_wall,pRRT,No,6,42,340,0.002,0.15,0.05,1.065833008,Yes,26.64582519,1,Exact solution,394.579154,No,0.000284639,0.01932657255,0.007897753854,1.799544,0.042400485,10,394.579154,0.01277504587,16,318.4874591,0.0001261463186,5,50
Apartment_env.dae,around_wall,pRRT,No,7,42,340,0.002,0.15,0.05,1.065833008,Yes,26.64582519,1,Exact solution,457.4046591,No,0.002860412,0.1942177988,0.07936660084,1.799544,0.042400485,10,457.4046591,0.03936197082,20,322.3792091,0.0001040324045,4,394
Apartment_env.dae,around_wall,pRRT,No,8,42,340,0.002,0.15,0.05,1.065833008,Yes,26.64582519,1,Exact solution,824.9854275,No,0.004326458,0.2937601818,0.1200443381,1.799544,0.042400485,10,824.9854275,0.06281857704,33,428.4548834,0.0009903470502,6,746
Apartment_env.dae,around_wall,pRRT,No,9,42,340,0.002,0.15,0.05,1.065833008,Yes,26.64582519,1,Exact solution,519.9084321,No,0.002533333,0.1720096122,0.07029128286,1.799544,0.042400485,10,519.9084321,0.02350438863,22,366.4887443,0.0009544960605,5,420
Apartment_env.dae,around_wall,pRRT,No,10,42,340,0.002,0.15,0.05,1.065833008,Yes,26.64582519,1,Exact solution,622.3145475,No,0.001967114,0.1335641687,0.05458065189,1.799544,0.042400485,10,622.3145475,0.03466727643,25,303.4520078,0.0004236717475,5,270
Apartment_env.dae,around_wall,pRRT,No,1,42,340,0.002,0.15,0.2,1.065833008,Yes,106.5833008,1,Exact solution,369.9313682,No,0.000164789,0.01164458832,0.004829245156,1.362738,0.031778823,10,369.9313682,0.0005758499388,5,332.6888577,0.0004300093043,5,9
Apartment_env.dae,around_wall,pRRT,No,2,42,340,0.002,0.15,0.2,1.065833008,Yes,106.5833008,1,Exact solution,492.6522293,No,0.005107796,0.360935388,0.1496871702,1.362738,0.031778823,10,492.6522293,0.01716930432,10,299.3551877,0.0002553991102,6,366
Apartment_env.dae,around_wall,pRRT,No,3,42,340,0.002,0.15,0.2,1.065833008,Yes,106.5833008,1,Exact solution,393.910788,No,0.000382199,0.02700756733,0.01120058177,1.362738,0.031778823,10,393.910788,0.001108583255,6,325.8261297,0.0001144363378,4,34
Apartment_env.dae,around_wall,pRRT,No,4,42,340,0.002,0.15,0.2,1.065833008,Yes,106.5833008,1,Exact solution,424.566323,No,0.001009667,0.07134673163,0.02958892565,1.362738,0.031778823,10,424.566323,0.003716565755,8,334.6509943,0.000255270884,6,38
Apartment_env.dae,around_wall,pRRT,No,5,42,340,0.002,0.15,0.2,1.065833008,Yes,106.5833008,1,Exact solution,607.0683536,No,0.005734774,0.4052399272,0.1680611543,1.362738,0.031778823,10,607.0683536,0.008620901967,12,308.9046952,0.0003030473428,5,491
Apartment_env.dae,around_wall,pRRT,No,6,42,340,0.002,0.15,0.2,1.065833008,Yes,106.5833008,1,Exact solution,758.002058,No,0.001776825,0.1255568979,0.05207097272,1.362738,0.031778823,10,758.002058,0.01150116982,14,303.5676758,0.0005827894335,6,200
Apartment_env.dae,around_wall,pRRT,No,7,42,340,0.002,0.15,0.2,1.065833008,Yes,106.5833008,1,Exact solution,557.3056887,No,0.001529776,0.1080995197,0.0448310466,1.362738,0.031778823,10,557.3056887,0.006948764031,11,323.2032528,0.0001028149819,4,195
Apartment_env.dae,around_wall,pRRT,No,8,42,340,0.002,0.15,0.2,1.065833008,Yes,106.5833008,1,Exact solution,799.0364582,No,0.001095558,0.07741610116,0.03210601536,1.362738,0.031778823,10,799.0364582,0.008885411031,13,310.1648575,0.0004781881279,6,123
Apartment_env.dae,around_wall,pRRT,No,9,42,340,0.002,0.15,0.2,1.065833008,Yes,106.5833008,1,Exact solution,445.6890202,No,0.002127245,0.1503188458,0.06234025094,1.362738,0.031778823,10,445.6890202,0.00438417013,9,318.6192736,0.0001753510251,5,311
Apartment_env.dae,around_wall,pRRT,No,10,42,340,0.002,0.15,0.2,1.065833008,Yes,106.5833008,1,Exact solution,428.8378843,No,0.000356229,0.02517243295,0.01043951461,1.362738,0.031778823,10,428.8378843,0.001981340739,7,316.5739874,0.001525687813,8,19
Apartment_env.dae,around_wall,pRRT,No,1,42,340,0.002,0.15,0.5,1.065833008,Yes,266.4582519,1,Exact solution,628.2926214,No,0.002911802,0.2059886001,0.08753993056,1.565608,0.035870042,10,628.2926214,0.01300437735,13,327.8843472,0.000128347123,4,362
Apartment_env.dae,around_wall,pRRT,No,2,42,340,0.002,0.15,0.5,1.065833008,Yes,266.4582519,1,Exact solution,696.9137633,No,0.000698349,0.04940306136,0.02099504807,1.565608,0.035870042,10,696.9137633,0.004908792852,8,433.5623471,0.0002287255576,4,40
Apartment_env.dae,around_wall,pRRT,No,3,42,340,0.002,0.15,0.5,1.065833008,Yes,266.4582519,1,Exact solution,767.8254621,No,0.002085305,0.1475200091,0.06269226235,1.565608,0.035870042,10,767.8254621,0.003747289235,11,627.9806386,0.0004231279818,6,184
Apartment_env.dae,around_wall,pRRT,No,4,42,340,0.002,0.15,0.5,1.065833008,Yes,266.4582519,1,Exact solution,481.3743136,No,0.000602819,0.04264501566,0.01812305006,1.565608,0.035870042,10,481.3743136,0.006230463557,9,332.3919757,0.0001156231087,4,72
Apartment_env.dae,around_wall,pRRT,No,5,42,340,0.002,0.15,0.5,1.065833008,Yes,266.4582519,1,Exact solution,671.6195364,No,0.001852555,0.1310546565,0.0556949051,1.565608,0.035870042,10,671.6195364,0.02472927435,12,313.9672417,0.002034301324,7,186
Apartment_env.dae,around_wall,pRRT,No,6,42,340,0.002,0.15,0.5,1.065833008,Yes,266.4582519,1,Exact solution,434.3921024,No,0.000461129,0.03262148908,0.01386330549,1.565608,0.035870042,10,434.3921024,0.002145911806,7,313.7629033,0.0005950559481,5,32
Apartment_env.dae,around_wall,pRRT,No,7,42,340,0.002,0.15,0.5,1.065833008,Yes,266.4582519,1,Exact solution,603.8235167,No,0.002692323,0.1904620732,0.08094155044,1.565608,0.035870042,10,603.8235167,0.01104152079,11,304.1508387,0.001386525478,7,383
Apartment_env.dae,around_wall,pRRT,No,8,42,340,0.002,0.15,0.5,1.065833008,Yes,266.4582519,1,Exact solution,698.2767106,No,0.002413283,0.1707220432,0.07255253834,1.565608,0.035870042,10,698.2767106,0.009929773661,13,310.4589084,0.0004355747987,6,317
Apartment_env.dae,around_wall,pRRT,No,9,42,340,0.002,0.15,0.5,1.065833008,Yes,266.4582519,1,Exact solution,500.3021489,No,0.004905387,0.347020093,0.1474747381,1.565608,0.035870042,10,500.3021489,0.01284124346,11,322.662412,9.737664365e-05,4,577
Apartment_env.dae,around_wall,pRRT,No,10,42,340,0.002,0.15,0.5,1.065833008,Yes,266.4582519,1,Exact solution,471.6395065,No,0.003508081,0.2481709588,0.1054663631,1.565608,0.035870042,10,471.6395065,0.00607903205,10,324.1025461,0.000111963117,4,425
Apartment_env.dae,around_wall,TRRT,No,1,42,340,0.002,0.02,0.05,1.065833008,Yes,26.64582519,1,Exact solution,435.6207973,No,0.003402631,0.182117665,0.06812720274,2.314074,0.057710593,10,435.6207973,0.01568240103,18,308.1584419,0.0003209153107,5,319
Apartment_env.dae,around_wall,TRRT,No,2,42,340,0.002,0.02,0.05,1.065833008,Yes,26.64582519,1,Exact solution,649.3555037,No,0.002095475,0.1121552746,0.04195543101,2.314074,0.057710593,10,649.3555037,0.02771495982,26,299.2937872,0.0009498141978,7,207
Apartment_env.dae,around_wall,TRRT,No,3,42,340,0.002,0.02,0.05,1.065833008,Yes,26.64582519,1,Exact solution,429.2580821,No,0.000629858,0.0337116391,0.01261096594,2.314074,0.057710593,10,429.2580821,0.02115952032,18,320.6310231,0.0001537085368,5,70
Apartment_env.dae,around_wall,TRRT,No,4,42,340,0.002,0.02,0.05,1.065833008,Yes,26.64582519,1,Exact solution,449.6336889,No,0.016265006,0.8705454439,0.3256566349,2.314074,0.057710593,10,449.6336889,0.08815210153,23,309.0947953,0.0002597395758,5,1284
Apartment_env.dae,around_wall,TRRT,No,5,42,340,0.002,0.02,0.05,1.065833008,Yes,26.64582519,1,Exact solution,554.3721679,No,0.002483843,0.1329417405,0.0497313037,2.314074,0.057710593,10,554.3721679,0.04504444853,23,322.1398602,0.0002146201698,6,276
Apartment_env.dae,around_wall,TRRT,No,6,42,340,0.002,0.02,0.05,1.065833008,Yes,26.64582519,1,Exact solution,483.160904,No,0.002699323,0.1444747908,0.05404562684,2.314074,0.057710593,10,483.160904,0.02808208967,20,344.2818067,0.001584581598,6,334
Apartment_env.dae,around_wall,TRRT,No,7,42,340,0.002,0.02,0.05,1.065833008,Yes,26.64582519,1,Exact solution,749.0182921,No,0.008161378,0.4368181871,0.1634064504,2.314074,0.057710593,10,749.0182921,0.04933658428,31,396.314214,0.002192471105,6,858
Apartment_env.dae,around_wall,TRRT,No,8,42,340,0.002,0.02,0.05,1.065833008,Yes,26.64582519,1,Exact solution,381.2807389,No,0.000458479,0.02453898908,0.009179629465,2.314074,0.057710593,10,381.2807389,0.01309288554,16,321.2482559,0.000143805272,5,80
Apartment_env.dae,around_wall,TRRT,No,9,42,340,0.002,0.02,0.05,1.065833008,Yes,26.64582519,1,Exact solution,527.1812267,No,0.004377048,0.2342709984,0.08763690112,2.314074,0.057710593,10,527.1812267,0.0406312539,24,318.4219579,0.0004046407056,6,830
Apartment_env.dae,around_wall,TRRT,No,10,42,340,0.002,0.02,0.05,1.065833008,Yes,26.64582519,1,Exact solution,511.3485275,No,0.002662413,0.1424992716,0.0533066178,2.314074,0.057710593,10,511.3485275,0.034066904,21,321.9111163,0.001645559221,6,469
Apartment_env.dae,around_wall,TRRT,No,1,42,340,0.002,0.02,0.2,1.065833008,Yes,106.5833008,1,Exact solution,517.8386832,No,0.003379811,0.2042283817,0.08649448951,1.112003,0.025541901,10,517.8386832,0.01660795218,13,297.9401465,0.001053762525,7,408
Apartment_env.dae,around_wall,TRRT,No,2,42,340,0.002,0.02,0.2,1.065833008,Yes,106.5833008,1,Exact solution,644.8676273,No,0.003452461,0.208618329,0.08835371319,1.112003,0.025541901,10,644.8676273,0.03240695497,15,312.4208575,0.0008230978007,6,435
Apartment_env.dae,around_wall,TRRT,No,3,42,340,0.002,0.02,0.2,1.065833008,Yes,106.5833008,1,Exact solution,431.7756627,No,0.002246204,0.1357290712,0.05748376708,1.112003,0.025541901,10,431.7756627,0.006309070223,9,308.3171598,0.004093315106,6,288
Apartment_env.dae,around_wall,TRRT,No,4,42,340,0.002,0.02,0.2,1.065833008,Yes,106.5833008,1,Exact solution,369.4279445,No,0.000402999,0.0243516083,0.01031335562,1.112003,0.025541901,10,369.4279445,0.003180687626,7,323.310871,0.0001063855206,4,31
Apartment_env.dae,around_wall,TRRT,No,5,42,340,0.002,0.02,0.2,1.065833008,Yes,106.5833008,1,Exact solution,392.2289622,No,0.001733525,0.1047499418,0.04436353391,1.112003,0.025541901,10,392.2289622,0.006925026621,9,326.4579248,0.0001061710193,4,202
Apartment_env.dae,around_wall,TRRT,No,6,42,340,0.002,0.02,0.2,1.065833008,Yes,106.5833008,1,Exact solution,414.5617325,No,0.001344196,0.08122435657,0.03440001433,1.112003,0.025541901,10,414.5617325,0.004183608266,8,305.8492421,0.0004179450347,6,183
Apartment_env.dae,around_wall,TRRT,No,7,42,340,0.002,0.02,0.2,1.065833008,Yes,106.5833008,1,Exact solution,373.0600405,No,0.000991938,0.05993882277,0.02538519785,1.112003,0.025541901,10,373.0600405,0.0008658498158,6,301.3014202,0.0004166885692,5,95
Apartment_env.dae,around_wall,TRRT,No,8,42,340,0.002,0.02,0.2,1.065833008,Yes,106.5833008,1,Exact solution,449.0536936,No,0.002246474,0.1357453862,0.05749067679,1.112003,0.025541901,10,449.0536936,0.01616966811,9,321.2200071,0.000175309449,5,290
Apartment_env.dae,around_wall,TRRT,No,9,42,340,0.002,0.02,0.2,1.065833008,Yes,106.5833008,1,Exact solution,556.3832432,No,0.001639635,0.09907654679,0.04196074642,1.112003,0.025541901,10,556.3832432,0.01506070718,12,305.2284545,0.0005730500941,6,192
Apartment_env.dae,around_wall,TRRT,No,10,42,340,0.002,0.02,0.2,1.065833008,Yes,106.5833008,1,Exact solution,636.1323299,No,0.000965488,0.05834055567,0.02470830224,1.112003,0.025541901,10,636.1323299,0.003131568814,10,312.271001,0.0009472892016,7,66
Apartment_env.dae,around_wall,TRRT,No,1,42,340,0.002,0.02,0.5,1.065833008,Yes,266.4582519,1,Exact solution,567.9959587,No,0.002835563,0.1649190473,0.06605460107,1.188552,0.028388952,10,567.9959587,0.003565756755,10,373.834143,0.001222940436,8,324
Apartment_env.dae,around_wall,TRRT,No,2,42,340,0.002,0.02,0.5,1.065833008,Yes,266.4582519,1,Exact solution,676.8377283,No,0.000534619,0.0310939507,0.01245397996,1.188552,0.028388952,10,676.8377283,0.002230490758,9,329.469899,0.0001056018943,4,47
Apartment_env.dae,around_wall,TRRT,No,3,42,340,0.002,0.02,0.5,1.065833008,Yes,266.4582519,1,Exact solution,432.7744919,No,0.00022295,0.01296698454,0.005193632907,1.188552,0.028388952,10,432.7744919,0.001737267882,8,309.4804265,0.0005445279524,6,19
Apartment_env.dae,around_wall,TRRT,No,4,42,340,0.002,0.02,0.5,1.065833008,Yes,266.4582519,1,Exact solution,580.6897418,No,0.001543396,0.0897653827,0.03595349744,1.188552,0.028388952,10,580.6897418,0.007181985738,11,387.4513199,0.008724317071,9,159
Apartment_env.dae,around_wall,TRRT,No,5,42,340,0.002,0.02,0.5,1.065833008,Yes,266.4582519,1,Exact solution,734.4521382,No,0.002661883,0.1548176529,0.06200871561,1.188552,0.028388952,10,734.4521382,0.01179758424,15,319.4194941,0.0002701905383,5,281
Apartment_env.dae,around_wall,TRRT,No,6,42,340,0.002,0.02,0.5,1.065833008,Yes,266.4582519,1,Exact solution,641.3707283,No,0.000936127,0.05444603874,0.02180713161,1.188552,0.028388952,10,641.3707283,0.00537614353,10,364.2902614,0.002125397638,6,124
Apartment_env.dae,around_wall,TRRT,No,7,42,340,0.002,0.02,0.5,1.065833008,Yes,266.4582519,1,Exact solution,725.6678324,No,0.001532316,0.08912095933,0.03569538821,1.188552,0.028388952,10,725.6678324,0.008173792887,11,314.4490031,0.0003771958114,5,155
Apartment_env.dae,around_wall,TRRT,No,8,42,340,0.002,0.02,0.5,1.065833008,Yes,266.4582519,1,Exact solution,760.190301,No,0.006139023,0.3570514301,0.1430088893,1.188552,0.028388952,10,760.190301,0.03833997327,21,298.9693533,0.0003788422547,5,896
Apartment_env.dae,around_wall,TRRT,No,9,42,340,0.002,0.02,0.5,1.065833008,Yes,266.4582519,1,Exact solution,784.9996558,No,0.003093171,0.1799017741,0.07205559405,1.188552,0.028388952,10,784.9996558,0.006972839539,14,656.1699674,0.0001886012566,5,376
Apartment_env.dae,around_wall,TRRT,No,10,42,340,0.002,0.02,0.5,1.065833008,Yes,266.4582519,1,Exact solution,402.3061185,No,0.000936518,0.05446877967,0.02181623998,1.188552,0.028388952,10,402.3061185,0.003647083809,9,329.4172504,0.0001270135124,4,32
Apartment_env.dae,around_wall,TRRT,No,1,42,340,0.002,0.05,0.05,1.065833008,Yes,26.64582519,1,Exact solution,721.1731091,No,0.001490656,0.08894253419,0.03564427418,1.130557,0.026993416,10,721.1731091,0.04911419562,29,419.9893142,0.0002521240295,5,273
Apartment_env.dae,around_wall,TRRT,No,2,42,340,0.002,0.05,0.05,1.065833008,Yes,26.64582519,1,Exact solution,685.2219341,No,0.006855352,0.4090362764,0.1639238337,1.130557,0.026993416,10,685.2219341,0.05513195069,29,378.3298419,0.002763720872,9,1140
Apartment_env.dae,around_wall,TRRT,No,3,42,340,0.002,0.05,0.05,1.065833008,Yes,26.64582519,1,Exact solution,387.482709,No,0.000240559,0.01435336327,0.005752199671,1.130557,0.026993416,10,387.482709,0.01455612022,16,322.6301768,0.0001701691865,5,51
Apartment_env.dae,around_wall,TRRT,No,4,42,340,0.002,0.05,0.05,1.065833008,Yes,26.64582519,1,Exact solution,530.9214585,No,0.003088272,0.1842670193,0.07384615492,1.130557,0.026993416,10,530.9214585,0.03799245295,22,350.1320657,0.0002943945071,5,530
Apartment_env.dae,around_wall,TRRT,No,5,42,340,0.002,0.05,0.05,1.065833008,Yes,26.64582519,1,Exact solution,529.8258676,No,0.003188141,0.1902258736,0.07623420288,1.130557,0.026993416,10,529.8258676,0.0303429903,21,307.4757421,0.0004310454578,5,494
Apartment_env.dae,around_wall,TRRT,No,6,42,340,0.002,0.05,0.05,1.065833008,Yes,26.64582519,1,Exact solution,481.5299161,No,0.00018568,0.01107891408,0.004439943776,1.130557,0.026993416,10,481.5299161,0.01578003945,20,320.9404637,0.0002112248174,5,50
Apartment_env.dae,around_wall,TRRT,No,7,42,340,0.002,0.05,0.05,1.065833008,Yes,26.64582519,1,Exact solution,501.1298965,No,0.001044078,0.06229669569,0.02496578855,1.130557,0.026993416,10,501.1298965,0.03920617038,21,300.8795669,0.0004953589569,6,194
Apartment_env.dae,around_wall,TRRT,No,8,42,340,0.002,0.05,0.05,1.065833008,Yes,26.64582519,1,Exact solution,414.8368771,No,0.00022232,0.01326510221,0.005316072277,1.130557,0.026993416,10,414.8368771,0.06729651019,18,330.7014106,0.0001117949234,4,57
Apartment_env.dae,around_wall,TRRT,No,9,42,340,0.002,0.05,0.05,1.065833008,Yes,26.64582519,1,Exact solution,477.6436776,No,0.000269369,0.01607236109,0.006441098746,1.130557,0.026993416,10,477.6436776,0.02310853134,19,323.6426038,0.0001010886601,4,44
Apartment_env.dae,around_wall,TRRT,No,10,42,340,0.002,0.05,0.05,1.065833008,Yes,26.64582519,1,Exact solution,407.7341639,No,0.002363443,0.14101886,0.0565141859,1.130557,0.026993416,10,407.7341639,0.02341187249,18,321.6917511,9.908473583e-05,4,375
Apartment_env.dae,around_wall,TRRT,No,1,42,340,0.002,0.05,0.2,1.065833008,Yes,106.5833008,1,Exact solution,562.3327211,No,0.001649115,0.095412758,0.03863123513,1.432467,0.033966208,10,562.3327211,0.01278517131,12,327.7671824,0.0001221722498,4,150
Apartment_env.dae,around_wall,TRRT,No,2,42,340,0.002,0.05,0.2,1.065833008,Yes,106.5833008,1,Exact solution,389.4015102,No,0.000284459,0.01645792909,0.006663575623,1.432467,0.033966208,10,389.4015102,0.001639609025,6,302.4600421,0.0001938691008,5,11
Apartment_env.dae,around_wall,TRRT,No,3,42,340,0.002,0.05,0.2,1.065833008,Yes,106.5833008,1,Exact solution,929.8512175,No,0.002502873,0.1448085888,0.05863088709,1.432467,0.033966208,10,929.8512175,0.02583624737,20,319.0354702,0.0006856757381,6,302
Apartment_env.dae,around_wall,TRRT,No,4,42,340,0.002,0.05,0.2,1.065833008,Yes,106.5833008,1,Exact solution,1007.313535,No,0.004268848,0.2469825095,0.09999961847,1.432467,0.033966208,10,1007.313535,0.03401709893,23,456.6666223,0.0005915019973,6,554
Apartment_env.dae,around_wall,TRRT,No,5,42,340,0.002,0.05,0.2,1.065833008,Yes,106.5833008,1,Exact solution,559.2303038,No,0.003201111,0.1852065072,0.0749874155,1.432467,0.033966208,10,559.2303038,0.008063907696,12,308.6006591,0.0003713911474,7,384
Apartment_env.dae,around_wall,TRRT,No,6,42,340,0.002,0.05,0.2,1.065833008,Yes,106.5833008,1,Exact solution,413.4285704,No,0.000717598,0.04151802895,0.01681004482,1.432467,0.033966208,10,413.4285704,0.002705708275,7,306.4961208,0.000744434681,6,72
Apartment_env.dae,around_wall,TRRT,No,7,42,340,0.002,0.05,0.2,1.065833008,Yes,106.5833008,1,Exact solution,835.6407534,No,0.005006267,0.289647321,0.1172739788,1.432467,0.033966208,10,835.6407534,0.02537794878,19,646.9644644,0.00345246139,7,704
Apartment_env.dae,around_wall,TRRT,No,8,42,340,0.002,0.05,0.2,1.065833008,Yes,106.5833008,1,Exact solution,994.2991629,No,0.001812446,0.1048625909,0.04245733474,1.432467,0.033966208,10,994.2991629,0.01120410212,17,313.6423012,0.0004833626958,6,226
Apartment_env.dae,around_wall,TRRT,No,9,42,340,0.002,0.05,0.2,1.065833008,Yes,106.5833008,1,Exact solution,558.9802735,No,0.003254451,0.1882925968,0.07623692817,1.432467,0.033966208,10,558.9802735,0.007875384981,12,320.6082906,0.002594022748,7,494
Apartment_env.dae,around_wall,TRRT,No,10,42,340,0.002,0.05,0.2,1.065833008,Yes,106.5833008,1,Exact solution,698.5608817,No,0.002061605,0.1192781698,0.04829399253,1.432467,0.033966208,10,698.5608817,0.01590042265,14,442.710354,0.02064551522,7,234
Apartment_env.dae,around_wall,TRRT,No,1,42,340,0.002,0.05,0.5,1.065833008,Yes,266.4582519,1,Exact solution,496.2187735,No,0.001072737,0.06478943877,0.02581532564,0.869996,0.020852164,10,496.2187735,0.04319380906,11,310.9802768,0.0003593896118,5,68
Apartment_env.dae,around_wall,TRRT,No,2,42,340,0.002,0.05,0.5,1.065833008,Yes,266.4582519,1,Exact solution,739.5723872,No,0.001362736,0.08230433053,0.03279412718,0.869996,0.020852164,10,739.5723872,0.008298152304,15,360.3998972,0.0003080530941,5,147
Apartment_env.dae,around_wall,TRRT,No,3,42,340,0.002,0.05,0.5,1.065833008,Yes,266.4582519,1,Exact solution,666.2655608,No,0.002451823,0.1480812502,0.05900291419,0.869996,0.020852164,10,666.2655608,0.02564070022,15,322.564712,0.000686162728,7,248
Apartment_env.dae,around_wall,TRRT,No,4,42,340,0.002,0.05,0.5,1.065833008,Yes,266.4582519,1,Exact solution,903.2373466,No,0.002152024,0.1299744739,0.05178827648,0.869996,0.020852164,10,903.2373466,0.01007839501,15,683.6444419,0.0005291851652,6,230
Apartment_env.dae,around_wall,TRRT,No,5,42,340,0.002,0.05,0.5,1.065833008,Yes,266.4582519,1,Exact solution,483.9951163,No,0.000828447,0.05003520544,0.01993650735,0.869996,0.020852164,10,483.9951163,0.001603643423,7,348.2322697,0.0001817417301,4,28
Apartment_env.dae,around_wall,TRRT,No,6,42,340,0.002,0.05,0.5,1.065833008,Yes,266.4582519,1,Exact solution,601.3425028,No,0.001039537,0.06278427872,0.02501637044,0.869996,0.020852164,10,601.3425028,0.005517711749,11,324.571449,9.880652768e-05,4,49
Apartment_env.dae,around_wall,TRRT,No,7,42,340,0.002,0.05,0.5,1.065833008,Yes,266.4582519,1,Exact solution,573.1623819,No,0.000998488,0.06030506744,0.0240285297,0.869996,0.020852164,10,573.1623819,0.002397179694,8,329.1237633,0.001726210617,6,66
Apartment_env.dae,around_wall,TRRT,No,8,42,340,0.002,0.05,0.5,1.065833008,Yes,266.4582519,1,Exact solution,767.1840634,No,0.001785365,0.1078295951,0.0429646585,0.869996,0.020852164,10,767.1840634,0.00703513585,13,590.4521708,0.0001795436479,5,207
Apartment_env.dae,around_wall,TRRT,No,9,42,340,0.002,0.05,0.5,1.065833008,Yes,266.4582519,1,Exact solution,442.8117728,No,0.001716925,0.1036960664,0.04131765566,0.869996,0.020852164,10,442.8117728,0.01080149018,10,297.4593568,0.0005404592114,6,152
Apartment_env.dae,around_wall,TRRT,No,10,42,340,0.002,0.05,0.5,1.065833008,Yes,266.4582519,1,Exact solution,563.2786818,No,0.000996687,0.06019629355,0.02398518879,0.869996,0.020852164,10,563.2786818,0.002096334373,8,319.1124799,0.0004282404535,5,49
Apartment_env.dae,around_wall,TRRT,No,1,42,340,0.002,0.15,0.05,1.065833008,Yes,26.64582519,1,Exact solution,749.5126437,No,0.006159733,0.3217053279,0.1266332654,2.086303,0.050405283,10,749.5126437,0.06740399421,32,392.5600977,0.0002848224704,5,878
Apartment_env.dae,around_wall,TRRT,No,2,42,340,0.002,0.15,0.05,1.065833008,Yes,26.64582519,1,Exact solution,792.3131399,No,0.006304713,0.3292772207,0.1296137989,2.086303,0.050405283,10,792.3131399,0.04425606594,32,507.8029013,0.001709957731,8,763
Apartment_env.dae,around_wall,TRRT,No,3,42,340,0.002,0.15,0.05,1.065833008,Yes,26.64582519,1,Exact solution,493.0645266,No,0.002703942,0.1412191969,0.05558828685,2.086303,0.050405283,10,493.0645266,0.03899090068,21,319.3389223,9.994661754e-05,4,395
Apartment_env.dae,around_wall,TRRT,No,4,42,340,0.002,0.15,0.05,1.065833008,Yes,26.64582519,1,Exact solution,395.0292737,No,0.00014937,0.007801170087,0.003070784213,2.086303,0.050405283,10,395.0292737,0.01284049683,16,319.7224894,0.0001892886898,5,35
Apartment_env.dae,around_wall,TRRT,No,5,42,340,0.002,0.15,0.05,1.065833008,Yes,26.64582519,1,Exact solution,412.4344908,No,0.003150901,0.1645625937,0.06477697696,2.086303,0.050405283,10,412.4344908,0.02156867632,17,296.3236348,0.00103891066,7,463
Apartment_env.dae,around_wall,TRRT,No,6,42,340,0.002,0.15,0.05,1.065833008,Yes,26.64582519,1,Exact solution,491.2672257,No,0.008520927,0.445023772,0.1751752568,2.086303,0.050405283,10,491.2672257,0.03530332344,21,331.8489558,0.002537873137,6,1175
Apartment_env.dae,around_wall,TRRT,No,7,42,340,0.002,0.15,0.05,1.065833008,Yes,26.64582519,1,Exact solution,754.5099457,No,0.002425583,0.1266812984,0.0498657159,2.086303,0.050405283,10,754.5099457,0.037001461,30,491.3079707,0.000831970373,7,431
Apartment_env.dae,around_wall,TRRT,No,8,42,340,0.002,0.15,0.05,1.065833008,Yes,26.64582519,1,Exact solution,579.4497587,No,0.005532805,0.2889626623,0.1137447295,2.086303,0.050405283,10,579.4497587,0.0527230771,26,326.7227968,0.0001039613994,4,784
Apartment_env.dae,around_wall,TRRT,No,9,42,340,0.002,0.15,0.05,1.065833008,Yes,26.64582519,1,Exact solution,509.8412525,No,0.004872897,0.2544975451,0.1001781829,2.086303,0.050405283,10,509.8412525,0.03111536086,21,383.3790227,0.002153791811,8,755
Apartment_env.dae,around_wall,TRRT,No,10,42,340,0.002,0.15,0.05,1.065833008,Yes,26.64582519,1,Exact solution,353.8286075,No,0.000125839,0.006572212911,0.002587028283,2.086303,0.050405283,10,353.8286075,0.009328972232,15,321.4245071,0.0001006825327,4,24
Apartment_env.dae,around_wall,TRRT,No,1,42,340,0.002,0.15,0.2,1.065833008,Yes,106.5833008,1,Exact solution,391.2776235,No,0.000790768,0.04767182913,0.019760461,1.085393,0.025320261,10,391.2776235,0.002092991416,8,319.4460653,0.0003249952487,6,88
Apartment_env.dae,around_wall,TRRT,No,2,42,340,0.002,0.15,0.2,1.065833008,Yes,106.5833008,1,Exact solution,849.8214594,No,0.003425361,0.206499535,0.08559617036,1.085393,0.025320261,10,849.8214594,0.007866526798,15,370.0750134,0.01165052753,7,449
Apartment_env.dae,around_wall,TRRT,No,3,42,340,0.002,0.15,0.2,1.065833008,Yes,106.5833008,1,Exact solution,584.5974079,No,0.001015647,0.06122876778,0.0253799508,1.085393,0.025320261,10,584.5974079,0.009189176537,13,363.140572,0.004043215255,8,104
Apartment_env.dae,around_wall,TRRT,No,4,42,340,0.002,0.15,0.2,1.065833008,Yes,106.5833008,1,Exact solution,368.8963274,No,0.00020089,0.01211075025,0.005020029908,1.085393,0.025320261,10,368.8963274,0.0002198545215,5,328.6751931,0.0001968613432,5,7
Apartment_env.dae,around_wall,TRRT,No,5,42,340,0.002,0.15,0.2,1.065833008,Yes,106.5833008,1,Exact solution,666.5868513,No,0.002309803,0.1392475846,0.05771954871,1.085393,0.025320261,10,666.5868513,0.01176310344,13,331.3029426,0.0008629002986,6,262
Apartment_env.dae,around_wall,TRRT,No,6,42,340,0.002,0.15,0.2,1.065833008,Yes,106.5833008,1,Exact solution,509.8722128,No,0.000516408,0.0311319046,0.01290449303,1.085393,0.025320261,10,509.8722128,0.007404567663,10,378.7892496,0.08712541093,8,60
Apartment_env.dae,around_wall,TRRT,No,7,42,340,0.002,0.15,0.2,1.065833008,Yes,106.5833008,1,Exact solution,417.419544,No,0.000491559,0.02963387069,0.01228354264,1.085393,0.025320261,10,417.419544,0.0008317476446,7,330.7623935,0.0001799785148,6,17
Apartment_env.dae,around_wall,TRRT,No,8,42,340,0.002,0.15,0.2,1.065833008,Yes,106.5833008,1,Exact solution,645.6692346,No,0.004232678,0.2551690286,0.1057701735,1.085393,0.025320261,10,645.6692346,0.007320030483,12,310.3964651,0.0007564942753,7,469
Apartment_env.dae,around_wall,TRRT,No,9,42,340,0.002,0.15,0.2,1.065833008,Yes,106.5833008,1,Exact solution,1032.20968,No,0.001981634,0.1194637586,0.0495189504,1.085393,0.025320261,10,1032.20968,0.04245708937,21,366.683012,0.001477772662,5,228
Apartment_env.dae,around_wall,TRRT,No,10,42,340,0.002,0.15,0.2,1.065833008,Yes,106.5833008,1,Exact solution,747.2652656,No,0.003039471,0.1832359708,0.07595318494,1.085393,0.025320261,10,747.2652656,0.009199700378,14,413.8858865,0.001251909156,8,345
Apartment_env.dae,around_wall,TRRT,No,1,42,340,0.002,0.15,0.5,1.065833008,Yes,266.4582519,1,Exact solution,606.2528027,No,0.000463069,0.02824610207,0.01131095386,0.826923,0.019754107,10,606.2528027,0.004290170598,10,300.2039561,0.001177058483,7,25
Apartment_env.dae,around_wall,TRRT,No,2,42,340,0.002,0.15,0.5,1.065833008,Yes,266.4582519,1,Exact solution,689.0363648,No,0.000610329,0.03722861006,0.01490793631,0.826923,0.019754107,10,689.0363648,0.002253181674,9,414.3122449,0.002581299864,5,64
Apartment_env.dae,around_wall,TRRT,No,3,42,340,0.002,0.15,0.5,1.065833008,Yes,266.4582519,1,Exact solution,467.2879905,No,0.000706338,0.04308492956,0.01725305846,0.826923,0.019754107,10,467.2879905,0.00263241644,9,306.5048532,0.001680954424,7,37
Apartment_env.dae,around_wall,TRRT,No,4,42,340,0.002,0.15,0.5,1.065833008,Yes,266.4582519,1,Exact solution,537.0298162,No,0.002738913,0.1670671459,0.06690086914,0.826923,0.019754107,10,537.0298162,0.02087058232,14,339.2689769,0.0001229716653,4,317
Apartment_env.dae,around_wall,TRRT,No,5,42,340,0.002,0.15,0.5,1.065833008,Yes,266.4582519,1,Exact solution,453.228992,No,0.000684608,0.0417594515,0.01672228005,0.826923,0.019754107,10,453.228992,0.003077723658,8,325.4820263,0.0008716084023,7,51
Apartment_env.dae,around_wall,TRRT,No,6,42,340,0.002,0.15,0.5,1.065833008,Yes,266.4582519,1,Exact solution,497.0214528,No,0.000771418,0.04705465399,0.01884270682,0.826923,0.019754107,10,497.0214528,0.001147464694,7,313.1826101,0.0005154335954,6,30
Apartment_env.dae,around_wall,TRRT,No,7,42,340,0.002,0.15,0.5,1.065833008,Yes,266.4582519,1,Exact solution,567.8997073,No,0.002583163,0.1575667682,0.06309650939,0.826923,0.019754107,10,567.8997073,0.007752772283,11,309.7988076,0.000210043594,5,225
Apartment_env.dae,around_wall,TRRT,No,8,42,340,0.002,0.15,0.5,1.065833008,Yes,266.4582519,1,Exact solution,811.6391754,No,0.001323727,0.08074418274,0.03233344279,0.826923,0.019754107,10,811.6391754,0.03317077078,17,308.4446816,0.006847529458,6,110
Apartment_env.dae,around_wall,TRRT,No,9,42,340,0.002,0.15,0.5,1.065833008,Yes,266.4582519,1,Exact solution,373.617084,No,0.001608536,0.09811685093,0.03929020616,0.826923,0.019754107,10,373.617084,0.002912367584,8,320.9965962,0.0001424009243,5,130
Apartment_env.dae,around_wall,TRRT,No,10,42,340,0.002,0.15,0.5,1.065833008,Yes,266.4582519,1,Exact solution,439.7884992,No,0.002066545,0.1260543051,0.05047756413,0.826923,0.019754107,10,439.7884992,0.00569421308,9,320.5117925,0.000125130532,5,251
Apartment_env.dae,around_wall,RRTstar,Yes,1,42,340,0.002,0.02,0.05,1.065833008,Yes,26.64582519,1,Exact solution,335.9442108,No,0.370753583,14.82596399,5.426988858,93.271314,2.355957801,10,335.9442108,0.01731340737,16,297.8022913,0.0004265728533,5,3934
Apartment_env.dae,around_wall,RRTstar,Yes,2,42,340,0.002,0.02,0.05,1.065833008,Yes,26.64582519,1,Exact solution,339.1397725,No,0.194171393,7.764666916,2.842227384,93.271314,2.355957801,10,339.1397725,0.02084019698,17,297.6542191,0.0007939146003,6,2360
Apartment_env.dae,around_wall,RRTstar,Yes,3,42,340,0.002,0.02,0.05,1.065833008,Yes,26.64582519,1,Exact solution,335.4873307,No,0.192448557,7.695772896,2.817008985,93.271314,2.355957801,10,335.4873307,0.01686601556,17,302.314551,0.001866400786,7,2337
Apartment_env.dae,around_wall,RRTstar,Yes,4,42,340,0.002,0.02,0.05,1.065833008,Yes,26.64582519,1,Exact solution,337.5754925,No,0.296803923,11.86881119,4.344534097,93.271314,2.355957801,10,337.5754925,0.02886160091,19,294.7856154,0.001523281543,8,3227
Apartment_env.dae,around_wall,RRTstar,Yes,5,42,340,0.002,0.02,0.05,1.065833008,Yes,26.64582519,1,Exact solution,338.0205085,No,0.227633351,9.102768034,3.332034311,93.271314,2.355957801,10,338.0205085,0.01275298977,17,309.0786469,0.00101700818,7,2672
Apartment_env.dae,around_wall,RRTstar,Yes,6,42,340,0.002,0.02,0.05,1.065833008,Yes,26.64582519,1,Exact solution,336.7413719,No,0.114993978,4.598462846,1.683250185,93.271314,2.355957801,10,336.7413719,0.01870457639,16,294.2695954,0.0005697892063,6,1588
Apartment_env.dae,around_wall,RRTstar,Yes,7,42,340,0.002,0.02,0.05,1.065833008,Yes,26.64582519,1,Exact solution,337.9679345,No,0.263081525,10.5202954,3.850914921,93.271314,2.355957801,10,337.9679345,0.03306657732,17,296.4807955,0.0005860458257,6,2944
Apartment_env.dae,around_wall,RRTstar,Yes,8,42,340,0.002,0.02,0.05,1.065833008,Yes,26.64582519,1,Exact solution,338.1940986,No,0.306494697,12.25633291,4.486384979,93.271314,2.355957801,10,338.1940986,0.01713438951,17,301.193811,0.001909156459,8,3356
Apartment_env.dae,around_wall,RRTstar,Yes,9,42,340,0.002,0.02,0.05,1.065833008,Yes,26.64582519,1,Exact solution,339.7410109,No,0.100032459,4.00017074,1.46424759,93.271314,2.355957801,10,339.7410109,0.022892267,18,295.9616589,0.0006386251538,6,1443
Apartment_env.dae,around_wall,RRTstar,Yes,10,42,340,0.002,0.02,0.05,1.065833008,Yes,26.64582519,1,Exact solution,338.9182045,No,0.266026697,10.63806908,3.894025538,93.271314,2.355957801,10,338.9182045,0.02064781696,17,301.8418561,0.001180777671,7,3008
Apartment_env.dae,around_wall,RRTstar,Yes,1,42,340,0.002,0.02,0.2,1.065833008,Yes,106.5833008,1,Exact solution,316.1233834,No,0.002688842,0.1109895157,0.04154565095,10.960859,0.273248867,10,316.1233834,0.0006510785683,6,301.3074565,0.0006016114622,6,97
Apartment_env.dae,around_wall,RRTstar,Yes,2,42,340,0.002,0.02,0.2,1.065833008,Yes,106.5833008,1,Exact solution,336.1306667,No,0.006048353,0.2496627805,0.09345389671,10.960859,0.273248867,10,336.1306667,0.0007569937318,6,302.3930146,0.0007569003451,6,190
Apartment_env.dae,around_wall,RRTstar,Yes,3,42,340,0.002,0.02,0.2,1.065833008,Yes,106.5833008,1,Exact solution,336.3055599,No,0.0110056,0.4542870923,0.1700489713,10.960859,0.273248867,10,336.3055599,0.002415987215,7,330.2514549,0.007980003959,8,259
Apartment_env.dae,around_wall,RRTstar,Yes,4,42,340,0.002,0.02,0.2,1.065833008,Yes,106.5833008,1,Exact solution,316.1255413,No,0.024072404,0.9936561767,0.3719458763,10.960859,0.273248867,10,316.1255413,0.0008876561109,6,303.1061109,0.0004274974244,5,436
Apartment_env.dae,around_wall,RRTstar,Yes,5,42,340,0.002,0.02,0.2,1.065833008,Yes,106.5833008,1,Exact solution,335.2572793,No,0.157545212,6.503121708,2.434251766,10.960859,0.273248867,10,335.2572793,0.0004898499591,6,304.1868719,0.0002615051293,5,1467
Apartment_env.dae,around_wall,RRTstar,Yes,6,42,340,0.002,0.02,0.2,1.065833008,Yes,106.5833008,1,Exact solution,331.0469533,No,0.010329912,0.4263961698,0.1596088272,10.960859,0.273248867,10,331.0469533,0.0008190750321,6,304.7708903,0.0002354786157,5,247
Apartment_env.dae,around_wall,RRTstar,Yes,7,42,340,0.002,0.02,0.2,1.065833008,Yes,106.5833008,1,Exact solution,337.948076,No,0.003375841,0.1393473315,0.05216056274,10.960859,0.273248867,10,337.948076,0.001111087089,7,325.3832325,0.0004153891699,5,129
Apartment_env.dae,around_wall,RRTstar,Yes,8,42,340,0.002,0.02,0.2,1.065833008,Yes,106.5833008,1,Exact solution,325.6769631,No,0.038093917,1.57243356,0.5885941156,10.960859,0.273248867,10,325.6769631,0.0008124110472,6,309.1511979,0.0006595346343,6,572
Apartment_env.dae,around_wall,RRTstar,Yes,9,42,340,0.002,0.02,0.2,1.065833008,Yes,106.5833008,1,Exact solution,336.0433349,No,0.008396717,0.3465981092,0.1297387774,10.960859,0.273248867,10,336.0433349,0.0008694949068,6,296.9251116,0.001338603385,7,230
Apartment_env.dae,around_wall,RRTstar,Yes,10,42,340,0.002,0.02,0.2,1.065833008,Yes,106.5833008,1,Exact solution,312.7943006,No,0.003981959,0.1643665566,0.06152577158,10.960859,0.273248867,10,312.7943006,0.0004942262221,5,300.4250928,0.0003545014851,5,152
Apartment_env.dae,around_wall,RRTstar,Yes,1,42,340,0.002,0.02,0.5,1.065833008,Yes,266.4582519,1,Exact solution,335.6327893,No,0.019157288,0.7954315791,0.3024276712,9.723634,0.240125338,10,335.6327893,0.0004826745359,5,304.2299573,0.0008318088786,7,243
Apartment_env.dae,around_wall,RRTstar,Yes,2,42,340,0.002,0.02,0.5,1.065833008,Yes,266.4582519,1,Exact solution,338.6206079,No,0.041036289,1.703871663,0.6478218273,9.723634,0.240125338,10,338.6206079,0.0001950128183,5,336.2549506,0.0002107218539,5,331
Apartment_env.dae,around_wall,RRTstar,Yes,3,42,340,0.002,0.02,0.5,1.065833008,Yes,266.4582519,1,Exact solution,339.1131484,No,0.017744882,0.736786935,0.2801306396,9.723634,0.240125338,10,339.1131484,0.001163162423,6,320.5283111,0.0001043121149,4,242
Apartment_env.dae,around_wall,RRTstar,Yes,4,42,340,0.002,0.02,0.5,1.065833008,Yes,266.4582519,1,Exact solution,330.3940112,No,0.021443122,0.8903419102,0.3385131262,9.723634,0.240125338,10,330.3940112,0.0004842390512,5,315.2125306,0.000858278315,6,281
Apartment_env.dae,around_wall,RRTstar,Yes,5,42,340,0.002,0.02,0.5,1.065833008,Yes,266.4582519,1,Exact solution,332.3437743,No,0.002760232,0.1146078557,0.04357456733,9.723634,0.240125338,10,332.3437743,0.0005044903113,5,310.4792885,0.0006507487573,6,63
Apartment_env.dae,around_wall,RRTstar,Yes,6,42,340,0.002,0.02,0.5,1.065833008,Yes,266.4582519,1,Exact solution,320.6628453,No,0.017196863,0.714032586,0.2714793049,9.723634,0.240125338,10,320.6628453,0.0003413155075,5,310.7655691,0.0002432702265,5,260
Apartment_env.dae,around_wall,RRTstar,Yes,7,42,340,0.002,0.02,0.5,1.065833008,Yes,266.4582519,1,Exact solution,313.4702601,No,0.070936327,2.945353987,1.119840563,9.723634,0.240125338,10,313.4702601,0.0004477973325,5,300.9146192,0.0004847884624,6,475
Apartment_env.dae,around_wall,RRTstar,Yes,8,42,340,0.002,0.02,0.5,1.065833008,Yes,266.4582519,1,Exact solution,338.2351319,No,0.018855269,0.7828914194,0.2976598303,9.723634,0.240125338,10,338.2351319,0.000441392413,5,305.9086204,0.0005873625041,6,224
Apartment_env.dae,around_wall,RRTstar,Yes,9,42,340,0.002,0.02,0.5,1.065833008,Yes,266.4582519,1,Exact solution,338.5967941,No,0.019769246,0.8208407454,0.3120883828,9.723634,0.240125338,10,338.5967941,0.001352741484,7,312.9645968,0.0006466448455,6,248
Apartment_env.dae,around_wall,RRTstar,Yes,10,42,340,0.002,0.02,0.5,1.065833008,Yes,266.4582519,1,Exact solution,326.189547,No,0.005285875,0.2194753192,0.0834457814,9.723634,0.240125338,10,326.189547,0.0004692628203,5,296.3902679,0.0004403108568,6,111
Apartment_env.dae,around_wall,RRTstar,Yes,1,42,340,0.002,0.05,0.05,1.065833008,Yes,26.64582519,1,Exact solution,333.8637948,No,0.21372373,8.450270684,3.022319213,89.258904,2.284434645,10,333.8637948,0.02624515872,18,299.9859253,0.000574440575,6,2580
Apartment_env.dae,around_wall,RRTstar,Yes,2,42,340,0.002,0.05,0.05,1.065833008,Yes,26.64582519,1,Exact solution,338.6291901,No,0.160908423,6.362043792,2.27544512,89.258904,2.284434645,10,338.6291901,0.01449602249,19,295.3343316,0.001728917797,7,2060
Apartment_env.dae,around_wall,RRTstar,Yes,3,42,340,0.002,0.05,0.05,1.065833008,Yes,26.64582519,1,Exact solution,338.5209987,No,0.229581346,9.077253695,3.246565615,89.258904,2.284434645,10,338.5209987,0.008856250373,15,303.230082,0.0006904108614,5,2716
Apartment_env.dae,around_wall,RRTstar,Yes,4,42,340,0.002,0.05,0.05,1.065833008,Yes,26.64582519,1,Exact solution,339.1638455,No,0.191111761,7.55623211,2.702557864,89.258904,2.284434645,10,339.1638455,0.01525744652,18,295.2835184,0.0007397017785,7,2309
Apartment_env.dae,around_wall,RRTstar,Yes,5,42,340,0.002,0.05,0.05,1.065833008,Yes,26.64582519,1,Exact solution,339.4175273,No,0.19884112,7.861837743,2.811860608,89.258904,2.284434645,10,339.4175273,0.01443460818,18,303.0940925,0.001784242337,6,2441
Apartment_env.dae,around_wall,RRTstar,Yes,6,42,340,0.002,0.05,0.05,1.065833008,Yes,26.64582519,1,Exact solution,321.038626,No,0.281985344,11.14921813,3.987623288,89.258904,2.284434645,10,321.038626,0.01139229101,16,298.8461612,0.0004271519007,5,3199
Apartment_env.dae,around_wall,RRTstar,Yes,7,42,340,0.002,0.05,0.05,1.065833008,Yes,26.64582519,1,Exact solution,338.167212,No,0.215121986,8.505555335,3.042092291,89.258904,2.284434645,10,338.167212,0.03760933638,18,295.8887339,0.000579159732,6,2559
Apartment_env.dae,around_wall,RRTstar,Yes,8,42,340,0.002,0.05,0.05,1.065833008,Yes,26.64582519,1,Exact solution,339.1733244,No,0.254153199,10.04878273,3.594042161,89.258904,2.284434645,10,339.1733244,0.02538392821,17,296.1633978,0.0004360960772,6,2914
Apartment_env.dae,around_wall,RRTstar,Yes,9,42,340,0.002,0.05,0.05,1.065833008,Yes,26.64582519,1,Exact solution,335.4462905,No,0.323134123,12.77617046,4.569518174,89.258904,2.284434645,10,335.4462905,0.0338269069,19,297.5726442,0.000453182979,5,3537
Apartment_env.dae,around_wall,RRTstar,Yes,10,42,340,0.002,0.05,0.05,1.065833008,Yes,26.64582519,1,Exact solution,338.223983,No,0.188969716,7.471539315,2.672266685,89.258904,2.284434645,10,338.223983,0.01431482997,16,303.2194115,0.001424946818,8,2292
Apartment_env.dae,around_wall,RRTstar,Yes,1,42,340,0.002,0.05,0.2,1.065833008,Yes,106.5833008,1,Exact solution,336.4673685,No,0.013179564,0.550815325,0.2040600913,5.171348,0.129712738,10,336.4673685,0.001273087217,7,306.0110307,0.001447503129,8,307
Apartment_env.dae,around_wall,RRTstar,Yes,2,42,340,0.002,0.05,0.2,1.065833008,Yes,106.5833008,1,Exact solution,326.7107749,No,0.002969272,0.1240951917,0.04597344157,5.171348,0.129712738,10,326.7107749,0.0001863779726,5,326.2602185,0.0002601835318,5,114
Apartment_env.dae,around_wall,RRTstar,Yes,3,42,340,0.002,0.05,0.2,1.065833008,Yes,106.5833008,1,Exact solution,316.4505858,No,0.017723032,0.7407011059,0.2744069173,5.171348,0.129712738,10,316.4505858,0.0004339697722,5,303.7553065,0.0004348908667,6,368
Apartment_env.dae,around_wall,RRTstar,Yes,4,42,340,0.002,0.05,0.2,1.065833008,Yes,106.5833008,1,Exact solution,318.539212,No,0.027894924,1.165816383,0.4318990172,5.171348,0.129712738,10,318.539212,0.0009306116403,6,299.4604305,0.0002378066035,5,433
Apartment_env.dae,around_wall,RRTstar,Yes,5,42,340,0.002,0.05,0.2,1.065833008,Yes,106.5833008,1,Exact solution,331.5296288,No,0.011954107,0.4995996326,0.1850862567,5.171348,0.129712738,10,331.5296288,0.0002942868439,6,319.0866621,0.000100462918,4,302
Apartment_env.dae,around_wall,RRTstar,Yes,6,42,340,0.002,0.05,0.2,1.065833008,Yes,106.5833008,1,Exact solution,338.8330619,No,0.00373973,0.1562950485,0.05790249551,5.171348,0.129712738,10,338.8330619,0.0006201415393,5,297.1157702,0.000828869065,7,122
Apartment_env.dae,around_wall,RRTstar,Yes,7,42,340,0.002,0.05,0.2,1.065833008,Yes,106.5833008,1,Exact solution,338.2222072,No,0.035731413,1.493327842,0.5532319126,5.171348,0.129712738,10,338.2222072,0.0005556467265,5,316.0588848,0.0001806039895,4,506
Apartment_env.dae,around_wall,RRTstar,Yes,8,42,340,0.002,0.05,0.2,1.065833008,Yes,106.5833008,1,Exact solution,335.7203544,No,0.002330494,0.09739865522,0.03608319808,5.171348,0.129712738,10,335.7203544,0.0002353153191,5,324.700583,0.0001526422851,5,96
Apartment_env.dae,around_wall,RRTstar,Yes,9,42,340,0.002,0.05,0.2,1.065833008,Yes,106.5833008,1,Exact solution,326.8162498,No,0.005042257,0.210731738,0.07806961018,5.171348,0.129712738,10,326.8162498,0.0008300182902,6,318.5654597,9.816121494e-05,4,173
Apartment_env.dae,around_wall,RRTstar,Yes,10,42,340,0.002,0.05,0.2,1.065833008,Yes,106.5833008,1,Exact solution,335.7173136,No,0.003171982,0.1325670786,0.04911201437,5.171348,0.129712738,10,335.7173136,0.001523439026,6,309.6012138,0.0008589246064,5,126
Apartment_env.dae,around_wall,RRTstar,Yes,1,42,340,0.002,0.05,0.5,1.065833008,Yes,266.4582519,1,Exact solution,327.1036129,No,0.027394256,1.113873361,0.409463082,9.509411,0.23961022,10,327.1036129,0.0005152670768,5,296.7922521,0.0003926048892,5,313
Apartment_env.dae,around_wall,RRTstar,Yes,2,42,340,0.002,0.05,0.5,1.065833008,Yes,266.4582519,1,Exact solution,319.9141805,No,0.026244858,1.067137877,0.3922829824,9.509411,0.23961022,10,319.9141805,0.0001549649049,4,319.0710457,0.001558537671,5,315
Apartment_env.dae,around_wall,RRTstar,Yes,3,42,340,0.002,0.05,0.5,1.065833008,Yes,266.4582519,1,Exact solution,327.1891729,No,0.00355458,0.1445321958,0.05313045486,9.509411,0.23961022,10,327.1891729,0.0001102903471,4,327.1891729,0.0001102903471,4,84
Apartment_env.dae,around_wall,RRTstar,Yes,4,42,340,0.002,0.05,0.5,1.065833008,Yes,266.4582519,1,Exact solution,334.5111172,No,0.005534385,0.225032723,0.08272268241,9.509411,0.23961022,10,334.5111172,0.0006151288274,5,303.657663,0.001998709609,6,98
Apartment_env.dae,around_wall,RRTstar,Yes,5,42,340,0.002,0.05,0.5,1.065833008,Yes,266.4582519,1,Exact solution,324.6756802,No,0.004720008,0.191919473,0.07055015558,9.509411,0.23961022,10,324.6756802,0.0001659314309,4,317.627031,0.0004124037152,5,97
Apartment_env.dae,around_wall,RRTstar,Yes,6,42,340,0.002,0.05,0.5,1.065833008,Yes,266.4582519,1,Exact solution,338.9146054,No,0.00734114,0.2984968924,0.1097283244,9.509411,0.23961022,10,338.9146054,0.00063774903,5,307.4812275,0.0003740917085,5,119
Apartment_env.dae,around_wall,RRTstar,Yes,7,42,340,0.002,0.05,0.5,1.065833008,Yes,266.4582519,1,Exact solution,311.3503908,No,0.065512842,2.66380695,0.9792231698,9.509411,0.23961022,10,311.3503908,0.0001218573543,4,306.0779672,0.000657891264,5,469
Apartment_env.dae,around_wall,RRTstar,Yes,8,42,340,0.002,0.05,0.5,1.065833008,Yes,266.4582519,1,Exact solution,333.2111546,No,0.012732815,0.5177269074,0.1903179145,9.509411,0.23961022,10,333.2111546,0.0005073535304,5,305.2681747,0.001723269844,8,156
Apartment_env.dae,around_wall,RRTstar,Yes,9,42,340,0.002,0.05,0.5,1.065833008,Yes,266.4582519,1,Exact solution,333.8813431,No,0.002403934,0.09774596706,0.03593170132,9.509411,0.23961022,10,333.8813431,0.0001374180236,4,314.673182,0.0001527253191,5,61
Apartment_env.dae,around_wall,RRTstar,Yes,10,42,340,0.002,0.05,0.5,1.065833008,Yes,266.4582519,1,Exact solution,321.5538453,No,0.078432687,3.189138653,1.17233663,9.509411,0.23961022,10,321.5538453,0.0004166250923,5,301.3142659,0.0005539497265,7,506
Apartment_env.dae,around_wall,RRTstar,Yes,1,42,340,0.002,0.15,0.05,1.065833008,Yes,26.64582519,1,Exact solution,336.8895374,No,0.203426467,8.448834083,3.293417094,112.384935,2.732354018,10,336.8895374,0.01284792617,16,303.0623347,0.000440740904,5,2447
Apartment_env.dae,around_wall,RRTstar,Yes,2,42,340,0.002,0.15,0.05,1.065833008,Yes,26.64582519,1,Exact solution,336.3480226,No,0.264294232,10.97683182,4.278849033,112.384935,2.732354018,10,336.3480226,0.01798348931,18,296.0128558,0.000449487738,6,3006
Apartment_env.dae,around_wall,RRTstar,Yes,3,42,340,0.002,0.15,0.05,1.065833008,Yes,26.64582519,1,Exact solution,337.2831604,No,0.42705529,17.73672493,6.913904631,112.384935,2.732354018,10,337.2831604,0.009793496408,17,304.0473675,0.0006662095553,6,4361
Apartment_env.dae,around_wall,RRTstar,Yes,4,42,340,0.002,0.15,0.05,1.065833008,Yes,26.64582519,1,Exact solution,339.9015048,No,0.341795151,14.19564801,5.533567041,112.384935,2.732354018,10,339.9015048,0.018938491,18,304.2576289,0.0003232945132,6,3699
Apartment_env.dae,around_wall,RRTstar,Yes,5,42,340,0.002,0.15,0.05,1.065833008,Yes,26.64582519,1,Exact solution,332.3786429,No,0.13992788,5.81157142,2.26539289,112.384935,2.732354018,10,332.3786429,0.02113808004,18,295.9455513,0.0006968500929,6,1830
Apartment_env.dae,around_wall,RRTstar,Yes,6,42,340,0.002,0.15,0.05,1.065833008,Yes,26.64582519,1,Exact solution,336.7657095,No,0.166512058,6.915681974,2.69578323,112.384935,2.732354018,10,336.7657095,0.007331325856,15,318.4738384,9.904546973e-05,4,2105
Apartment_env.dae,around_wall,RRTstar,Yes,7,42,340,0.002,0.15,0.05,1.065833008,Yes,26.64582519,1,Exact solution,335.8859518,No,0.363231353,15.08594963,5.880613102,112.384935,2.732354018,10,335.8859518,0.02952305971,18,295.7688049,0.0009316742412,6,3886
Apartment_env.dae,around_wall,RRTstar,Yes,8,42,340,0.002,0.15,0.05,1.065833008,Yes,26.64582519,1,Exact solution,337.575644,No,0.283708619,11.78316217,4.59316248,112.384935,2.732354018,10,337.575644,0.01525668744,19,296.5637419,0.001758605518,7,3182
Apartment_env.dae,around_wall,RRTstar,Yes,9,42,340,0.002,0.15,0.05,1.065833008,Yes,26.64582519,1,Exact solution,339.5568822,No,0.232880477,9.672136278,3.770269204,112.384935,2.732354018,10,339.5568822,0.02431511266,19,299.4722401,0.003559136029,7,2725
Apartment_env.dae,around_wall,RRTstar,Yes,10,42,340,0.002,0.15,0.05,1.065833008,Yes,26.64582519,1,Exact solution,337.3682956,No,0.283112281,11.75839469,4.583507936,112.384935,2.732354018,10,337.3682956,0.02048972639,19,306.659529,0.0008886891998,7,3162
Apartment_env.dae,around_wall,RRTstar,Yes,1,42,340,0.002,0.15,0.2,1.065833008,Yes,106.5833008,1,Exact solution,332.7966816,No,0.016227806,0.6859248657,0.2540664887,4.640476,0.116409704,10,332.7966816,0.0006255221585,5,307.7150475,0.001031066554,5,331
Apartment_env.dae,around_wall,RRTstar,Yes,2,42,340,0.002,0.15,0.2,1.065833008,Yes,106.5833008,1,Exact solution,334.2254517,No,0.002597313,0.1097845002,0.04066416581,4.640476,0.116409704,10,334.2254517,0.0004895797828,5,311.8956683,0.001120706894,7,107
Apartment_env.dae,around_wall,RRTstar,Yes,3,42,340,0.002,0.15,0.2,1.065833008,Yes,106.5833008,1,Exact solution,339.7214656,No,0.003991849,0.168729432,0.06249736155,4.640476,0.116409704,10,339.7214656,0.0009441861859,7,306.5721985,0.00224665051,7,140
Apartment_env.dae,around_wall,RRTstar,Yes,4,42,340,0.002,0.15,0.2,1.065833008,Yes,106.5833008,1,Exact solution,321.9627433,No,0.011626979,0.4914548528,0.182034819,4.640476,0.116409704,10,321.9627433,0.001345368024,8,297.6648918,0.0005101384414,6,258
Apartment_env.dae,around_wall,RRTstar,Yes,5,42,340,0.002,0.15,0.2,1.065833008,Yes,106.5833008,1,Exact solution,327.7163059,No,0.015474988,0.6541043852,0.2422801864,4.640476,0.116409704,10,327.7163059,0.001145861039,7,303.9151845,0.002888754158,6,333
Apartment_env.dae,around_wall,RRTstar,Yes,6,42,340,0.002,0.15,0.2,1.065833008,Yes,106.5833008,1,Exact solution,332.4178311,No,0.011588979,0.4898486502,0.1814398818,4.640476,0.116409704,10,332.4178311,0.0001626699536,5,318.7759285,0.0001051404503,4,273
Apartment_env.dae,around_wall,RRTstar,Yes,7,42,340,0.002,0.15,0.2,1.065833008,Yes,106.5833008,1,Exact solution,328.1863157,No,0.00387953,0.1639818774,0.06073886789,4.640476,0.116409704,10,328.1863157,0.0005388676544,5,300.9905035,0.0004798465934,6,129
Apartment_env.dae,around_wall,RRTstar,Yes,8,42,340,0.002,0.15,0.2,1.065833008,Yes,106.5833008,1,Exact solution,326.2332348,No,0.014454351,0.6109635997,0.2263008446,4.640476,0.116409704,10,326.2332348,0.0008203403489,6,302.4756278,0.0007011046159,6,318
Apartment_env.dae,around_wall,RRTstar,Yes,9,42,340,0.002,0.15,0.2,1.065833008,Yes,106.5833008,1,Exact solution,334.2156419,No,0.01458824,0.6166228856,0.2283970435,4.640476,0.116409704,10,334.2156419,0.0006268640766,6,312.3123042,0.0006835671753,7,321
Apartment_env.dae,around_wall,RRTstar,Yes,10,42,340,0.002,0.15,0.2,1.065833008,Yes,106.5833008,1,Exact solution,327.7123836,No,0.015355669,0.6490609511,0.2404120991,4.640476,0.116409704,10,327.7123836,0.0008644705848,6,300.4474645,0.0007064692633,6,324
Apartment_env.dae,around_wall,RRTstar,Yes,1,42,340,0.002,0.15,0.5,1.065833008,Yes,266.4582519,1,Exact solution,324.2230547,No,0.053727434,2.242910068,0.8660915224,11.603938,0.283812879,10,324.2230547,0.0005660957556,5,303.5953625,0.000459015514,5,444
Apartment_env.dae,around_wall,RRTstar,Yes,2,42,340,0.002,0.15,0.5,1.065833008,Yes,266.4582519,1,Exact solution,326.445527,No,0.032742711,1.366880022,0.5278157229,11.603938,0.283812879,10,326.445527,0.0003407078713,5,303.9915072,0.001201028551,7,278
Apartment_env.dae,around_wall,RRTstar,Yes,3,42,340,0.002,0.15,0.5,1.065833008,Yes,266.4582519,1,Exact solution,334.8263239,No,0.007819599,0.3264376506,0.1260527053,11.603938,0.283812879,10,334.8263239,0.0002338767343,5,319.4398181,0.0001264673452,5,138
Apartment_env.dae,around_wall,RRTstar,Yes,4,42,340,0.002,0.15,0.5,1.065833008,Yes,266.4582519,1,Exact solution,327.2026125,No,0.035461333,1.480371849,0.5716401771,11.603938,0.283812879,10,327.2026125,0.000685708725,6,302.2525472,0.000819079553,7,423
Apartment_env.dae,around_wall,RRTstar,Yes,5,42,340,0.002,0.15,0.5,1.065833008,Yes,266.4582519,1,Exact solution,324.0896603,No,0.014815689,0.6184970238,0.2388303644,11.603938,0.283812879,10,324.0896603,0.0003665917959,5,305.8103372,0.0004698721022,5,247
Apartment_env.dae,around_wall,RRTstar,Yes,6,42,340,0.002,0.15,0.5,1.065833008,Yes,266.4582519,1,Exact solution,314.7265129,No,0.079102205,3.302207435,1.275135328,11.603938,0.283812879,10,314.7265129,0.0006799862174,6,300.9534708,0.000348644347,5,578
Apartment_env.dae,around_wall,RRTstar,Yes,7,42,340,0.002,0.15,0.5,1.065833008,Yes,266.4582519,1,Exact solution,336.9226023,No,0.019581177,0.8174374946,0.3156504999,11.603938,0.283812879,10,336.9226023,0.0002876261968,5,324.9665215,0.0002934456106,5,225
Apartment_env.dae,around_wall,RRTstar,Yes,8,42,340,0.002,0.15,0.5,1.065833008,Yes,266.4582519,1,Exact solution,335.6622823,No,0.016374536,0.6835727844,0.2639591314,11.603938,0.283812879,10,335.6622823,0.000519199617,5,310.1587968,0.0003335079247,5,224
Apartment_env.dae,around_wall,RRTstar,Yes,9,42,340,0.002,0.15,0.5,1.065833008,Yes,266.4582519,1,Exact solution,313.2808799,No,0.015530538,0.6483391715,0.2503538006,11.603938,0.283812879,10,313.2808799,0.0001821542951,4,313.2808799,0.0001821542951,4,203
Apartment_env.dae,around_wall,RRTstar,Yes,10,42,340,0.002,0.15,0.5,1.065833008,Yes,266.4582519,1,Exact solution,334.4868286,No,0.002809473,0.1172845008,0.04528898119,11.603938,0.283812879,10,334.4868286,0.000147606546,4,325.8057276,0.0002065366778,5,74
Apartment_env.dae,around_wall,InformedRRTstar,Yes,1,42,340,0.002,0.02,0.05,1.065833008,Yes,26.64582519,1,Exact solution,338.353502,No,0.251106848,10.52897503,4.161848012,59.586045,1.435700431,10,338.353502,0.01425855251,18,302.3668976,0.0004200101521,6,1945
Apartment_env.dae,around_wall,InformedRRTstar,Yes,2,42,340,0.002,0.02,0.05,1.065833008,Yes,26.64582519,1,Exact solution,337.8219467,No,0.113519032,4.759882347,1.881465844,59.586045,1.435700431,10,337.8219467,0.01544032523,16,299.4058648,0.0003489457707,5,906
Apartment_env.dae,around_wall,InformedRRTstar,Yes,3,42,340,0.002,0.02,0.05,1.065833008,Yes,26.64582519,1,Exact solution,336.4238251,No,0.086501505,3.627030458,1.433677016,59.586045,1.435700431,10,336.4238251,0.01640477725,17,300.882223,0.0004050800348,6,1009
Apartment_env.dae,around_wall,InformedRRTstar,Yes,4,42,340,0.002,0.02,0.05,1.065833008,Yes,26.64582519,1,Exact solution,336.5483299,No,0.141234347,5.921992667,2.340819818,59.586045,1.435700431,10,336.5483299,0.01500936206,17,306.532132,0.0008219786383,5,1234
Apartment_env.dae,around_wall,InformedRRTstar,Yes,5,42,340,0.002,0.02,0.05,1.065833008,Yes,26.64582519,1,Exact solution,333.9431878,No,0.122795917,5.148864532,2.035221051,59.586045,1.435700431,10,333.9431878,0.01874520145,17,297.268873,0.0004675826865,6,1201
Apartment_env.dae,around_wall,InformedRRTstar,Yes,6,42,340,0.002,0.02,0.05,1.065833008,Yes,26.64582519,1,Exact solution,338.7128144,No,0.196953255,8.258300878,3.26430569,59.586045,1.435700431,10,338.7128144,0.02018189674,18,304.4506704,0.00113178468,7,1619
Apartment_env.dae,around_wall,InformedRRTstar,Yes,7,42,340,0.002,0.02,0.05,1.065833008,Yes,26.64582519,1,Exact solution,331.154737,No,0.131442613,5.51142273,2.178531498,59.586045,1.435700431,10,331.154737,0.01903587596,18,295.8447747,0.007237343388,8,1108
Apartment_env.dae,around_wall,InformedRRTstar,Yes,8,42,340,0.002,0.02,0.05,1.065833008,Yes,26.64582519,1,Exact solution,339.7597054,No,0.105631893,4.429172571,1.750744304,59.586045,1.435700431,10,339.7597054,0.02057878862,17,298.2140948,0.0003968282525,5,975
Apartment_env.dae,around_wall,InformedRRTstar,Yes,9,42,340,0.002,0.02,0.05,1.065833008,Yes,26.64582519,1,Exact solution,328.2652064,No,0.123702754,5.186888442,2.050250979,59.586045,1.435700431,10,328.2652064,0.01435008237,16,301.2263623,0.0005038737296,5,1235
Apartment_env.dae,around_wall,InformedRRTstar,Yes,10,42,340,0.002,0.02,0.05,1.065833008,Yes,26.64582519,1,Exact solution,334.3045175,No,0.148186908,6.213515347,2.456051651,59.586045,1.435700431,10,334.3045175,0.01969555005,17,298.6905951,0.0003946615944,6,1262
Apartment_env.dae,around_wall,InformedRRTstar,Yes,1,42,340,0.002,0.02,0.2,1.065833008,Yes,106.5833008,1,Exact solution,321.5158992,No,0.016823674,0.7394532389,0.301485699,6.309489,0.148897446,10,321.5158992,0.0003967636508,5,313.8723467,0.0004507619963,5,118
Apartment_env.dae,around_wall,InformedRRTstar,Yes,2,42,340,0.002,0.02,0.2,1.065833008,Yes,106.5833008,1,Exact solution,329.2797414,No,0.009476584,0.4165255896,0.1698234613,6.309489,0.148897446,10,329.2797414,0.0003819419406,5,320.4444022,0.0006662326888,7,114
Apartment_env.dae,around_wall,InformedRRTstar,Yes,3,42,340,0.002,0.02,0.2,1.065833008,Yes,106.5833008,1,Exact solution,333.9505357,No,0.002218384,0.09750493465,0.03975416136,6.309489,0.148897446,10,333.9505357,0.001981626208,7,312.5640677,0.001261364022,6,73
Apartment_env.dae,around_wall,InformedRRTstar,Yes,4,42,340,0.002,0.02,0.2,1.065833008,Yes,106.5833008,1,Exact solution,338.7452576,No,0.006595982,0.2899140969,0.1182021385,6.309489,0.148897446,10,338.7452576,0.003260755711,7,307.5996897,0.0005079820433,6,133
Apartment_env.dae,around_wall,InformedRRTstar,Yes,5,42,340,0.002,0.02,0.2,1.065833008,Yes,106.5833008,1,Exact solution,330.581897,No,0.005094326,0.2239116058,0.09129197552,6.309489,0.148897446,10,330.581897,0.000567456004,5,295.7733233,0.0004691074149,6,131
Apartment_env.dae,around_wall,InformedRRTstar,Yes,6,42,340,0.002,0.02,0.2,1.065833008,Yes,106.5833008,1,Exact solution,338.6123929,No,0.007195081,0.316246377,0.128938187,6.309489,0.148897446,10,338.6123929,0.0006667061816,6,320.4501551,0.0001324032364,5,129
Apartment_env.dae,around_wall,InformedRRTstar,Yes,7,42,340,0.002,0.02,0.2,1.065833008,Yes,106.5833008,1,Exact solution,309.097206,No,0.012243677,0.5381480058,0.2194106661,6.309489,0.148897446,10,309.097206,0.0004141922195,5,300.6001798,0.0004209168942,5,86
Apartment_env.dae,around_wall,InformedRRTstar,Yes,8,42,340,0.002,0.02,0.2,1.065833008,Yes,106.5833008,1,Exact solution,327.0750561,No,0.040062101,1.760854992,0.7179258539,6.309489,0.148897446,10,327.0750561,0.0006699031969,6,296.3352317,0.0006070487093,7,246
Apartment_env.dae,around_wall,InformedRRTstar,Yes,9,42,340,0.002,0.02,0.2,1.065833008,Yes,106.5833008,1,Exact solution,329.6008774,No,0.022423949,0.9856028901,0.4018444448,6.309489,0.148897446,10,329.6008774,0.0008807172796,7,306.2273025,0.0002713666867,5,229
Apartment_env.dae,around_wall,InformedRRTstar,Yes,10,42,340,0.002,0.02,0.2,1.065833008,Yes,106.5833008,1,Exact solution,320.3967594,No,0.021416612,0.9413272695,0.3837926388,6.309489,0.148897446,10,320.3967594,0.0004527768577,5,297.7213483,0.00296456411,7,152
Apartment_env.dae,around_wall,InformedRRTstar,Yes,1,42,340,0.002,0.02,0.5,1.065833008,Yes,266.4582519,1,Exact solution,334.5291626,No,0.04798436,2.023935546,0.795083504,11.539061,0.279148462,10,334.5291626,0.0001123057418,4,325.3089167,0.0001570447625,5,204
Apartment_env.dae,around_wall,InformedRRTstar,Yes,2,42,340,0.002,0.02,0.5,1.065833008,Yes,266.4582519,1,Exact solution,331.4138248,No,0.028296583,1.193523476,0.4688641541,11.539061,0.279148462,10,331.4138248,0.0001143438064,4,327.3873696,0.0001100468905,4,120
Apartment_env.dae,around_wall,InformedRRTstar,Yes,3,42,340,0.002,0.02,0.5,1.065833008,Yes,266.4582519,1,Exact solution,335.3368211,No,0.034633175,1.460795016,0.5738591936,11.539061,0.279148462,10,335.3368211,0.0002161800902,4,304.3610214,0.000338964649,6,247
Apartment_env.dae,around_wall,InformedRRTstar,Yes,4,42,340,0.002,0.02,0.5,1.065833008,Yes,266.4582519,1,Exact solution,338.4100251,No,0.0039735,0.1675985236,0.06583945901,11.539061,0.279148462,10,338.4100251,0.0006407007089,5,300.9177207,0.0006356806725,6,73
Apartment_env.dae,around_wall,InformedRRTstar,Yes,5,42,340,0.002,0.02,0.5,1.065833008,Yes,266.4582519,1,Exact solution,316.8237868,No,0.015098179,0.6368271069,0.2501713697,11.539061,0.279148462,10,316.8237868,0.0002043878219,4,295.3245394,0.0004947161137,6,81
Apartment_env.dae,around_wall,InformedRRTstar,Yes,6,42,340,0.002,0.02,0.5,1.065833008,Yes,266.4582519,1,Exact solution,338.335267,No,0.026553448,1.119999668,0.4399810372,11.539061,0.279148462,10,338.335267,0.0002351402136,5,318.2613639,0.0002199197785,5,153
Apartment_env.dae,around_wall,InformedRRTstar,Yes,7,42,340,0.002,0.02,0.5,1.065833008,Yes,266.4582519,1,Exact solution,336.8926329,No,0.009418804,0.397276367,0.1560661784,11.539061,0.279148462,10,336.8926329,0.0003950663956,5,306.5175794,0.0005545196944,6,90
Apartment_env.dae,around_wall,InformedRRTstar,Yes,8,42,340,0.002,0.02,0.5,1.065833008,Yes,266.4582519,1,Exact solution,326.6937436,No,0.045802336,1.931899809,0.7589281549,11.539061,0.279148462,10,326.6937436,0.0005428980873,5,301.0635798,0.0004168725034,5,171
Apartment_env.dae,around_wall,InformedRRTstar,Yes,9,42,340,0.002,0.02,0.5,1.065833008,Yes,266.4582519,1,Exact solution,332.4241071,No,0.015300988,0.6453814014,0.2535318415,11.539061,0.279148462,10,332.4241071,0.0002311050589,4,332.4241071,0.0002311050589,4,113
Apartment_env.dae,around_wall,InformedRRTstar,Yes,10,42,340,0.002,0.02,0.5,1.065833008,Yes,266.4582519,1,Exact solution,310.0680276,No,0.046511794,1.961824086,0.7706836176,11.539061,0.279148462,10,310.0680276,0.0003308926318,5,300.8532495,0.001096466698,7,142
Apartment_env.dae,around_wall,InformedRRTstar,Yes,1,42,340,0.002,0.05,0.05,1.065833008,Yes,26.64582519,1,Exact solution,339.000528,No,0.171470684,6.952569389,2.604247103,66.493311,1.65697595,10,339.000528,0.03846127547,18,296.2911903,0.001279950206,7,1649
Apartment_env.dae,around_wall,InformedRRTstar,Yes,2,42,340,0.002,0.05,0.05,1.065833008,Yes,26.64582519,1,Exact solution,338.5645964,No,0.199847667,8.103162241,3.035228505,66.493311,1.65697595,10,338.5645964,0.03310913263,19,299.3435382,0.0005173454897,6,1624
Apartment_env.dae,around_wall,InformedRRTstar,Yes,3,42,340,0.002,0.05,0.05,1.065833008,Yes,26.64582519,1,Exact solution,334.358448,No,0.196069557,7.949972371,2.977847664,66.493311,1.65697595,10,334.358448,0.02177421969,17,299.1962709,0.0003557982223,5,1832
Apartment_env.dae,around_wall,InformedRRTstar,Yes,4,42,340,0.002,0.05,0.05,1.065833008,Yes,26.64582519,1,Exact solution,339.612337,No,0.117327221,4.757230952,1.781931863,66.493311,1.65697595,10,339.612337,0.01806020127,17,298.7240926,0.0008829092951,7,1055
Apartment_env.dae,around_wall,InformedRRTstar,Yes,5,42,340,0.002,0.05,0.05,1.065833008,Yes,26.64582519,1,Exact solution,338.7285271,No,0.13634996,5.528540133,2.070843716,66.493311,1.65697595,10,338.7285271,0.02654119438,18,307.9614872,0.0008832881151,6,1351
Apartment_env.dae,around_wall,InformedRRTstar,Yes,6,42,340,0.002,0.05,0.05,1.065833008,Yes,26.64582519,1,Exact solution,337.6963616,No,0.123032636,4.988566669,1.868584054,66.493311,1.65697595,10,337.6963616,0.0235367117,17,298.3215732,0.001096909134,7,1382
Apartment_env.dae,around_wall,InformedRRTstar,Yes,7,42,340,0.002,0.05,0.05,1.065833008,Yes,26.64582519,1,Exact solution,335.4611969,No,0.09937838,4.029464784,1.509330063,66.493311,1.65697595,10,335.4611969,0.03478358754,17,298.9181463,0.0004994737683,5,816
Apartment_env.dae,around_wall,InformedRRTstar,Yes,8,42,340,0.002,0.05,0.05,1.065833008,Yes,26.64582519,1,Exact solution,335.2646251,No,0.220444011,8.938275903,3.348039815,66.493311,1.65697595,10,335.2646251,0.02197474175,18,295.4089948,0.002042280625,8,1579
Apartment_env.dae,around_wall,InformedRRTstar,Yes,9,42,340,0.002,0.05,0.05,1.065833008,Yes,26.64582519,1,Exact solution,336.6387488,No,0.22453011,9.10395371,3.410098303,66.493311,1.65697595,10,336.6387488,0.0120047906,18,311.2423193,0.0003258927767,5,1759
Apartment_env.dae,around_wall,InformedRRTstar,Yes,10,42,340,0.002,0.05,0.05,1.065833008,Yes,26.64582519,1,Exact solution,339.9609527,No,0.151469188,6.141574847,2.300470173,66.493311,1.65697595,10,339.9609527,0.02359473608,18,295.7567896,0.01750543804,7,1457
Apartment_env.dae,around_wall,InformedRRTstar,Yes,1,42,340,0.002,0.05,0.2,1.065833008,Yes,106.5833008,1,Exact solution,329.4053284,No,0.031113566,1.309961821,0.4846652882,4.00608,0.100561757,10,329.4053284,0.000447320278,5,301.1644516,0.0003995207285,5,212
Apartment_env.dae,around_wall,InformedRRTstar,Yes,2,42,340,0.002,0.05,0.2,1.065833008,Yes,106.5833008,1,Exact solution,337.8007186,No,0.001646315,0.06931413118,0.02564513929,4.00608,0.100561757,10,337.8007186,0.0008363513588,6,294.3122989,0.0004570157655,6,63
Apartment_env.dae,around_wall,InformedRRTstar,Yes,3,42,340,0.002,0.05,0.2,1.065833008,Yes,106.5833008,1,Exact solution,336.7387941,No,0.010036073,0.4225447016,0.1563348995,4.00608,0.100561757,10,336.7387941,0.001154505025,7,307.2525539,0.001029116407,7,118
Apartment_env.dae,around_wall,InformedRRTstar,Yes,4,42,340,0.002,0.05,0.2,1.065833008,Yes,106.5833008,1,Exact solution,338.7086039,No,0.001825866,0.07687369395,0.02844205872,4.00608,0.100561757,10,338.7086039,0.001184697105,6,312.2483483,0.0005941770613,6,73
Apartment_env.dae,around_wall,InformedRRTstar,Yes,5,42,340,0.002,0.05,0.2,1.065833008,Yes,106.5833008,1,Exact solution,324.0429196,No,0.006645061,0.2797743019,0.1035120952,4.00608,0.100561757,10,324.0429196,0.0008534643115,6,300.6107734,0.0007504367996,6,77
Apartment_env.dae,around_wall,InformedRRTstar,Yes,6,42,340,0.002,0.05,0.2,1.065833008,Yes,106.5833008,1,Exact solution,335.7810614,No,0.01107734,0.4663847429,0.1725550258,4.00608,0.100561757,10,335.7810614,0.000578040926,5,296.9069343,0.0007753335312,8,125
Apartment_env.dae,around_wall,InformedRRTstar,Yes,7,42,340,0.002,0.05,0.2,1.065833008,Yes,106.5833008,1,Exact solution,333.2102728,No,0.00382758,0.1611510448,0.05962335413,4.00608,0.100561757,10,333.2102728,0.0008467048139,6,303.2205339,0.001040720082,6,112
Apartment_env.dae,around_wall,InformedRRTstar,Yes,8,42,340,0.002,0.05,0.2,1.065833008,Yes,106.5833008,1,Exact solution,339.6419777,No,0.002461454,0.1036335971,0.03834280238,4.00608,0.100561757,10,339.6419777,0.0008497446508,6,316.4864434,0.001638344404,8,65
Apartment_env.dae,around_wall,InformedRRTstar,Yes,9,42,340,0.002,0.05,0.2,1.065833008,Yes,106.5833008,1,Exact solution,314.5069414,No,0.021223072,0.8935463728,0.3305981162,4.00608,0.100561757,10,314.5069414,0.0004265610256,5,305.197964,0.003411992706,7,142
Apartment_env.dae,around_wall,InformedRRTstar,Yes,10,42,340,0.002,0.05,0.2,1.065833008,Yes,106.5833008,1,Exact solution,339.0092776,No,0.005294106,0.2228955928,0.0824678666,4.00608,0.100561757,10,339.0092776,0.0007452325502,6,302.8848237,0.0002238447952,6,91
Apartment_env.dae,around_wall,InformedRRTstar,Yes,1,42,340,0.002,0.05,0.5,1.065833008,Yes,266.4582519,1,Exact solution,327.1007347,No,0.002840512,0.1159159818,0.04269760341,6.647758,0.167306896,10,327.1007347,0.001218464516,5,295.3322474,0.06150946668,8,36
Apartment_env.dae,around_wall,InformedRRTstar,Yes,2,42,340,0.002,0.05,0.5,1.065833008,Yes,266.4582519,1,Exact solution,310.7508626,No,0.016207176,0.6613845383,0.2436207181,6.647758,0.167306896,10,310.7508626,0.0008882309949,6,303.6946904,0.0009002527256,6,70
Apartment_env.dae,around_wall,InformedRRTstar,Yes,3,42,340,0.002,0.05,0.5,1.065833008,Yes,266.4582519,1,Exact solution,321.6387403,No,0.050646072,2.066771469,0.7612944063,6.647758,0.167306896,10,321.6387403,0.0004498953975,5,303.9662263,0.0004345444561,5,128
Apartment_env.dae,around_wall,InformedRRTstar,Yes,4,42,340,0.002,0.05,0.5,1.065833008,Yes,266.4582519,1,Exact solution,331.4088068,No,0.017092894,0.6975290332,0.2569345277,6.647758,0.167306896,10,331.4088068,0.0002076921331,4,322.9646415,0.000169517228,4,134
Apartment_env.dae,around_wall,InformedRRTstar,Yes,5,42,340,0.002,0.05,0.5,1.065833008,Yes,266.4582519,1,Exact solution,314.7472076,No,0.002775782,0.1132744715,0.04172460423,6.647758,0.167306896,10,314.7472076,0.0001409963908,4,303.0006208,0.0001122651863,4,24
Apartment_env.dae,around_wall,InformedRRTstar,Yes,6,42,340,0.002,0.05,0.5,1.065833008,Yes,266.4582519,1,Exact solution,319.2142183,No,0.016296286,0.6650209508,0.2449601891,6.647758,0.167306896,10,319.2142183,0.0002095707737,4,304.7612373,0.0002515601889,5,110
Apartment_env.dae,around_wall,InformedRRTstar,Yes,7,42,340,0.002,0.05,0.5,1.065833008,Yes,266.4582519,1,Exact solution,326.4519942,No,0.021163672,0.8636498694,0.3181250682,6.647758,0.167306896,10,326.4519942,0.001359055651,7,304.3001798,0.002408788178,8,163
Apartment_env.dae,around_wall,InformedRRTstar,Yes,8,42,340,0.002,0.05,0.5,1.065833008,Yes,266.4582519,1,Exact solution,331.1053282,No,0.005221665,0.2130863819,0.07849027969,6.647758,0.167306896,10,331.1053282,0.0004445618555,6,311.48058,0.0005251757394,6,76
Apartment_env.dae,around_wall,InformedRRTstar,Yes,9,42,340,0.002,0.05,0.5,1.065833008,Yes,266.4582519,1,Exact solution,332.2247939,No,0.008529497,0.3480728188,0.1282124773,6.647758,0.167306896,10,332.2247939,0.0005326479699,5,307.8877917,0.001206822809,7,76
Apartment_env.dae,around_wall,InformedRRTstar,Yes,10,42,340,0.002,0.05,0.5,1.065833008,Yes,266.4582519,1,Exact solution,322.8614741,No,0.02212923,0.9030524853,0.3326390054,6.647758,0.167306896,10,322.8614741,0.000565080848,5,304.3320529,0.0005558241761,6,136
Apartment_env.dae,around_wall,InformedRRTstar,Yes,1,42,340,0.002,0.15,0.05,1.065833008,Yes,26.64582519,1,Exact solution,337.0098939,No,0.067964656,2.732977855,1.006033581,52.848356,1.330563316,10,337.0098939,0.0280205482,18,295.7923058,0.002963447446,8,852
Apartment_env.dae,around_wall,InformedRRTstar,Yes,2,42,340,0.002,0.15,0.05,1.065833008,Yes,26.64582519,1,Exact solution,332.7998873,No,0.161379522,6.489353229,2.388788937,52.848356,1.330563316,10,332.7998873,0.02466629178,20,301.9764498,0.0008645710404,6,1595
Apartment_env.dae,around_wall,InformedRRTstar,Yes,3,42,340,0.002,0.15,0.05,1.065833008,Yes,26.64582519,1,Exact solution,337.2723152,No,0.141366167,5.684581172,2.092545148,52.848356,1.330563316,10,337.2723152,0.02088797011,19,301.0884134,0.0005402939608,5,1460
Apartment_env.dae,around_wall,InformedRRTstar,Yes,4,42,340,0.002,0.15,0.05,1.065833008,Yes,26.64582519,1,Exact solution,339.8855423,No,0.155432538,6.250214587,2.300759865,52.848356,1.330563316,10,339.8855423,0.02820461892,18,303.3170534,0.001751514523,7,1330
Apartment_env.dae,around_wall,InformedRRTstar,Yes,5,42,340,0.002,0.15,0.05,1.065833008,Yes,26.64582519,1,Exact solution,339.8739273,No,0.129540018,5.209031008,1.917490882,52.848356,1.330563316,10,339.8739273,0.01962812295,17,297.4007825,0.0007148058966,6,1302
Apartment_env.dae,around_wall,InformedRRTstar,Yes,6,42,340,0.002,0.15,0.05,1.065833008,Yes,26.64582519,1,Exact solution,336.8071885,No,0.135526332,5.449751179,2.006102128,52.848356,1.330563316,10,336.8071885,0.01332847047,16,298.0996877,0.0004145693287,5,1189
Apartment_env.dae,around_wall,InformedRRTstar,Yes,7,42,340,0.002,0.15,0.05,1.065833008,Yes,26.64582519,1,Exact solution,338.5565087,No,0.072959642,2.933834991,1.079970888,52.848356,1.330563316,10,338.5565087,0.0121141096,16,299.9312045,0.0006059064276,6,781
Apartment_env.dae,around_wall,InformedRRTstar,Yes,8,42,340,0.002,0.15,0.05,1.065833008,Yes,26.64582519,1,Exact solution,339.6688494,No,0.178949434,7.195870164,2.648864137,52.848356,1.330563316,10,339.6688494,0.02709206638,18,298.8237311,0.0005563770748,6,1360
Apartment_env.dae,around_wall,InformedRRTstar,Yes,9,42,340,0.002,0.15,0.05,1.065833008,Yes,26.64582519,1,Exact solution,338.6482088,No,0.194317942,7.813864788,2.876353483,52.848356,1.330563316,10,338.6482088,0.0114792814,18,302.5224024,0.000788674483,7,1773
Apartment_env.dae,around_wall,InformedRRTstar,Yes,10,42,340,0.002,0.15,0.05,1.065833008,Yes,26.64582519,1,Exact solution,331.5998991,No,0.076815282,3.088877028,1.137043248,52.848356,1.330563316,10,331.5998991,0.01194240999,15,309.0389981,0.00184864043,7,777
Apartment_env.dae,around_wall,InformedRRTstar,Yes,1,42,340,0.002,0.15,0.2,1.065833008,Yes,106.5833008,1,Exact solution,328.8338421,No,0.00742566,0.3211220824,0.1279009795,7.962174,0.190887681,10,328.8338421,0.0006573954918,6,304.6078621,0.0009343553308,7,120
Apartment_env.dae,around_wall,InformedRRTstar,Yes,2,42,340,0.002,0.15,0.2,1.065833008,Yes,106.5833008,1,Exact solution,336.0606208,No,0.006126043,0.2649202475,0.1055161292,7.962174,0.190887681,10,336.0606208,0.0005671502154,6,302.8229507,0.0004907496607,6,101
Apartment_env.dae,around_wall,InformedRRTstar,Yes,3,42,340,0.002,0.15,0.2,1.065833008,Yes,106.5833008,1,Exact solution,322.7214254,No,0.013996341,0.6052706651,0.2410756382,7.962174,0.190887681,10,322.7214254,0.0006578511502,6,297.9614848,0.00071985789,7,144
Apartment_env.dae,around_wall,InformedRRTstar,Yes,4,42,340,0.002,0.15,0.2,1.065833008,Yes,106.5833008,1,Exact solution,332.8442046,No,0.013373724,0.578345642,0.2303515646,7.962174,0.190887681,10,332.8442046,0.001993636836,7,309.7875149,0.0006287957891,7,146
Apartment_env.dae,around_wall,InformedRRTstar,Yes,5,42,340,0.002,0.15,0.2,1.065833008,Yes,106.5833008,1,Exact solution,325.2738012,No,0.000604529,0.02614280903,0.01041252242,7.962174,0.190887681,10,325.2738012,0.0004863168018,5,313.9328216,0.0004606389965,5,18
Apartment_env.dae,around_wall,InformedRRTstar,Yes,6,42,340,0.002,0.15,0.2,1.065833008,Yes,106.5833008,1,Exact solution,331.5724187,No,0.004456778,0.1927330139,0.07676439154,7.962174,0.190887681,10,331.5724187,0.001156436215,7,309.1878633,0.0002401335194,6,67
Apartment_env.dae,around_wall,InformedRRTstar,Yes,7,42,340,0.002,0.15,0.2,1.065833008,Yes,106.5833008,1,Exact solution,331.5479826,No,0.017846551,0.7717726936,0.3073923872,7.962174,0.190887681,10,331.5479826,0.0007692980399,6,306.4387929,0.0008312348278,7,162
Apartment_env.dae,around_wall,InformedRRTstar,Yes,8,42,340,0.002,0.15,0.2,1.065833008,Yes,106.5833008,1,Exact solution,313.1656723,No,0.032693241,1.413816634,0.5631145982,7.962174,0.190887681,10,313.1656723,0.0004493653269,5,301.9482403,0.001297417972,7,186
Apartment_env.dae,around_wall,InformedRRTstar,Yes,9,42,340,0.002,0.15,0.2,1.065833008,Yes,106.5833008,1,Exact solution,306.4354041,No,0.023399036,1.011889471,0.4030294444,7.962174,0.190887681,10,306.4354041,0.0005838172987,6,297.2619265,0.0004490623628,6,134
Apartment_env.dae,around_wall,InformedRRTstar,Yes,10,42,340,0.002,0.15,0.2,1.065833008,Yes,106.5833008,1,Exact solution,306.027492,No,0.064196226,2.776160742,1.105728001,7.962174,0.190887681,10,306.027492,0.0004361377551,5,299.7998884,0.0005849407667,6,229
Apartment_env.dae,around_wall,InformedRRTstar,Yes,1,42,340,0.002,0.15,0.5,1.065833008,Yes,266.4582519,1,Exact solution,322.6529272,No,0.005663864,0.2372714103,0.09191843939,10.509039,0.256509443,10,322.6529272,0.0002133822588,4,297.4742614,0.001747737979,7,46
Apartment_env.dae,around_wall,InformedRRTstar,Yes,2,42,340,0.002,0.15,0.5,1.065833008,Yes,266.4582519,1,Exact solution,322.6322184,No,0.002882982,0.1207742992,0.04678770646,10.509039,0.256509443,10,322.6322184,0.0006799508148,6,305.2870166,0.00021791808,5,34
Apartment_env.dae,around_wall,InformedRRTstar,Yes,3,42,340,0.002,0.15,0.5,1.065833008,Yes,266.4582519,1,Exact solution,331.7203647,No,0.03315767,1.38904591,0.5381134293,10.509039,0.256509443,10,331.7203647,0.0005030868537,5,296.3416202,0.0006690998607,6,153
Apartment_env.dae,around_wall,InformedRRTstar,Yes,4,42,340,0.002,0.15,0.5,1.065833008,Yes,266.4582519,1,Exact solution,335.136408,No,0.09213406,3.859693375,1.495236999,10.509039,0.256509443,10,335.136408,0.0004838338187,5,303.4124668,0.002731466062,8,338
Apartment_env.dae,around_wall,InformedRRTstar,Yes,5,42,340,0.002,0.15,0.5,1.065833008,Yes,266.4582519,1,Exact solution,338.854561,No,0.008076808,0.3383548096,0.1310779331,10.509039,0.256509443,10,338.854561,0.0003015183988,5,317.5144055,0.0002238629766,6,112
Apartment_env.dae,around_wall,InformedRRTstar,Yes,6,42,340,0.002,0.15,0.5,1.065833008,Yes,266.4582519,1,Exact solution,323.794881,No,0.006833041,0.2862507424,0.1108929284,10.509039,0.256509443,10,323.794881,0.0004865311397,6,301.8637307,0.0004097499475,5,54
Apartment_env.dae,around_wall,InformedRRTstar,Yes,7,42,340,0.002,0.15,0.5,1.065833008,Yes,266.4582519,1,Exact solution,321.19379,No,0.049253857,2.063349705,0.7993372845,10.509039,0.256509443,10,321.19379,0.0007577844539,6,296.7545993,0.000453722598,6,149
Apartment_env.dae,around_wall,InformedRRTstar,Yes,8,42,340,0.002,0.15,0.5,1.065833008,Yes,266.4582519,1,Exact solution,338.5084333,No,0.005312695,0.2225601878,0.08621934308,10.509039,0.256509443,10,338.5084333,0.0005915963153,5,320.8094921,0.0001633147844,4,60
Apartment_env.dae,around_wall,InformedRRTstar,Yes,9,42,340,0.002,0.15,0.5,1.065833008,Yes,266.4582519,1,Exact solution,337.2064827,No,0.015304688,0.6411462045,0.2483786751,10.509039,0.256509443,10,337.2064827,0.0005956047049,5,302.7952773,0.0006443091748,6,112
Apartment_env.dae,around_wall,InformedRRTstar,Yes,10,42,340,0.002,0.15,0.5,1.065833008,Yes,266.4582519,1,Exact solution,329.0797087,No,0.032239752,1.350592356,0.5232166045,10.509039,0.256509443,10,329.0797087,0.0007780970631,6,313.7785235,0.0006645733176,6,134
Apartment_env.dae,around_wall,RRT,No,1,42,340,0.001,0.02,0.05,0.5329165038,Yes,26.64582519,1,Exact solution,473.4027106,No,0.005738155,0.3163920088,0.1286436697,2.160854,0.051090232,10,473.4027106,0.03549816199,20,323.0486354,0.0001827624471,5,692
Apartment_env.dae,around_wall,RRT,No,2,42,340,0.001,0.02,0.05,0.5329165038,Yes,26.64582519,1,Exact solution,515.2555329,No,0.007717279,0.4255175061,0.1730136413,2.160854,0.051090232,10,515.2555329,0.04446227969,23,324.4882088,0.0001019649884,4,926
Apartment_env.dae,around_wall,RRT,No,3,42,340,0.001,0.02,0.05,0.5329165038,Yes,26.64582519,1,Exact solution,915.7296279,No,0.004047879,0.223193094,0.09074938011,2.160854,0.051090232,10,915.7296279,0.04058084918,37,332.0966429,0.0004536204335,5,375
Apartment_env.dae,around_wall,RRT,No,4,42,340,0.001,0.02,0.05,0.5329165038,Yes,26.64582519,1,Exact solution,450.7859989,No,0.000190209,0.01048779749,0.004264294669,2.160854,0.051090232,10,450.7859989,0.02674556718,18,319.6817556,0.0001013715879,4,32
Apartment_env.dae,around_wall,RRT,No,5,42,340,0.001,0.02,0.05,0.5329165038,Yes,26.64582519,1,Exact solution,402.6618406,No,0.000668598,0.0368653451,0.01498929539,2.160854,0.051090232,10,402.6618406,0.01820040025,17,335.2508245,0.0001219359845,4,88
Apartment_env.dae,around_wall,RRT,No,6,42,340,0.001,0.02,0.05,0.5329165038,Yes,26.64582519,1,Exact solution,366.5613279,No,0.000240479,0.01325959893,0.005391297561,2.160854,0.051090232,10,366.5613279,0.01110263634,15,300.6829811,0.0003134906725,5,57
Apartment_env.dae,around_wall,RRT,No,7,42,340,0.001,0.02,0.05,0.5329165038,Yes,26.64582519,1,Exact solution,622.5437558,No,0.005496885,0.3030887955,0.1232346387,2.160854,0.051090232,10,622.5437558,0.03814187668,25,300.2802097,0.001709744461,6,629
Apartment_env.dae,around_wall,RRT,No,8,42,340,0.001,0.02,0.05,0.5329165038,Yes,26.64582519,1,Exact solution,477.9735779,No,0.008721456,0.4808861008,0.1955262807,2.160854,0.051090232,10,477.9735779,0.04791452035,21,294.4672458,0.0005573256539,7,1134
Apartment_env.dae,around_wall,RRT,No,9,42,340,0.001,0.02,0.05,0.5329165038,Yes,26.64582519,1,Exact solution,661.5216426,No,0.005486255,0.3025026756,0.1229963248,2.160854,0.051090232,10,661.5216426,0.03178056481,26,296.1380357,0.001288319118,6,686
Apartment_env.dae,around_wall,RRT,No,10,42,340,0.001,0.02,0.05,0.5329165038,Yes,26.64582519,1,Exact solution,404.204344,No,0.000882528,0.04866107778,0.01978539105,2.160854,0.051090232,10,404.204344,0.01582854018,17,326.8447186,0.0001007859191,4,155
Apartment_env.dae,around_wall,RRT,No,1,42,340,0.001,0.02,0.2,0.5329165038,Yes,106.5833008,1,Exact solution,428.7233686,No,0.000695508,0.04646943605,0.01825638803,1.037209,0.025090582,10,428.7233686,0.002645729129,8,343.5534086,0.0001197321269,4,73
Apartment_env.dae,around_wall,RRT,No,2,42,340,0.001,0.02,0.2,0.5329165038,Yes,106.5833008,1,Exact solution,588.9138507,No,0.003946769,0.2636980878,0.1035987312,1.037209,0.025090582,10,588.9138507,0.009955178188,12,324.4657498,9.844660935e-05,4,362
Apartment_env.dae,around_wall,RRT,No,3,42,340,0.001,0.02,0.2,0.5329165038,Yes,106.5833008,1,Exact solution,913.9166372,No,0.001863035,0.1244761898,0.0489028018,1.037209,0.025090582,10,913.9166372,0.0133449574,18,303.8204427,0.0002069062527,5,239
Apartment_env.dae,around_wall,RRT,No,4,42,340,0.001,0.02,0.2,0.5329165038,Yes,106.5833008,1,Exact solution,433.671855,No,0.000780768,0.05216596883,0.02049437759,1.037209,0.025090582,10,433.671855,0.004803558129,8,322.8240635,0.000100566884,4,102
Apartment_env.dae,around_wall,RRT,No,5,42,340,0.001,0.02,0.2,0.5329165038,Yes,106.5833008,1,Exact solution,518.1643326,No,0.001710665,0.1142957922,0.04490324199,1.037209,0.025090582,10,518.1643326,0.04056188563,11,321.0118265,0.0003570257133,5,180
Apartment_env.dae,around_wall,RRT,No,6,42,340,0.001,0.02,0.2,0.5329165038,Yes,106.5833008,1,Exact solution,465.7986747,No,0.001557746,0.1040787139,0.04088927148,1.037209,0.025090582,10,465.7986747,0.01516961582,8,298.3170359,0.0006288345417,7,200
Apartment_env.dae,around_wall,RRT,No,7,42,340,0.001,0.02,0.2,0.5329165038,Yes,106.5833008,1,Exact solution,884.7331517,No,0.001175977,0.07857132916,0.0308682178,1.037209,0.025090582,10,884.7331517,0.01473089165,17,318.3370881,0.002591955066,6,147
Apartment_env.dae,around_wall,RRT,No,8,42,340,0.001,0.02,0.2,0.5329165038,Yes,106.5833008,1,Exact solution,594.7314596,No,0.000489408,0.03269914043,0.01284646956,1.037209,0.025090582,10,594.7314596,0.00368230967,9,388.3922521,0.0009953441971,6,59
Apartment_env.dae,around_wall,RRT,No,9,42,340,0.001,0.02,0.2,0.5329165038,Yes,106.5833008,1,Exact solution,501.4845182,No,0.001727205,0.1154008901,0.04533740041,1.037209,0.025090582,10,501.4845182,0.009810204522,11,295.4971657,0.0006633996987,7,137
Apartment_env.dae,around_wall,RRT,No,10,42,340,0.001,0.02,0.2,0.5329165038,Yes,106.5833008,1,Exact solution,638.4020588,No,0.001576825,0.1053534517,0.04139007611,1.037209,0.025090582,10,638.4020588,0.007704936898,11,414.6321877,0.0002983649109,6,158
Apartment_env.dae,around_wall,RRT,No,1,42,340,0.001,0.02,0.5,0.5329165038,Yes,266.4582519,1,Exact solution,797.815844,No,0.001373246,0.09524564031,0.03927050274,1.176193,0.027541685,10,797.815844,0.004681002387,10,307.0348888,0.0004062643063,5,129
Apartment_env.dae,around_wall,RRT,No,2,42,340,0.001,0.02,0.5,0.5329165038,Yes,266.4582519,1,Exact solution,543.0695511,No,0.002038574,0.1413914812,0.0582967843,1.176193,0.027541685,10,543.0695511,0.008865223035,11,325.7260983,0.0001064306153,4,177
Apartment_env.dae,around_wall,RRT,No,3,42,340,0.001,0.02,0.5,0.5329165038,Yes,266.4582519,1,Exact solution,414.8838725,No,0.000925547,0.06419411865,0.02646772392,1.176193,0.027541685,10,414.8838725,0.007289016412,7,334.2524384,0.001906155047,6,107
Apartment_env.dae,around_wall,RRT,No,4,42,340,0.001,0.02,0.5,0.5329165038,Yes,266.4582519,1,Exact solution,589.8977541,No,0.003057132,0.2120366598,0.08742432935,1.176193,0.027541685,10,589.8977541,0.01392112802,12,318.3867075,0.0006842399964,6,349
Apartment_env.dae,around_wall,RRT,No,5,42,340,0.001,0.02,0.5,0.5329165038,Yes,266.4582519,1,Exact solution,483.8492039,No,0.000300549,0.02084548723,0.00859475311,1.176193,0.027541685,10,483.8492039,0.003362833606,6,337.5782874,0.0001112640732,4,24
Apartment_env.dae,around_wall,RRT,No,6,42,340,0.001,0.02,0.5,0.5329165038,Yes,266.4582519,1,Exact solution,837.3474408,No,0.001075337,0.07458325829,0.0307512453,1.176193,0.027541685,10,837.3474408,0.01533536284,10,302.8728556,0.0004801233629,5,84
Apartment_env.dae,around_wall,RRT,No,7,42,340,0.001,0.02,0.5,0.5329165038,Yes,266.4582519,1,Exact solution,405.0850682,No,0.000628788,0.04361149836,0.01798135285,1.176193,0.027541685,10,405.0850682,0.003117363658,8,300.941855,0.01916841471,7,45
Apartment_env.dae,around_wall,RRT,No,8,42,340,0.001,0.02,0.5,0.5329165038,Yes,266.4582519,1,Exact solution,681.2764837,No,0.002127544,0.1475622653,0.06084104559,1.176193,0.027541685,10,681.2764837,0.01434756344,14,303.3378304,0.0003807856638,5,202
Apartment_env.dae,around_wall,RRT,No,9,42,340,0.001,0.02,0.5,0.5329165038,Yes,266.4582519,1,Exact solution,730.51476,No,0.002793422,0.1937462531,0.07988305541,1.176193,0.027541685,10,730.51476,0.01020987755,14,298.5223197,0.002007800877,9,273
Apartment_env.dae,around_wall,RRT,No,10,42,340,0.001,0.02,0.5,0.5329165038,Yes,266.4582519,1,Exact solution,832.3202954,No,0.002638142,0.1829763378,0.07544253735,1.176193,0.027541685,10,832.3202954,0.006564940132,11,313.5034758,0.0006052086608,7,253
Apartment_env.dae,around_wall,RRT,No,1,42,340,0.001,0.05,0.05,0.5329165038,Yes,26.64582519,1,Exact solution,443.384856,No,0.000296859,0.01959225338,0.007831326892,1.215422,0.029070071,10,443.384856,0.02212369462,18,327.4699991,0.000127843385,5,26
Apartment_env.dae,around_wall,RRT,No,2,42,340,0.001,0.05,0.05,0.5329165038,Yes,26.64582519,1,Exact solution,556.5153021,No,0.002911982,0.1921864899,0.07681991432,1.215422,0.029070071,10,556.5153021,0.03456506372,23,323.7627378,0.0001080846779,4,437
Apartment_env.dae,around_wall,RRT,No,3,42,340,0.001,0.05,0.05,0.5329165038,Yes,26.64582519,1,Exact solution,433.9790375,No,0.000808308,0.05334712826,0.02132367278,1.215422,0.029070071,10,433.9790375,0.01866197045,18,296.4062077,0.0005947197522,6,135
Apartment_env.dae,around_wall,RRT,No,4,42,340,0.001,0.05,0.05,0.5329165038,Yes,26.64582519,1,Exact solution,504.8360636,No,0.001777925,0.1173404111,0.0469027783,1.215422,0.029070071,10,504.8360636,0.02963385299,20,330.5395681,0.0001295431406,4,251
Apartment_env.dae,around_wall,RRT,No,5,42,340,0.001,0.05,0.05,0.5329165038,Yes,26.64582519,1,Exact solution,469.8117285,No,0.008083798,0.5335186695,0.2132556691,1.215422,0.029070071,10,469.8117285,0.05870028451,21,327.5012123,0.0002549414856,5,1108
Apartment_env.dae,around_wall,RRT,No,6,42,340,0.001,0.05,0.05,0.5329165038,Yes,26.64582519,1,Exact solution,403.1758698,No,0.000640558,0.04227587724,0.01689832241,1.215422,0.029070071,10,403.1758698,0.01768249355,17,321.1580804,0.0001161045662,5,99
Apartment_env.dae,around_wall,RRT,No,7,42,340,0.001,0.05,0.05,0.5329165038,Yes,26.64582519,1,Exact solution,621.0590405,No,0.002180044,0.1438796682,0.05751093011,1.215422,0.029070071,10,621.0590405,0.0282454514,25,385.1463425,0.000364716987,5,317
Apartment_env.dae,around_wall,RRT,No,8,42,340,0.001,0.05,0.05,0.5329165038,Yes,26.64582519,1,Exact solution,407.5148322,No,0.000186149,0.01228555771,0.004910727549,1.215422,0.029070071,10,407.5148322,0.01480706682,17,313.6595638,0.0006310032733,6,52
Apartment_env.dae,around_wall,RRT,No,9,42,340,0.001,0.05,0.05,0.5329165038,Yes,26.64582519,1,Exact solution,459.2443827,No,0.001136627,0.07501569495,0.02998493423,1.215422,0.029070071,10,459.2443827,0.04353610976,21,318.3974626,0.0001009911437,4,157
Apartment_env.dae,around_wall,RRT,No,10,42,340,0.001,0.05,0.05,0.5329165038,Yes,26.64582519,1,Exact solution,356.8034971,No,0.000393649,0.02598024972,0.01038470789,1.215422,0.029070071,10,356.8034971,0.009063669426,15,318.7794921,0.0001022995861,4,46
Apartment_env.dae,around_wall,RRT,No,1,42,340,0.001,0.05,0.2,0.5329165038,Yes,106.5833008,1,Exact solution,439.9448852,No,0.00024968,0.01711615472,0.006845908744,1.054251,0.025204641,10,439.9448852,0.0008784593018,6,336.2139996,0.0002379371421,5,20
Apartment_env.dae,around_wall,RRT,No,2,42,340,0.001,0.05,0.2,0.5329165038,Yes,106.5833008,1,Exact solution,427.8432093,No,0.000351149,0.02407209474,0.009628059955,1.054251,0.025204641,10,427.8432093,0.002037484723,7,305.7981673,0.0003809905887,5,41
Apartment_env.dae,around_wall,RRT,No,3,42,340,0.001,0.05,0.2,0.5329165038,Yes,106.5833008,1,Exact solution,471.7147053,No,0.002176014,0.149170908,0.05966354241,1.054251,0.025204641,10,471.7147053,0.007401769277,10,339.2693445,0.0002691638563,5,182
Apartment_env.dae,around_wall,RRT,No,4,42,340,0.001,0.05,0.2,0.5329165038,Yes,106.5833008,1,Exact solution,621.2516619,No,0.004036949,0.2767424051,0.1106880185,1.054251,0.025204641,10,621.2516619,0.0182207897,15,310.3985812,0.0007170986182,5,511
Apartment_env.dae,around_wall,RRT,No,5,42,340,0.001,0.05,0.2,0.5329165038,Yes,106.5833008,1,Exact solution,515.9128611,No,0.001325556,0.09086999997,0.03634506332,1.054251,0.025204641,10,515.9128611,0.006635601538,10,308.2170976,0.0001858943594,4,109
Apartment_env.dae,around_wall,RRT,No,6,42,340,0.001,0.05,0.2,0.5329165038,Yes,106.5833008,1,Exact solution,393.1455556,No,0.000288909,0.01980539549,0.00792151814,1.054251,0.025204641,10,393.1455556,0.0005891385774,5,315.9386591,0.0002987895279,6,17
Apartment_env.dae,around_wall,RRT,No,7,42,340,0.001,0.05,0.2,0.5329165038,Yes,106.5833008,1,Exact solution,591.6776114,No,0.002721463,0.1865627274,0.07461906179,1.054251,0.025204641,10,591.6776114,0.009781575006,13,314.5692563,0.003321499266,7,275
Apartment_env.dae,around_wall,RRT,No,8,42,340,0.001,0.05,0.2,0.5329165038,Yes,106.5833008,1,Exact solution,581.7373395,No,0.002967902,0.2034567039,0.08137610643,1.054251,0.025204641,10,581.7373395,0.0205461387,13,311.6312506,0.0007777613835,8,306
Apartment_env.dae,around_wall,RRT,No,9,42,340,0.001,0.05,0.2,0.5329165038,Yes,106.5833008,1,Exact solution,652.2322051,No,0.001002118,0.06869755984,0.02747680382,1.054251,0.025204641,10,652.2322051,0.006750601596,11,305.2782623,0.0006189610074,7,95
Apartment_env.dae,around_wall,RRT,No,10,42,340,0.001,0.05,0.2,0.5329165038,Yes,106.5833008,1,Exact solution,338.854489,No,0.000259029,0.01775705079,0.007102246459,1.054251,0.025204641,10,338.854489,0.0001698995281,5,323.4380246,0.0001057856194,4,15
Apartment_env.dae,around_wall,RRT,No,1,42,340,0.001,0.05,0.5,0.5329165038,Yes,266.4582519,1,Exact solution,463.7174501,No,0.002102564,0.1316014547,0.05423168315,1.212569,0.028403963,10,463.7174501,0.01028156156,10,324.0914437,0.0001104000397,4,206
Apartment_env.dae,around_wall,RRT,No,2,42,340,0.001,0.05,0.5,0.5329165038,Yes,266.4582519,1,Exact solution,512.4464483,No,0.000385059,0.02410120431,0.009931872552,1.212569,0.028403963,10,512.4464483,0.002124920508,6,335.3048524,0.0007327723483,5,30
Apartment_env.dae,around_wall,RRT,No,3,42,340,0.001,0.05,0.5,0.5329165038,Yes,266.4582519,1,Exact solution,570.9893817,No,0.001528106,0.09564558915,0.03941461968,1.212569,0.028403963,10,570.9893817,0.006504357202,9,384.9237369,0.0004911401248,6,162
Apartment_env.dae,around_wall,RRT,No,4,42,340,0.001,0.05,0.5,0.5329165038,Yes,266.4582519,1,Exact solution,489.6837755,No,0.000927557,0.05805666343,0.02392458794,1.212569,0.028403963,10,489.6837755,0.006165369191,8,312.0386525,0.000758979208,7,66
Apartment_env.dae,around_wall,RRT,No,5,42,340,0.001,0.05,0.5,0.5329165038,Yes,266.4582519,1,Exact solution,569.2856356,No,0.001834555,0.1148265198,0.04731889516,1.212569,0.028403963,10,569.2856356,0.009098543068,13,301.7102445,0.0004885679103,6,175
Apartment_env.dae,around_wall,RRT,No,6,42,340,0.001,0.05,0.5,0.5329165038,Yes,266.4582519,1,Exact solution,398.5371038,No,0.000396399,0.02481098555,0.01022436652,1.212569,0.028403963,10,398.5371038,0.001040863488,6,337.7784865,0.0001075112569,4,16
Apartment_env.dae,around_wall,RRT,No,7,42,340,0.001,0.05,0.5,0.5329165038,Yes,266.4582519,1,Exact solution,687.1068881,No,0.002930442,0.1834191159,0.0755852388,1.212569,0.028403963,10,687.1068881,0.01811299928,13,310.3493222,0.0004998680111,6,265
Apartment_env.dae,around_wall,RRT,No,8,42,340,0.001,0.05,0.5,0.5329165038,Yes,266.4582519,1,Exact solution,551.0057496,No,0.003233231,0.2023709637,0.08339511146,1.212569,0.028403963,10,551.0057496,0.01724113704,12,330.4232101,0.0002802014003,6,376
Apartment_env.dae,around_wall,RRT,No,9,42,340,0.001,0.05,0.5,0.5329165038,Yes,266.4582519,1,Exact solution,640.1302003,No,0.002133294,0.1335248742,0.05502430569,1.212569,0.028403963,10,640.1302003,0.008781085685,11,312.5457167,0.0008534988439,6,191
Apartment_env.dae,around_wall,RRT,No,10,42,340,0.001,0.05,0.5,0.5329165038,Yes,266.4582519,1,Exact solution,469.4697782,No,0.003901709,0.2442116293,0.100637244,1.212569,0.028403963,10,469.4697782,0.009037003542,8,340.6601365,0.01656431774,7,384
Apartment_env.dae,around_wall,RRT,No,1,42,340,0.001,0.15,0.05,0.5329165038,Yes,26.64582519,1,Exact solution,431.5507105,No,0.000260009,0.01615468433,0.00642740677,1.460908,0.035049155,10,431.5507105,0.02217637436,18,320.2559379,9.922636268e-05,4,25
Apartment_env.dae,around_wall,RRT,No,2,42,340,0.001,0.15,0.05,0.5329165038,Yes,26.64582519,1,Exact solution,516.8125088,No,0.001135117,0.07052623874,0.02806002366,1.460908,0.035049155,10,516.8125088,0.03258822661,21,358.9016534,0.0008539231457,6,169
Apartment_env.dae,around_wall,RRT,No,3,42,340,0.001,0.15,0.05,0.5329165038,Yes,26.64582519,1,Exact solution,444.1928608,No,0.002508573,0.1558607776,0.06201177299,1.460908,0.035049155,10,444.1928608,0.02084742936,19,328.5763277,0.00197640223,5,365
Apartment_env.dae,around_wall,RRT,No,4,42,340,0.001,0.15,0.05,0.5329165038,Yes,26.64582519,1,Exact solution,473.783487,No,0.001890875,0.1174824284,0.04674231575,1.460908,0.035049155,10,473.783487,0.03357251519,19,297.9405219,0.001595695357,7,277
Apartment_env.dae,around_wall,RRT,No,5,42,340,0.001,0.15,0.05,0.5329165038,Yes,26.64582519,1,Exact solution,398.8021608,No,0.00025792,0.01602489214,0.006375766817,1.460908,0.035049155,10,398.8021608,0.02002956966,17,320.7233975,0.0001003606647,4,35
Apartment_env.dae,around_wall,RRT,No,6,42,340,0.001,0.15,0.05,0.5329165038,Yes,26.64582519,1,Exact solution,512.620625,No,0.005755245,0.3575805691,0.1422693087,1.460908,0.035049155,10,512.620625,0.04242756469,22,299.7115735,0.0007746607918,6,725
Apartment_env.dae,around_wall,RRT,No,7,42,340,0.001,0.15,0.05,0.5329165038,Yes,26.64582519,1,Exact solution,419.5615631,No,0.000291839,0.01813232203,0.007214242447,1.460908,0.035049155,10,419.5615631,0.02304788197,17,323.607253,0.0001066642861,4,29
Apartment_env.dae,around_wall,RRT,No,8,42,340,0.001,0.15,0.05,0.5329165038,Yes,26.64582519,1,Exact solution,357.4165554,No,0.000212749,0.01321836143,0.005259142426,1.460908,0.035049155,10,357.4165554,0.0100390455,15,318.046288,0.0001845924271,5,39
Apartment_env.dae,around_wall,RRT,No,9,42,340,0.001,0.15,0.05,0.5329165038,Yes,26.64582519,1,Exact solution,594.844663,No,0.01106541,0.6875077613,0.2735362666,1.460908,0.035049155,10,594.844663,0.06120014875,28,295.1261637,0.000483487449,6,1373
Apartment_env.dae,around_wall,RRT,No,10,42,340,0.001,0.15,0.05,0.5329165038,Yes,26.64582519,1,Exact solution,423.450211,No,0.000135519,0.008419964945,0.003350021492,1.460908,0.035049155,10,423.450211,0.01519205203,17,320.9455191,0.0003093587064,5,28
Apartment_env.dae,around_wall,RRT,No,1,42,340,0.001,0.15,0.2,0.5329165038,Yes,106.5833008,1,Exact solution,742.1827093,No,0.003963669,0.3151152115,0.1314049236,0.936017,0.021742511,10,742.1827093,0.01288017322,14,404.8836152,0.002525723049,6,417
Apartment_env.dae,around_wall,RRT,No,2,42,340,0.001,0.15,0.2,0.5329165038,Yes,106.5833008,1,Exact solution,751.3802285,No,0.002968441,0.2359937001,0.09841078126,0.936017,0.021742511,10,751.3802285,0.01080983604,12,417.4696907,0.000869104355,6,313
Apartment_env.dae,around_wall,RRT,No,3,42,340,0.001,0.15,0.2,0.5329165038,Yes,106.5833008,1,Exact solution,449.9575194,No,0.000180369,0.01433949595,0.005979655383,0.936017,0.021742511,10,449.9575194,0.0009121984688,6,312.0508646,0.0004882637078,6,9
Apartment_env.dae,around_wall,RRT,No,4,42,340,0.001,0.15,0.2,0.5329165038,Yes,106.5833008,1,Exact solution,701.6689558,No,0.000668668,0.05315970083,0.02216791248,0.936017,0.021742511,10,701.6689558,0.00285502772,10,373.0109545,0.02341814733,7,53
Apartment_env.dae,around_wall,RRT,No,5,42,340,0.001,0.15,0.2,0.5329165038,Yes,106.5833008,1,Exact solution,532.0335782,No,0.000328059,0.02608098233,0.01087592527,0.936017,0.021742511,10,532.0335782,0.002439305343,9,327.8475217,0.0002889104643,5,33
Apartment_env.dae,around_wall,RRT,No,6,42,340,0.001,0.15,0.2,0.5329165038,Yes,106.5833008,1,Exact solution,550.8518443,No,0.000930828,0.07400165404,0.03085913134,0.936017,0.021742511,10,550.8518443,0.006085875314,10,295.4420479,0.001800494644,7,49
Apartment_env.dae,around_wall,RRT,No,7,42,340,0.001,0.15,0.2,0.5329165038,Yes,106.5833008,1,Exact solution,439.570641,No,0.000643358,0.05114753331,0.02132882662,0.936017,0.021742511,10,439.570641,0.002327037298,7,322.7904944,0.0001035157462,4,63
Apartment_env.dae,around_wall,RRT,No,8,42,340,0.001,0.15,0.2,0.5329165038,Yes,106.5833008,1,Exact solution,438.3544463,No,0.000939927,0.07472503263,0.03116078453,0.936017,0.021742511,10,438.3544463,0.00228919911,7,311.6365358,0.0005942813788,6,84
Apartment_env.dae,around_wall,RRT,No,9,42,340,0.001,0.15,0.2,0.5329165038,Yes,106.5833008,1,Exact solution,507.5457592,No,0.000579379,0.0460611459,0.01920777271,0.936017,0.021742511,10,507.5457592,0.003324389766,9,323.2706129,0.002252015524,6,46
Apartment_env.dae,around_wall,RRT,No,10,42,340,0.001,0.15,0.2,0.5329165038,Yes,106.5833008,1,Exact solution,387.0584265,No,0.000570969,0.04539254342,0.01892896149,0.936017,0.021742511,10,387.0584265,0.0007049983793,6,320.9958191,0.0002211748476,5,46
Apartment_env.dae,around_wall,RRT,No,1,42,340,0.001,0.15,0.5,0.5329165038,Yes,266.4582519,1,Exact solution,839.3180691,No,0.002742943,0.1587159119,0.06436547992,1.623268,0.038448155,10,839.3180691,0.01480056393,14,326.5246866,0.00215298005,6,246
Apartment_env.dae,around_wall,RRT,No,2,42,340,0.001,0.15,0.5,0.5329165038,Yes,266.4582519,1,Exact solution,999.0551042,No,0.001433097,0.08292381476,0.03362883449,1.623268,0.038448155,10,999.0551042,0.004516620324,12,466.2706118,0.09518362404,7,107
Apartment_env.dae,around_wall,RRT,No,3,42,340,0.001,0.15,0.5,0.5329165038,Yes,266.4582519,1,Exact solution,713.94095,No,0.000846128,0.04895981328,0.01985510993,1.623268,0.038448155,10,713.94095,0.01162744633,12,358.0131445,0.0001557505333,4,75
Apartment_env.dae,around_wall,RRT,No,4,42,340,0.001,0.15,0.5,0.5329165038,Yes,266.4582519,1,Exact solution,735.2277416,No,0.005125746,0.2965929116,0.1202799698,1.623268,0.038448155,10,735.2277416,0.02223511108,13,308.7431604,0.0003744023753,5,397
Apartment_env.dae,around_wall,RRT,No,5,42,340,0.001,0.15,0.5,0.5329165038,Yes,266.4582519,1,Exact solution,647.3061515,No,0.002030745,0.1175057391,0.04765315084,1.623268,0.038448155,10,647.3061515,0.01131613759,11,416.4546325,0.001624486161,6,200
Apartment_env.dae,around_wall,RRT,No,6,42,340,0.001,0.15,0.5,0.5329165038,Yes,266.4582519,1,Exact solution,758.8312455,No,0.007854149,0.4544674902,0.1843042563,1.623268,0.038448155,10,758.8312455,0.01281339399,13,599.9769139,0.0001148550838,4,900
Apartment_env.dae,around_wall,RRT,No,7,42,340,0.001,0.15,0.5,0.5329165038,Yes,266.4582519,1,Exact solution,783.5181474,No,0.000940248,0.0544059132,0.02206371542,1.623268,0.038448155,10,783.5181474,0.009958826938,12,326.4963847,0.0001782816709,5,62
Apartment_env.dae,around_wall,RRT,No,8,42,340,0.001,0.15,0.5,0.5329165038,Yes,266.4582519,1,Exact solution,918.9522066,No,0.00373761,0.2162706916,0.08770618324,1.623268,0.038448155,10,918.9522066,0.01674058104,16,312.5321175,0.0008535012817,7,374
Apartment_env.dae,around_wall,RRT,No,9,42,340,0.001,0.15,0.5,0.5329165038,Yes,266.4582519,1,Exact solution,694.5730006,No,0.002459943,0.1423405796,0.0577246453,1.623268,0.038448155,10,694.5730006,0.01720665607,11,320.5851074,0.001476065391,7,231
Apartment_env.dae,around_wall,RRT,No,10,42,340,0.001,0.15,0.5,0.5329165038,Yes,266.4582519,1,Exact solution,624.0000825,No,0.000882858,0.05108513468,0.02071701048,1.623268,0.038448155,10,624.0000825,0.004593721665,10,322.369017,0.0001066717242,4,86
Apartment_env.dae,around_wall,RRTConnect,No,1,42,340,0.001,-1,0.05,0.5329165038,No,26.64582519,1,Exact solution,598.7235365,No,0.005824394,0.3704429355,0.1485734485,1.394245,0.03327187,10,598.7235365,0.05242780159,25,332.4223368,0.0001306661038,4,452
Apartment_env.dae,around_wall,RRTConnect,No,2,42,340,0.001,-1,0.05,0.5329165038,No,26.64582519,1,Exact solution,781.9795022,No,0.004602188,0.2927082255,0.1173964093,1.394245,0.03327187,10,781.9795022,0.04312953695,31,466.14306,0.001097366854,8,373
Apartment_env.dae,around_wall,RRTConnect,No,3,42,340,0.001,-1,0.05,0.5329165038,No,26.64582519,1,Exact solution,516.486267,No,0.002926312,0.1861192096,0.07464678134,1.394245,0.03327187,10,516.486267,0.04334520243,22,304.0971301,0.0008616948956,7,283
Apartment_env.dae,around_wall,RRTConnect,No,4,42,340,0.001,-1,0.05,0.5329165038,No,26.64582519,1,Exact solution,440.8267363,No,0.001190427,0.07571350297,0.03036639428,1.394245,0.03327187,10,440.8267363,0.03087512971,18,296.1022634,0.00111738443,8,113
Apartment_env.dae,around_wall,RRTConnect,No,5,42,340,0.001,-1,0.05,0.5329165038,No,26.64582519,1,Exact solution,429.4246042,No,0.000231509,0.0147244286,0.005905522617,1.394245,0.03327187,10,429.4246042,0.02188791982,18,328.63457,0.0001064153974,4,25
Apartment_env.dae,around_wall,RRTConnect,No,6,42,340,0.001,-1,0.05,0.5329165038,No,26.64582519,1,Exact solution,660.803253,No,0.000408719,0.02599533379,0.01042594153,1.394245,0.03327187,10,660.803253,0.03705164991,26,324.2936094,0.0001174390129,5,42
Apartment_env.dae,around_wall,RRTConnect,No,7,42,340,0.001,-1,0.05,0.5329165038,No,26.64582519,1,Exact solution,525.8412395,No,0.002862642,0.1820696721,0.07302263444,1.394245,0.03327187,10,525.8412395,0.03437599004,21,326.3398032,0.0001152485073,4,218
Apartment_env.dae,around_wall,RRTConnect,No,8,42,340,0.001,-1,0.05,0.5329165038,No,26.64582519,1,Exact solution,475.8132902,No,0.000448849,0.02854768087,0.01144961069,1.394245,0.03327187,10,475.8132902,0.03604139181,19,295.5860512,0.0007683807555,7,54
Apartment_env.dae,around_wall,RRTConnect,No,9,42,340,0.001,-1,0.05,0.5329165038,No,26.64582519,1,Exact solution,488.2726352,No,0.002735473,0.1739814731,0.06977870264,1.394245,0.03327187,10,488.2726352,0.05486869527,22,310.648088,0.0006186074273,6,209
Apartment_env.dae,around_wall,RRTConnect,No,10,42,340,0.001,-1,0.05,0.5329165038,No,26.64582519,1,Exact solution,477.2331328,No,0.000690899,0.04394253784,0.01762402183,1.394245,0.03327187,10,477.2331328,0.02718720251,20,328.6063182,0.0001049182377,4,59
Apartment_env.dae,around_wall,RRTConnect,No,1,42,340,0.001,-1,0.2,0.5329165038,No,106.5833008,1,Exact solution,376.398341,No,0.000169499,0.01457083731,0.006019939873,0.673885,0.015757047,10,376.398341,0.0003761723903,5,343.2760796,0.0003684401907,5,8
Apartment_env.dae,around_wall,RRTConnect,No,2,42,340,0.001,-1,0.2,0.5329165038,No,106.5833008,1,Exact solution,479.5741004,No,0.000338559,0.02910393636,0.01202428819,0.673885,0.015757047,10,479.5741004,0.002270367457,7,385.1574503,0.0009552060957,6,11
Apartment_env.dae,around_wall,RRTConnect,No,3,42,340,0.001,-1,0.2,0.5329165038,No,106.5833008,1,Exact solution,588.0890897,No,0.004836287,0.4157472969,0.1717659511,0.673885,0.015757047,10,588.0890897,0.01154361174,12,311.7489293,0.0004812089303,6,210
Apartment_env.dae,around_wall,RRTConnect,No,4,42,340,0.001,-1,0.2,0.5329165038,No,106.5833008,1,Exact solution,373.3732838,No,0.000576739,0.0495788774,0.02048350788,0.673885,0.015757047,10,373.3732838,0.001063935245,6,306.1101915,0.0004759304166,6,27
Apartment_env.dae,around_wall,RRTConnect,No,5,42,340,0.001,-1,0.2,0.5329165038,No,106.5833008,1,Exact solution,498.1377152,No,0.000602549,0.05179761209,0.02140017788,0.673885,0.015757047,10,498.1377152,0.002823772986,7,298.750229,0.0004668342861,5,32
Apartment_env.dae,around_wall,RRTConnect,No,6,42,340,0.001,-1,0.2,0.5329165038,No,106.5833008,1,Exact solution,496.0273362,No,0.00021284,0.0182966095,0.007559242253,0.673885,0.015757047,10,496.0273362,0.002564185477,7,320.0744641,0.0004465772045,5,17
Apartment_env.dae,around_wall,RRTConnect,No,7,42,340,0.001,-1,0.2,0.5329165038,No,106.5833008,1,Exact solution,374.2917783,No,8.014e-05,0.006889166911,0.002846258571,0.673885,0.015757047,10,374.2917783,0.0002401604656,5,333.7805738,0.0001068086629,4,7
Apartment_env.dae,around_wall,RRTConnect,No,8,42,340,0.001,-1,0.2,0.5329165038,No,106.5833008,1,Exact solution,427.0685825,No,0.000185059,0.01590843947,0.006572570063,0.673885,0.015757047,10,427.0685825,0.002245384735,6,334.3735974,0.000249389116,5,10
Apartment_env.dae,around_wall,RRTConnect,No,9,42,340,0.001,-1,0.2,0.5329165038,No,106.5833008,1,Exact solution,541.3436901,No,0.000441819,0.0379805944,0.01569167851,0.673885,0.015757047,10,541.3436901,0.006744257218,9,327.2959603,0.0001692905487,5,26
Apartment_env.dae,around_wall,RRTConnect,No,10,42,340,0.001,-1,0.2,0.5329165038,No,106.5833008,1,Exact solution,471.1054347,No,0.000395649,0.03401162964,0.01405190114,0.673885,0.015757047,10,471.1054347,0.002013860679,7,328.2740594,0.0003980592376,5,22
Apartment_env.dae,around_wall,RRTConnect,No,1,42,340,0.001,-1,0.5,0.5329165038,No,266.4582519,1,Exact solution,576.7470988,No,0.000754308,0.05998250283,0.02417120738,0.672603,0.015999857,10,576.7470988,0.0007061097164,7,422.7552509,0.0004756924259,4,26
Apartment_env.dae,around_wall,RRTConnect,No,2,42,340,0.001,-1,0.5,0.5329165038,No,266.4582519,1,Exact solution,391.6897031,No,0.000258289,0.02053911754,0.008276668128,0.672603,0.015999857,10,391.6897031,0.001608709363,6,316.6013746,0.0005897996841,5,9
Apartment_env.dae,around_wall,RRTConnect,No,3,42,340,0.001,-1,0.5,0.5329165038,No,266.4582519,1,Exact solution,631.6739506,No,0.002556793,0.2033159444,0.08193042342,0.672603,0.015999857,10,631.6739506,0.02168981303,14,304.6657451,0.0009810436289,7,131
Apartment_env.dae,around_wall,RRTConnect,No,4,42,340,0.001,-1,0.5,0.5329165038,No,266.4582519,1,Exact solution,645.8462536,No,0.001371966,0.1090986102,0.04396357284,0.672603,0.015999857,10,645.8462536,0.002749084043,9,324.0299212,0.000329419688,6,61
Apartment_env.dae,around_wall,RRTConnect,No,5,42,340,0.001,-1,0.5,0.5329165038,No,266.4582519,1,Exact solution,820.0114311,No,0.001073687,0.08537949155,0.03440545657,0.672603,0.015999857,10,820.0114311,0.002767070912,11,440.8056642,0.002029088832,6,34
Apartment_env.dae,around_wall,RRTConnect,No,6,42,340,0.001,-1,0.5,0.5329165038,No,266.4582519,1,Exact solution,480.3474219,No,0.00017733,0.0141012653,0.005682400564,0.672603,0.015999857,10,480.3474219,0.001175111791,6,321.9287639,0.0001808657047,4,9
Apartment_env.dae,around_wall,RRTConnect,No,7,42,340,0.001,-1,0.5,0.5329165038,No,266.4582519,1,Exact solution,761.4814579,No,0.000285069,0.02266866068,0.009134812194,0.672603,0.015999857,10,761.4814579,0.00229772057,8,310.8624569,0.0008259258562,7,16
Apartment_env.dae,around_wall,RRTConnect,No,8,42,340,0.001,-1,0.5,0.5329165038,No,266.4582519,1,Exact solution,1030.388159,No,0.001066137,0.08477911625,0.03416352275,0.672603,0.015999857,10,1030.388159,0.005209641913,13,328.1772821,0.001414574421,5,47
Apartment_env.dae,around_wall,RRTConnect,No,9,42,340,0.001,-1,0.5,0.5329165038,No,266.4582519,1,Exact solution,417.8408622,No,0.00025178,0.02002152246,0.008068092336,0.672603,0.015999857,10,417.8408622,0.0004990272199,5,326.1716365,0.002544477229,6,8
Apartment_env.dae,around_wall,RRTConnect,No,10,42,340,0.001,-1,0.5,0.5329165038,No,266.4582519,1,Exact solution,439.8562267,No,0.000662938,0.05271676883,0.0212433275,0.672603,0.015999857,10,439.8562267,0.001148658139,6,336.9890589,0.0001114078817,4,25
Apartment_env.dae,around_wall,LazyRRT,No,1,42,340,0.001,0.02,0.05,0.5329165038,Yes,26.64582519,1,Exact solution,622.4450199,No,0.00752114,0.2896426427,0.09964110783,310.982362,8.128159522,10,622.4450199,0.05571206829,26,319.1766279,0.0001005005902,4,534
Apartment_env.dae,around_wall,LazyRRT,No,2,42,340,0.001,0.02,0.05,0.5329165038,Yes,26.64582519,1,Exact solution,693.1987495,No,0.13638126,5.252106537,1.806797883,310.982362,8.128159522,10,693.1987495,0.05379090329,31,363.2113469,0.0003126962232,4,3508
Apartment_env.dae,around_wall,LazyRRT,No,3,42,340,0.001,0.02,0.05,0.5329165038,Yes,26.64582519,1,Exact solution,641.0215477,No,1.812891776,69.81531589,24.01744216,310.982362,8.128159522,10,641.0215477,0.1886465702,32,413.1557448,0.0002215448171,6,12876
Apartment_env.dae,around_wall,LazyRRT,No,4,42,340,0.001,0.02,0.05,0.5329165038,Yes,26.64582519,1,Exact solution,488.3980907,No,0.003901949,0.1502658932,0.05169356255,310.982362,8.128159522,10,488.3980907,0.03571059139,21,300.9072785,0.0005738773349,7,850
Apartment_env.dae,around_wall,LazyRRT,No,5,42,340,0.001,0.02,0.05,0.5329165038,Yes,26.64582519,1,Exact solution,470.5347421,No,0.028979982,1.116032752,0.3839308285,310.982362,8.128159522,10,470.5347421,0.08541460791,22,325.9231608,0.0001913749377,5,1290
Apartment_env.dae,around_wall,LazyRRT,No,6,42,340,0.001,0.02,0.05,0.5329165038,Yes,26.64582519,1,Exact solution,482.3049578,No,2.953338278,113.7344477,39.12623589,310.982362,8.128159522,10,482.3049578,0.08221552642,23,301.79571,0.0004717304616,5,13181
Apartment_env.dae,around_wall,LazyRRT,No,7,42,340,0.001,0.02,0.05,0.5329165038,Yes,26.64582519,1,Exact solution,613.8911738,No,2.09856347,80.81666733,27.80206046,310.982362,8.128159522,10,613.8911738,0.2872999873,31,352.0276359,0.001089543769,6,10628
Apartment_env.dae,around_wall,LazyRRT,No,8,42,340,0.001,0.02,0.05,0.5329165038,Yes,26.64582519,1,Exact solution,515.5001802,No,0.12129366,4.671075957,1.606915262,310.982362,8.128159522,10,515.5001802,0.1054212629,26,383.4405554,0.007366747387,8,1670
Apartment_env.dae,around_wall,LazyRRT,No,9,42,340,0.001,0.02,0.05,0.5329165038,Yes,26.64582519,1,Exact solution,488.458729,No,0.853209843,32.85751279,11.30344256,310.982362,8.128159522,10,488.458729,0.1223229795,24,303.5850213,0.0005857578867,7,9048
Apartment_env.dae,around_wall,LazyRRT,No,10,42,340,0.001,0.02,0.05,0.5329165038,Yes,26.64582519,1,Exact solution,637.0144202,No,0.059186359,2.279294553,0.7841091083,310.982362,8.128159522,10,637.0144202,0.05373369126,28,313.1875769,0.001876439536,7,2395
Apartment_env.dae,around_wall,LazyRRT,No,1,42,340,0.001,0.02,0.2,0.5329165038,Yes,106.5833008,1,Exact solution,510.4374745,No,0.04049674,1.49984423,0.4751660259,159.049117,4.32946723,10,510.4374745,0.03954205003,18,305.4237367,0.0007142024258,6,1570
Apartment_env.dae,around_wall,LazyRRT,No,2,42,340,0.001,0.02,0.2,0.5329165038,Yes,106.5833008,1,Exact solution,663.9472575,No,0.038481065,1.425191344,0.4515152264,159.049117,4.32946723,10,663.9472575,0.03137223881,18,303.1045703,0.001364003408,7,1786
Apartment_env.dae,around_wall,LazyRRT,No,3,42,340,0.001,0.02,0.2,0.5329165038,Yes,106.5833008,1,Exact solution,829.7036619,No,0.030437137,1.127275043,0.3571322884,159.049117,4.32946723,10,829.7036619,0.07980586146,22,314.3134987,0.2143925969,8,1677
Apartment_env.dae,around_wall,LazyRRT,No,4,42,340,0.001,0.02,0.2,0.5329165038,Yes,106.5833008,1,Exact solution,821.3754171,No,0.005268365,0.1951200726,0.06181603902,159.049117,4.32946723,10,821.3754171,0.01882752547,15,353.1102803,0.001425084763,5,914
Apartment_env.dae,around_wall,LazyRRT,No,5,42,340,0.001,0.02,0.2,0.5329165038,Yes,106.5833008,1,Exact solution,746.0631019,No,2.725358497,100.9368462,31.9778275,159.049117,4.32946723,10,746.0631019,0.09276566434,26,314.9373797,0.002785032458,7,12650
Apartment_env.dae,around_wall,LazyRRT,No,6,42,340,0.001,0.02,0.2,0.5329165038,Yes,106.5833008,1,Exact solution,617.6573507,No,0.007749739,0.287020667,0.09093108933,159.049117,4.32946723,10,617.6573507,0.01316840839,12,352.6243535,0.001784821798,5,588
Apartment_env.dae,around_wall,LazyRRT,No,7,42,340,0.001,0.02,0.2,0.5329165038,Yes,106.5833008,1,Exact solution,643.8634321,No,1.296000569,47.99890006,15.20654354,159.049117,4.32946723,10,643.8634321,0.06174816338,21,333.7580868,0.0004660788037,6,7905
Apartment_env.dae,around_wall,LazyRRT,No,8,42,340,0.001,0.02,0.2,0.5329165038,Yes,106.5833008,1,Exact solution,791.3346247,No,0.005307956,0.1965863717,0.0622805776,159.049117,4.32946723,10,791.3346247,0.01568295549,18,451.7347498,0.0002460050889,4,698
Apartment_env.dae,around_wall,LazyRRT,No,9,42,340,0.001,0.02,0.2,0.5329165038,Yes,106.5833008,1,Exact solution,648.0574095,No,0.070870757,2.62478155,0.8315576996,159.049117,4.32946723,10,648.0574095,0.07925754648,18,338.0190826,0.001267424558,6,1858
Apartment_env.dae,around_wall,LazyRRT,No,10,42,340,0.001,0.02,0.2,0.5329165038,Yes,106.5833008,1,Exact solution,744.7267133,No,0.074455628,2.757551449,0.8736205646,159.049117,4.32946723,10,744.7267133,0.03620671868,16,413.4591254,0.003491468953,7,2783
Apartment_env.dae,around_wall,LazyRRT,No,1,42,340,0.001,0.02,0.5,0.5329165038,Yes,266.4582519,1,Exact solution,448.6657412,No,0.009810863,0.3815853626,0.1298933512,42.250256,1.110373074,10,448.6657412,0.02513186886,14,310.00043,0.0003306334642,5,1138
Apartment_env.dae,around_wall,LazyRRT,No,2,42,340,0.001,0.02,0.5,0.5329165038,Yes,266.4582519,1,Exact solution,491.2671453,No,0.104901235,4.080046352,1.388865888,42.250256,1.110373074,10,491.2671453,0.08155714972,16,323.1818066,0.000246375708,5,2565
Apartment_env.dae,around_wall,LazyRRT,No,3,42,340,0.001,0.02,0.5,0.5329165038,Yes,266.4582519,1,Exact solution,557.8608463,No,0.103671049,4.03219929,1.372578536,42.250256,1.110373074,10,557.8608463,0.06955542744,17,319.7448855,0.0002115420613,5,3250
Apartment_env.dae,around_wall,LazyRRT,No,4,42,340,0.001,0.02,0.5,0.5329165038,Yes,266.4582519,1,Exact solution,504.1454936,No,0.350635757,13.63768636,4.642328969,42.250256,1.110373074,10,504.1454936,0.03217624554,17,319.0714672,0.00589519086,6,4905
Apartment_env.dae,around_wall,LazyRRT,No,5,42,340,0.001,0.02,0.5,0.5329165038,Yes,266.4582519,1,Exact solution,651.3801648,No,0.016159026,0.6284918866,0.2139414279,42.250256,1.110373074,10,651.3801648,0.01957995905,14,405.3392541,0.0009356118225,5,1100
Apartment_env.dae,around_wall,LazyRRT,No,6,42,340,0.001,0.02,0.5,0.5329165038,Yes,266.4582519,1,Exact solution,636.3954585,No,0.002428563,0.09445693952,0.03215356148,42.250256,1.110373074,10,636.3954585,0.01163566103,11,308.0233482,0.0005603099215,5,361
Apartment_env.dae,around_wall,LazyRRT,No,7,42,340,0.001,0.02,0.5,0.5329165038,Yes,266.4582519,1,Exact solution,618.6595059,No,0.330063353,12.8375398,4.36995553,42.250256,1.110373074,10,618.6595059,0.07826680116,23,305.8981551,0.0005174578454,6,3891
Apartment_env.dae,around_wall,LazyRRT,No,8,42,340,0.001,0.02,0.5,0.5329165038,Yes,266.4582519,1,Exact solution,507.821626,No,0.002513663,0.09776683329,0.03328026401,42.250256,1.110373074,10,507.821626,0.01689898228,12,323.3946796,0.0001231005706,4,186
Apartment_env.dae,around_wall,LazyRRT,No,9,42,340,0.001,0.02,0.5,0.5329165038,Yes,266.4582519,1,Exact solution,623.2053486,No,0.001632115,0.06347975648,0.02160879087,42.250256,1.110373074,10,623.2053486,0.01026489976,9,446.5382715,0.0003883209671,5,181
Apartment_env.dae,around_wall,LazyRRT,No,10,42,340,0.001,0.02,0.5,0.5329165038,Yes,266.4582519,1,Exact solution,761.1865509,No,0.164472043,6.397003421,2.177568359,42.250256,1.110373074,10,761.1865509,0.05496970963,23,413.1359669,0.001744680837,5,5026
Apartment_env.dae,around_wall,LazyRRT,No,1,42,340,0.001,0.05,0.05,0.5329165038,Yes,26.64582519,1,Exact solution,488.9282076,No,0.016997704,0.6854336239,0.2507699816,55.86378,1.411497396,10,488.9282076,0.03464464416,20,324.2554308,0.001441206762,6,1245
Apartment_env.dae,around_wall,LazyRRT,No,2,42,340,0.001,0.05,0.05,0.5329165038,Yes,26.64582519,1,Exact solution,705.0874129,No,0.483965835,19.51595675,7.140029239,55.86378,1.411497396,10,705.0874129,0.1063339808,31,358.6076851,0.0130231127,8,7396
Apartment_env.dae,around_wall,LazyRRT,No,3,42,340,0.001,0.05,0.05,0.5329165038,Yes,26.64582519,1,Exact solution,399.4419955,No,0.038755105,1.562802368,0.5717605725,55.86378,1.411497396,10,399.4419955,0.03017471674,17,306.1003333,0.0009245886377,7,1487
Apartment_env.dae,around_wall,LazyRRT,No,4,42,340,0.001,0.05,0.05,0.5329165038,Yes,26.64582519,1,Exact solution,473.707606,No,0.002154344,0.08687407517,0.03178339882,55.86378,1.411497396,10,473.707606,0.02585059623,20,328.1184658,0.000204627614,5,324
Apartment_env.dae,around_wall,LazyRRT,No,5,42,340,0.001,0.05,0.05,0.5329165038,Yes,26.64582519,1,Exact solution,563.2625933,No,0.016183616,0.6526054673,0.2387596047,55.86378,1.411497396,10,563.2625933,0.04782824359,24,326.0796452,0.0001016223927,4,496
Apartment_env.dae,around_wall,LazyRRT,No,6,42,340,0.001,0.05,0.05,0.5329165038,Yes,26.64582519,1,Exact solution,473.7247485,No,0.393427531,15.8649932,5.804302436,55.86378,1.411497396,10,473.7247485,0.04425492546,22,314.9304773,0.0002910711476,6,5658
Apartment_env.dae,around_wall,LazyRRT,No,7,42,340,0.001,0.05,0.05,0.5329165038,Yes,26.64582519,1,Exact solution,528.4063042,No,0.021723461,0.8760001113,0.3204898683,55.86378,1.411497396,10,528.4063042,0.04657415669,23,337.5192576,0.0001104631978,4,861
Apartment_env.dae,around_wall,LazyRRT,No,8,42,340,0.001,0.05,0.05,0.5329165038,Yes,26.64582519,1,Exact solution,459.4417225,No,0.357732749,14.42559857,5.277691322,55.86378,1.411497396,10,459.4417225,0.05646854557,22,299.1782843,0.0004265490541,5,3999
Apartment_env.dae,around_wall,LazyRRT,No,9,42,340,0.001,0.05,0.05,0.5329165038,Yes,26.64582519,1,Exact solution,727.25553,No,0.01480804,0.5971352672,0.2184655009,55.86378,1.411497396,10,727.25553,0.08109219416,30,331.3284365,0.0001162070579,4,449
Apartment_env.dae,around_wall,LazyRRT,No,10,42,340,0.001,0.05,0.05,0.5329165038,Yes,26.64582519,1,Exact solution,521.0025206,No,0.039587793,1.596380571,0.5840453584,55.86378,1.411497396,10,521.0025206,0.03719458233,23,369.5768401,0.0009015609904,5,1670
Apartment_env.dae,around_wall,LazyRRT,No,1,42,340,0.001,0.05,0.2,0.5329165038,Yes,106.5833008,1,Exact solution,519.4621004,No,0.090740343,3.552305965,1.252717051,111.117666,2.866056875,10,519.4621004,0.005941054968,12,309.5201919,0.001374722326,6,2544
Apartment_env.dae,around_wall,LazyRRT,No,2,42,340,0.001,0.05,0.2,0.5329165038,Yes,106.5833008,1,Exact solution,572.5031224,No,0.001906095,0.07461987043,0.02631462069,111.117666,2.866056875,10,572.5031224,0.003051705427,10,396.2523736,0.0002924910364,5,114
Apartment_env.dae,around_wall,LazyRRT,No,3,42,340,0.001,0.05,0.2,0.5329165038,Yes,106.5833008,1,Exact solution,534.369018,No,0.000287199,0.011243276,0.003964929737,111.117666,2.866056875,10,534.369018,0.002194176407,7,330.2872069,0.0002005947415,5,93
Apartment_env.dae,around_wall,LazyRRT,No,4,42,340,0.001,0.05,0.2,0.5329165038,Yes,106.5833008,1,Exact solution,648.2563725,No,0.002387694,0.0934735241,0.03296334229,111.117666,2.866056875,10,648.2563725,0.01692141581,15,303.1144296,0.00326819911,6,212
Apartment_env.dae,around_wall,LazyRRT,No,5,42,340,0.001,0.05,0.2,0.5329165038,Yes,106.5833008,1,Exact solution,666.0061233,No,1.655525264,64.81055808,22.85537676,111.117666,2.866056875,10,666.0061233,0.109527598,25,336.9099685,0.0001079822613,4,10569
Apartment_env.dae,around_wall,LazyRRT,No,6,42,340,0.001,0.05,0.2,0.5329165038,Yes,106.5833008,1,Exact solution,517.2197817,No,0.000246619,0.009654648812,0.00340470199,111.117666,2.866056875,10,517.2197817,0.003344128574,8,328.6217097,0.0001928347253,5,32
Apartment_env.dae,around_wall,LazyRRT,No,7,42,340,0.001,0.05,0.2,0.5329165038,Yes,106.5833008,1,Exact solution,527.2573762,No,0.000303149,0.01186768713,0.00418512768,111.117666,2.866056875,10,527.2573762,0.004622843492,9,315.309052,0.001618737482,6,57
Apartment_env.dae,around_wall,LazyRRT,No,8,42,340,0.001,0.05,0.2,0.5329165038,Yes,106.5833008,1,Exact solution,535.3585815,No,0.020897343,0.8180898786,0.2884985556,111.117666,2.866056875,10,535.3585815,0.02836027425,19,330.6944116,0.001565928113,5,1371
Apartment_env.dae,around_wall,LazyRRT,No,9,42,340,0.001,0.05,0.2,0.5329165038,Yes,106.5833008,1,Exact solution,760.5778789,No,0.447870393,17.53324504,6.183080858,111.117666,2.866056875,10,760.5778789,0.03715383849,22,305.814493,0.001037498036,6,4215
Apartment_env.dae,around_wall,LazyRRT,No,10,42,340,0.001,0.05,0.2,0.5329165038,Yes,106.5833008,1,Exact solution,836.4537193,No,0.618233051,24.20260804,8.535024871,111.117666,2.866056875,10,836.4537193,0.09740578397,29,324.3638106,0.0002952055774,5,7376
Apartment_env.dae,around_wall,LazyRRT,No,1,42,340,0.001,0.05,0.5,0.5329165038,Yes,266.4582519,1,Exact solution,670.8951235,No,1.54231762,58.43904808,19.31997442,86.06278,2.295422595,10,670.8951235,0.2007655796,21,348.4905305,0.001924250681,5,9744
Apartment_env.dae,around_wall,LazyRRT,No,2,42,340,0.001,0.05,0.5,0.5329165038,Yes,266.4582519,1,Exact solution,591.2571379,No,0.062871399,2.382223131,0.787563991,86.06278,2.295422595,10,591.2571379,0.02973479002,17,315.2643224,0.0006194098863,6,1928
Apartment_env.dae,around_wall,LazyRRT,No,3,42,340,0.001,0.05,0.5,0.5329165038,Yes,266.4582519,1,Exact solution,910.8220334,No,0.005371126,0.2035141702,0.06728187214,86.06278,2.295422595,10,910.8220334,0.02031636518,17,317.4237154,0.000784702176,6,940
Apartment_env.dae,around_wall,LazyRRT,No,4,42,340,0.001,0.05,0.5,0.5329165038,Yes,266.4582519,1,Exact solution,697.5403842,No,0.013177524,0.4993017966,0.1650693886,86.06278,2.295422595,10,697.5403842,0.02755647579,13,318.049419,0.0003750059226,5,885
Apartment_env.dae,around_wall,LazyRRT,No,5,42,340,0.001,0.05,0.5,0.5329165038,Yes,266.4582519,1,Exact solution,468.0766395,No,0.509013277,19.28672213,6.376198626,86.06278,2.295422595,10,468.0766395,0.0448285375,11,324.9148357,0.001696632791,6,4965
Apartment_env.dae,around_wall,LazyRRT,No,6,42,340,0.001,0.05,0.5,0.5329165038,Yes,266.4582519,1,Exact solution,407.6057801,No,0.001043868,0.03955258726,0.01307610235,86.06278,2.295422595,10,407.6057801,0.001317144049,7,347.716405,0.0003194443839,5,70
Apartment_env.dae,around_wall,LazyRRT,No,7,42,340,0.001,0.05,0.5,0.5329165038,Yes,266.4582519,1,Exact solution,633.127736,No,0.0771796,2.924366743,0.9667969024,86.06278,2.295422595,10,633.127736,0.1188364519,18,322.3317891,0.0001096317733,4,2167
Apartment_env.dae,around_wall,LazyRRT,No,8,42,340,0.001,0.05,0.5,0.5329165038,Yes,266.4582519,1,Exact solution,537.9528728,No,0.006225434,0.2358842512,0.07798343484,86.06278,2.295422595,10,537.9528728,0.01168640178,11,340.9353741,0.001506044198,5,452
Apartment_env.dae,around_wall,LazyRRT,No,9,42,340,0.001,0.05,0.5,0.5329165038,Yes,266.4582519,1,Exact solution,515.5567661,No,0.013029535,0.4936944326,0.1632155917,86.06278,2.295422595,10,515.5567661,0.04682898256,14,303.1402255,0.000361562687,6,1453
Apartment_env.dae,around_wall,LazyRRT,No,10,42,340,0.001,0.05,0.5,0.5329165038,Yes,266.4582519,1,Exact solution,718.339057,No,0.041131058,1.558472681,0.5152317383,86.06278,2.295422595,10,718.339057,0.0277704651,16,371.4800193,0.002412435615,6,1371
Apartment_env.dae,around_wall,LazyRRT,No,1,42,340,0.001,0.15,0.05,0.5329165038,Yes,26.64582519,1,Exact solution,538.6284796,No,0.09581663,4.038733672,1.558103793,24.322487,0.595232434,10,538.6284796,0.09209347368,24,335.1084299,0.0002544912536,5,3091
Apartment_env.dae,around_wall,LazyRRT,No,2,42,340,0.001,0.15,0.05,0.5329165038,Yes,26.64582519,1,Exact solution,531.3190248,No,0.00368988,0.1555308572,0.06000227752,24.322487,0.595232434,10,531.3190248,0.0392359478,23,332.6547462,0.0001224222933,4,364
Apartment_env.dae,around_wall,LazyRRT,No,3,42,340,0.001,0.15,0.05,0.5329165038,Yes,26.64582519,1,Exact solution,791.7299733,No,0.308918361,13.02111112,5.023416812,24.322487,0.595232434,10,791.7299733,0.1687626203,36,328.1436749,0.0001665006008,4,4037
Apartment_env.dae,around_wall,LazyRRT,No,4,42,340,0.001,0.15,0.05,0.5329165038,Yes,26.64582519,1,Exact solution,447.1611361,No,0.000510958,0.02153721415,0.008308845739,24.322487,0.595232434,10,447.1611361,0.02228099833,18,321.7500826,9.988834373e-05,4,110
Apartment_env.dae,around_wall,LazyRRT,No,5,42,340,0.001,0.15,0.05,0.5329165038,Yes,26.64582519,1,Exact solution,546.0606016,No,0.021388702,0.9015477894,0.3478082846,24.322487,0.595232434,10,546.0606016,0.05382312886,24,318.4867434,0.001463156661,6,1321
Apartment_env.dae,around_wall,LazyRRT,No,6,42,340,0.001,0.15,0.05,0.5329165038,Yes,26.64582519,1,Exact solution,416.6463905,No,0.001201047,0.0506249172,0.01953059596,24.322487,0.595232434,10,416.6463905,0.03626090873,18,324.0296843,0.0001062096715,4,140
Apartment_env.dae,around_wall,LazyRRT,No,7,42,340,0.001,0.15,0.05,0.5329165038,Yes,26.64582519,1,Exact solution,473.6506582,No,0.107894487,4.54782325,1.754505554,24.322487,0.595232434,10,473.6506582,0.04994974313,21,303.4183971,0.0003028442666,5,2897
Apartment_env.dae,around_wall,LazyRRT,No,8,42,340,0.001,0.15,0.05,0.5329165038,Yes,26.64582519,1,Exact solution,539.9215719,No,0.00746061,0.3144695949,0.1213192818,24.322487,0.595232434,10,539.9215719,0.05046195846,24,323.207899,0.0001060959653,4,905
Apartment_env.dae,around_wall,LazyRRT,No,9,42,340,0.001,0.15,0.05,0.5329165038,Yes,26.64582519,1,Exact solution,674.7738413,No,0.029829499,1.257332908,0.4850666898,24.322487,0.595232434,10,674.7738413,0.06507060964,29,391.4177227,0.001467077352,5,1547
Apartment_env.dae,around_wall,LazyRRT,No,10,42,340,0.001,0.15,0.05,0.5329165038,Yes,26.64582519,1,Exact solution,464.7103032,No,0.00032682,0.01377567692,0.005314520889,24.322487,0.595232434,10,464.7103032,0.05142993181,19,323.1350461,0.0001058616373,4,62
Apartment_env.dae,around_wall,LazyRRT,No,1,42,340,0.001,0.15,0.2,0.5329165038,Yes,106.5833008,1,Exact solution,793.7590288,No,1.409188433,54.3491926,18.61239222,108.326505,2.838044192,10,793.7590288,0.05274929407,23,410.4049148,0.001248891344,5,7556
Apartment_env.dae,around_wall,LazyRRT,No,2,42,340,0.001,0.15,0.2,0.5329165038,Yes,106.5833008,1,Exact solution,506.4781264,No,0.002286504,0.08818525852,0.03019987126,108.326505,2.838044192,10,506.4781264,0.006516276246,11,296.8640296,0.001494909091,7,401
Apartment_env.dae,around_wall,LazyRRT,No,3,42,340,0.001,0.15,0.2,0.5329165038,Yes,106.5833008,1,Exact solution,797.2791428,No,0.208660303,8.047553279,2.755960316,108.326505,2.838044192,10,797.2791428,0.04921946495,21,462.5256221,0.001566401099,6,4150
Apartment_env.dae,around_wall,LazyRRT,No,4,42,340,0.001,0.15,0.2,0.5329165038,Yes,106.5833008,1,Exact solution,624.7220005,No,0.144443347,5.570851351,1.907790445,108.326505,2.838044192,10,624.7220005,0.03723787948,19,304.4789556,0.0005255310949,6,3535
Apartment_env.dae,around_wall,LazyRRT,No,5,42,340,0.001,0.15,0.2,0.5329165038,Yes,106.5833008,1,Exact solution,349.0364284,No,0.00014296,0.005513642031,0.001888198575,108.326505,2.838044192,10,349.0364284,0.0005367501063,5,302.1110761,0.0003423844096,5,32
Apartment_env.dae,around_wall,LazyRRT,No,6,42,340,0.001,0.15,0.2,0.5329165038,Yes,106.5833008,1,Exact solution,440.8188374,No,0.001253517,0.04834529951,0.01655630256,108.326505,2.838044192,10,440.8188374,0.01532776642,10,309.7402162,0.001756987741,8,215
Apartment_env.dae,around_wall,LazyRRT,No,7,42,340,0.001,0.15,0.2,0.5329165038,Yes,106.5833008,1,Exact solution,580.4894132,No,0.583112836,22.48933577,7.70168457,108.326505,2.838044192,10,580.4894132,0.2602103008,24,297.4339322,0.0009096643065,6,5535
Apartment_env.dae,around_wall,LazyRRT,No,8,42,340,0.001,0.15,0.2,0.5329165038,Yes,106.5833008,1,Exact solution,564.1748532,No,0.396519453,15.2928534,5.237181493,108.326505,2.838044192,10,564.1748532,0.05540139,17,315.0231922,0.001314661464,5,4479
Apartment_env.dae,around_wall,LazyRRT,No,9,42,340,0.001,0.15,0.2,0.5329165038,Yes,106.5833008,1,Exact solution,562.3943719,No,0.012405516,0.4784525352,0.163850571,108.326505,2.838044192,10,562.3943719,0.01979420048,15,318.7756213,0.0001030633426,4,1072
Apartment_env.dae,around_wall,LazyRRT,No,10,42,340,0.001,0.15,0.2,0.5329165038,Yes,106.5833008,1,Exact solution,526.7656565,No,0.050721733,1.956221873,0.6699265807,108.326505,2.838044192,10,526.7656565,0.05040222716,16,395.5797066,0.0002900363278,5,2215
Apartment_env.dae,around_wall,LazyRRT,No,1,42,340,0.001,0.15,0.5,0.5329165038,Yes,266.4582519,1,Exact solution,481.530296,No,0.003551561,0.1427749094,0.04858497941,9.63442,0.253244492,10,481.530296,0.01977906925,12,313.7130899,0.0001641217517,4,450
Apartment_env.dae,around_wall,LazyRRT,No,2,42,340,0.001,0.15,0.5,0.5329165038,Yes,266.4582519,1,Exact solution,562.0942473,No,0.00013384,0.005380449293,0.001830917066,9.63442,0.253244492,10,562.0942473,0.0008419781814,7,436.006864,0.001283977778,5,26
Apartment_env.dae,around_wall,LazyRRT,No,3,42,340,0.001,0.15,0.5,0.5329165038,Yes,266.4582519,1,Exact solution,662.1468171,No,0.009066695,0.364486646,0.1240314301,9.63442,0.253244492,10,662.1468171,0.01986982831,16,316.5907978,0.0001689253066,4,853
Apartment_env.dae,around_wall,LazyRRT,No,4,42,340,0.001,0.15,0.5,0.5329165038,Yes,266.4582519,1,Exact solution,512.9259251,No,0.007585349,0.3049356371,0.1037667733,9.63442,0.253244492,10,512.9259251,0.01647976026,11,316.1931772,0.001308942591,6,538
Apartment_env.dae,around_wall,LazyRRT,No,5,42,340,0.001,0.15,0.5,0.5329165038,Yes,266.4582519,1,Exact solution,397.1904235,No,0.000430898,0.01732236132,0.005894639134,9.63442,0.253244492,10,397.1904235,0.001641122175,7,338.8332016,0.0002122332658,5,79
Apartment_env.dae,around_wall,LazyRRT,No,6,42,340,0.001,0.15,0.5,0.5329165038,Yes,266.4582519,1,Exact solution,405.9567057,No,0.001208127,0.04856743921,0.01652704977,9.63442,0.253244492,10,405.9567057,0.002720866786,7,333.0744805,0.002346224449,5,236
Apartment_env.dae,around_wall,LazyRRT,No,7,42,340,0.001,0.15,0.5,0.5329165038,Yes,266.4582519,1,Exact solution,364.799127,No,0.001185787,0.04766935764,0.01622144093,9.63442,0.253244492,10,364.799127,0.004252654162,9,298.0884714,0.001224213521,7,280
Apartment_env.dae,around_wall,LazyRRT,No,8,42,340,0.001,0.15,0.5,0.5329165038,Yes,266.4582519,1,Exact solution,729.013998,No,0.182404664,7.332778284,2.49527654,9.63442,0.253244492,10,729.013998,0.09950834869,25,338.2049953,0.0002211338149,5,3567
Apartment_env.dae,around_wall,LazyRRT,No,9,42,340,0.001,0.15,0.5,0.5329165038,Yes,266.4582519,1,Exact solution,613.5662871,No,0.027969694,1.124398687,0.3826224601,9.63442,0.253244492,10,613.5662871,0.01413923358,14,398.5644565,0.002013791279,7,1323
Apartment_env.dae,around_wall,LazyRRT,No,10,42,340,0.001,0.15,0.5,0.5329165038,Yes,266.4582519,1,Exact solution,759.4177581,No,0.006121953,0.246106229,0.08374767052,9.63442,0.253244492,10,759.4177581,0.009353809852,12,319.4163745,0.000548818351,5,499
Apartment_env.dae,around_wall,pRRT,No,1,42,340,0.001,0.02,0.05,0.5329165038,Yes,26.64582519,1,Exact solution,480.2085369,No,0.002721503,0.1448663401,0.05192436673,1.877558,0.0479954,10,480.2085369,0.02608271301,20,303.6771659,0.00124765163,8,258
Apartment_env.dae,around_wall,pRRT,No,2,42,340,0.001,0.02,0.05,0.5329165038,Yes,26.64582519,1,Exact solution,547.6809452,No,0.012691405,0.6755669179,0.242143098,1.877558,0.0479954,10,547.6809452,0.05670217768,23,313.6760409,0.000532782355,6,752
Apartment_env.dae,around_wall,pRRT,No,3,42,340,0.001,0.02,0.05,0.5329165038,Yes,26.64582519,1,Exact solution,421.0404458,No,0.001299166,0.06915495727,0.02478717526,1.877558,0.0479954,10,421.0404458,0.0246859797,17,326.4592161,0.0001558945354,5,73
Apartment_env.dae,around_wall,pRRT,No,4,42,340,0.001,0.02,0.05,0.5329165038,Yes,26.64582519,1,Exact solution,553.9663292,No,0.005909574,0.314568221,0.1127505234,1.877558,0.0479954,10,553.9663292,0.0366591565,23,295.6914618,0.0004583705298,6,567
Apartment_env.dae,around_wall,pRRT,No,5,42,340,0.001,0.02,0.05,0.5329165038,Yes,26.64582519,1,Exact solution,527.9590414,No,0.002165124,0.1152501356,0.04130904599,1.877558,0.0479954,10,527.9590414,0.03451173114,22,323.2449438,0.0001139562654,5,294
Apartment_env.dae,around_wall,pRRT,No,6,42,340,0.001,0.02,0.05,0.5329165038,Yes,26.64582519,1,Exact solution,448.4893012,No,0.000553188,0.02944634673,0.0105544387,1.877558,0.0479954,10,448.4893012,0.0249345608,18,322.0773088,0.0001141849531,5,44
Apartment_env.dae,around_wall,pRRT,No,7,42,340,0.001,0.02,0.05,0.5329165038,Yes,26.64582519,1,Exact solution,580.2508502,No,0.002017625,0.107398724,0.03849486862,1.877558,0.0479954,10,580.2508502,0.04875918898,24,302.7597447,0.0009975896908,8,267
Apartment_env.dae,around_wall,pRRT,No,8,42,340,0.001,0.02,0.05,0.5329165038,Yes,26.64582519,1,Exact solution,466.4398915,No,0.000407979,0.02171683242,0.007783952917,1.877558,0.0479954,10,466.4398915,0.01812040402,19,324.0655809,0.0001059741043,4,65
Apartment_env.dae,around_wall,pRRT,No,9,42,340,0.001,0.02,0.05,0.5329165038,Yes,26.64582519,1,Exact solution,421.900364,No,0.005719925,0.3044731535,0.1091321536,1.877558,0.0479954,10,421.900364,0.02870944288,18,328.784861,0.0004067403592,6,727
Apartment_env.dae,around_wall,pRRT,No,10,42,340,0.001,0.02,0.05,0.5329165038,Yes,26.64582519,1,Exact solution,520.8701964,No,0.001786885,0.09511637144,0.0340925114,1.877558,0.0479954,10,520.8701964,0.1080846913,22,301.0714766,0.0005475203709,6,296
Apartment_env.dae,around_wall,pRRT,No,1,42,340,0.001,0.02,0.2,0.5329165038,Yes,106.5833008,1,Exact solution,710.5649631,No,0.002435174,0.1707417732,0.06065742316,1.228986,0.031571454,10,710.5649631,0.01187910089,14,323.2321905,0.0001054245465,4,246
Apartment_env.dae,around_wall,pRRT,No,2,42,340,0.001,0.02,0.2,0.5329165038,Yes,106.5833008,1,Exact solution,464.1695129,No,0.003114182,0.2183502931,0.07757074254,1.228986,0.031571454,10,464.1695129,0.02328901578,11,330.4496145,0.0001031563694,4,336
Apartment_env.dae,around_wall,pRRT,No,3,42,340,0.001,0.02,0.2,0.5329165038,Yes,106.5833008,1,Exact solution,596.2554651,No,0.001278057,0.08961072942,0.03183495072,1.228986,0.031571454,10,596.2554651,0.003152261155,9,322.4574574,0.0001077231531,4,120
Apartment_env.dae,around_wall,pRRT,No,4,42,340,0.001,0.02,0.2,0.5329165038,Yes,106.5833008,1,Exact solution,546.8438164,No,0.000707848,0.04963063119,0.01763169107,1.228986,0.031571454,10,546.8438164,0.004470365004,9,378.470995,0.054849511,7,59
Apartment_env.dae,around_wall,pRRT,No,5,42,340,0.001,0.02,0.2,0.5329165038,Yes,106.5833008,1,Exact solution,629.3621444,No,0.001459546,0.102335797,0.03635563592,1.228986,0.031571454,10,629.3621444,0.007399587701,11,397.0026192,0.004667171048,9,107
Apartment_env.dae,around_wall,pRRT,No,6,42,340,0.001,0.02,0.2,0.5329165038,Yes,106.5833008,1,Exact solution,432.4042278,No,0.001894875,0.132858809,0.0471991877,1.228986,0.031571454,10,432.4042278,0.008081112217,8,319.8684584,0.0001025150005,4,187
Apartment_env.dae,around_wall,pRRT,No,7,42,340,0.001,0.02,0.2,0.5329165038,Yes,106.5833008,1,Exact solution,528.2149275,No,0.003050711,0.2139000357,0.07598975189,1.228986,0.031571454,10,528.2149275,0.01193819567,14,393.8909405,0.0003700730256,6,279
Apartment_env.dae,around_wall,pRRT,No,8,42,340,0.001,0.02,0.2,0.5329165038,Yes,106.5833008,1,Exact solution,563.8832985,No,0.001405986,0.09858044752,0.03502151705,1.228986,0.031571454,10,563.8832985,0.004017315227,10,307.7956776,0.002846058748,9,137
Apartment_env.dae,around_wall,pRRT,No,9,42,340,0.001,0.02,0.2,0.5329165038,Yes,106.5833008,1,Exact solution,811.5535501,No,0.001807225,0.1267132456,0.04501592559,1.228986,0.031571454,10,811.5535501,0.01064377411,13,306.9951023,0.0002967269772,5,173
Apartment_env.dae,around_wall,pRRT,No,10,42,340,0.001,0.02,0.2,0.5329165038,Yes,106.5833008,1,Exact solution,372.1738625,No,0.000374589,0.02626423823,0.009330587254,1.228986,0.031571454,10,372.1738625,0.004186625742,6,319.3526383,9.914567134e-05,4,23
Apartment_env.dae,around_wall,pRRT,No,1,42,340,0.001,0.02,0.5,0.5329165038,Yes,266.4582519,1,Exact solution,734.7431793,No,0.001970844,0.1434859079,0.05379091431,1.411411,0.035153964,10,734.7431793,0.00474469173,10,335.9720698,0.0004031972904,5,148
Apartment_env.dae,around_wall,pRRT,No,2,42,340,0.001,0.02,0.5,0.5329165038,Yes,266.4582519,1,Exact solution,479.391226,No,0.002501933,0.1821514681,0.06828610667,1.411411,0.035153964,10,479.391226,0.007106446853,10,306.6419788,0.000421556912,5,93
Apartment_env.dae,around_wall,pRRT,No,3,42,340,0.001,0.02,0.5,0.5329165038,Yes,266.4582519,1,Exact solution,491.4101611,No,0.000781838,0.05692116438,0.02133896993,1.411411,0.035153964,10,491.4101611,0.004419467492,7,364.7511634,0.001337557171,6,87
Apartment_env.dae,around_wall,pRRT,No,4,42,340,0.001,0.02,0.5,0.5329165038,Yes,266.4582519,1,Exact solution,605.7140742,No,0.000532459,0.0387653021,0.01453258423,1.411411,0.035153964,10,605.7140742,0.004549924864,9,305.3568781,0.0004512574336,6,40
Apartment_env.dae,around_wall,pRRT,No,5,42,340,0.001,0.02,0.5,0.5329165038,Yes,266.4582519,1,Exact solution,673.5699214,No,0.001389766,0.1011809338,0.0379313552,1.411411,0.035153964,10,673.5699214,0.0029475338,8,323.8628806,0.001748031609,5,55
Apartment_env.dae,around_wall,pRRT,No,6,42,340,0.001,0.02,0.5,0.5329165038,Yes,266.4582519,1,Exact solution,1120.524461,No,0.00384736,0.2801043323,0.1050073025,1.411411,0.035153964,10,1120.524461,0.03337545539,21,301.9071586,0.000329885622,5,318
Apartment_env.dae,around_wall,pRRT,No,7,42,340,0.001,0.02,0.5,0.5329165038,Yes,266.4582519,1,Exact solution,548.6602079,No,0.003543991,0.2580177662,0.09672734939,1.411411,0.035153964,10,548.6602079,0.01841058413,12,326.2088096,0.0009361269408,6,391
Apartment_env.dae,around_wall,pRRT,No,8,42,340,0.001,0.02,0.5,0.5329165038,Yes,266.4582519,1,Exact solution,464.1596442,No,0.001369637,0.09971545616,0.03738196757,1.411411,0.035153964,10,464.1596442,0.003715921995,8,331.0876984,0.0001052783298,4,116
Apartment_env.dae,around_wall,pRRT,No,9,42,340,0.001,0.02,0.5,0.5329165038,Yes,266.4582519,1,Exact solution,485.6976816,No,0.000640499,0.04663107813,0.01748135663,1.411411,0.035153964,10,485.6976816,0.003250922968,7,312.6722854,0.002892594663,7,50
Apartment_env.dae,around_wall,pRRT,No,10,42,340,0.001,0.02,0.5,0.5329165038,Yes,266.4582519,1,Exact solution,683.0530923,No,0.002808043,0.2044375909,0.07664087081,1.411411,0.035153964,10,683.0530923,0.007785394666,12,307.1583733,0.000904089019,6,268
Apartment_env.dae,around_wall,pRRT,No,1,42,340,0.001,0.05,0.05,0.5329165038,Yes,26.64582519,1,Exact solution,632.3145634,No,0.003208872,0.2158857068,0.07889434188,2.131069,0.053880134,10,632.3145634,0.03991800212,26,306.9159302,0.000472949691,5,471
Apartment_env.dae,around_wall,pRRT,No,2,42,340,0.001,0.05,0.05,0.5329165038,Yes,26.64582519,1,Exact solution,515.2542402,No,0.006309463,0.4244865109,0.1551264529,2.131069,0.053880134,10,515.2542402,0.03716705709,21,323.779438,0.0001062031596,4,866
Apartment_env.dae,around_wall,pRRT,No,3,42,340,0.001,0.05,0.05,0.5329165038,Yes,26.64582519,1,Exact solution,378.8250114,No,0.000283799,0.01909335982,0.006977571973,2.131069,0.053880134,10,378.8250114,0.01538693587,16,323.4130564,0.000116157375,5,30
Apartment_env.dae,around_wall,pRRT,No,4,42,340,0.001,0.05,0.05,0.5329165038,Yes,26.64582519,1,Exact solution,421.1586856,No,0.000677598,0.04558727277,0.01665963874,2.131069,0.053880134,10,421.1586856,0.02163247686,18,320.4536695,9.843182263e-05,4,58
Apartment_env.dae,around_wall,pRRT,No,5,42,340,0.001,0.05,0.05,0.5329165038,Yes,26.64582519,1,Exact solution,534.921845,No,0.004603767,0.309731112,0.1131896715,2.131069,0.053880134,10,534.921845,0.06119434547,23,320.5322045,0.000203322072,5,449
Apartment_env.dae,around_wall,pRRT,No,6,42,340,0.001,0.05,0.05,0.5329165038,Yes,26.64582519,1,Exact solution,455.0169068,No,0.002613383,0.1758225433,0.06425346099,2.131069,0.053880134,10,455.0169068,0.02714870998,19,321.587731,0.0001053486529,4,244
Apartment_env.dae,around_wall,pRRT,No,7,42,340,0.001,0.05,0.05,0.5329165038,Yes,26.64582519,1,Exact solution,370.8101808,No,0.00030625,0.02060381271,0.00752955936,2.131069,0.053880134,10,370.8101808,0.01391714255,15,318.875768,0.001515198124,6,21
Apartment_env.dae,around_wall,pRRT,No,8,42,340,0.001,0.05,0.05,0.5329165038,Yes,26.64582519,1,Exact solution,462.6131081,No,0.003107621,0.2090737667,0.07640495278,2.131069,0.053880134,10,462.6131081,0.0231451914,19,332.6220063,0.0001978699269,5,375
Apartment_env.dae,around_wall,pRRT,No,9,42,340,0.001,0.05,0.05,0.5329165038,Yes,26.64582519,1,Exact solution,491.4872699,No,0.001573126,0.1058363869,0.03867737338,2.131069,0.053880134,10,491.4872699,0.03532856099,20,319.2814021,9.756381303e-05,4,211
Apartment_env.dae,around_wall,pRRT,No,10,42,340,0.001,0.05,0.05,0.5329165038,Yes,26.64582519,1,Exact solution,510.447471,No,0.008991806,0.6049485282,0.2210753862,2.131069,0.053880134,10,510.447471,0.0315679559,21,320.6241406,0.0001193033164,5,971
Apartment_env.dae,around_wall,pRRT,No,1,42,340,0.001,0.05,0.2,0.5329165038,Yes,106.5833008,1,Exact solution,406.9512016,No,0.000282279,0.01956683176,0.007257724911,1.730532,0.043375802,10,406.9512016,0.0005496855022,5,315.2473856,0.0005837279496,6,10
Apartment_env.dae,around_wall,pRRT,No,2,42,340,0.001,0.05,0.2,0.5329165038,Yes,106.5833008,1,Exact solution,407.1019282,No,0.002609373,0.1808748171,0.06709004717,1.730532,0.043375802,10,407.1019282,0.006527116197,9,306.2660493,0.000177080061,6,272
Apartment_env.dae,around_wall,pRRT,No,3,42,340,0.001,0.05,0.2,0.5329165038,Yes,106.5833008,1,Exact solution,520.5776875,No,0.000763447,0.05292012161,0.01962911981,1.730532,0.043375802,10,520.5776875,0.00360848475,8,301.6022239,0.0007098015241,6,59
Apartment_env.dae,around_wall,pRRT,No,4,42,340,0.001,0.05,0.2,0.5329165038,Yes,106.5833008,1,Exact solution,659.4927238,No,0.001909875,0.1323874706,0.04910513132,1.730532,0.043375802,10,659.4927238,0.002448263043,10,436.373062,0.0007600776084,6,66
Apartment_env.dae,around_wall,pRRT,No,5,42,340,0.001,0.05,0.2,0.5329165038,Yes,106.5833008,1,Exact solution,530.9111862,No,0.002156424,0.1494775935,0.05544419593,1.730532,0.043375802,10,530.9111862,0.01772482729,11,311.2781709,0.01181690116,8,178
Apartment_env.dae,around_wall,pRRT,No,6,42,340,0.001,0.05,0.2,0.5329165038,Yes,106.5833008,1,Exact solution,534.3651287,No,0.005706425,0.3955542493,0.1467188947,1.730532,0.043375802,10,534.3651287,0.05637058155,14,325.2201799,0.0007748249684,5,660
Apartment_env.dae,around_wall,pRRT,No,7,42,340,0.001,0.05,0.2,0.5329165038,Yes,106.5833008,1,Exact solution,588.4924976,No,0.004850887,0.3362506237,0.124722007,1.730532,0.043375802,10,588.4924976,0.02270467572,13,326.6956255,0.0001245188677,4,569
Apartment_env.dae,around_wall,pRRT,No,8,42,340,0.001,0.05,0.2,0.5329165038,Yes,106.5833008,1,Exact solution,664.985382,No,0.001202707,0.08336846002,0.03092301076,1.730532,0.043375802,10,664.985382,0.006171417929,10,404.8997984,0.003584344628,6,97
Apartment_env.dae,around_wall,pRRT,No,9,42,340,0.001,0.05,0.2,0.5329165038,Yes,106.5833008,1,Exact solution,701.6757264,No,0.002468873,0.1711357296,0.06347762701,1.730532,0.043375802,10,701.6757264,0.004904886313,11,394.2604318,0.00226343236,6,204
Apartment_env.dae,around_wall,pRRT,No,10,42,340,0.001,0.05,0.2,0.5329165038,Yes,106.5833008,1,Exact solution,455.2003172,No,0.003015062,0.2089961028,0.07752078825,1.730532,0.043375802,10,455.2003172,0.0173218987,11,349.637099,0.000137296602,4,339
Apartment_env.dae,around_wall,pRRT,No,1,42,340,0.001,0.05,0.5,0.5329165038,Yes,266.4582519,1,Exact solution,424.6227263,No,0.001542366,0.104816823,0.03730807602,1.678365,0.043070243,10,424.6227263,0.002902770249,8,308.2607815,0.005389275926,8,148
Apartment_env.dae,around_wall,pRRT,No,2,42,340,0.001,0.05,0.5,0.5329165038,Yes,266.4582519,1,Exact solution,579.9839197,No,0.00368135,0.2501788884,0.08904766162,1.678365,0.043070243,10,579.9839197,0.0088563224,12,334.4543526,0.0002117620332,6,382
Apartment_env.dae,around_wall,pRRT,No,3,42,340,0.001,0.05,0.5,0.5329165038,Yes,266.4582519,1,Exact solution,927.5896646,No,0.000491249,0.03338452707,0.01188275353,1.678365,0.043070243,10,927.5896646,0.004593190986,11,314.9708207,0.001294280528,7,26
Apartment_env.dae,around_wall,pRRT,No,4,42,340,0.001,0.05,0.5,0.5329165038,Yes,266.4582519,1,Exact solution,504.6939161,No,0.001136837,0.07725769539,0.02749879161,1.678365,0.043070243,10,504.6939161,0.00738525929,10,336.9894997,0.0004315772606,5,112
Apartment_env.dae,around_wall,pRRT,No,5,42,340,0.001,0.05,0.5,0.5329165038,Yes,266.4582519,1,Exact solution,758.1888901,No,0.000641258,0.04357890817,0.01551130031,1.678365,0.043070243,10,758.1888901,0.003813445585,10,313.0560468,0.001270240227,5,41
Apartment_env.dae,around_wall,pRRT,No,6,42,340,0.001,0.05,0.5,0.5329165038,Yes,266.4582519,1,Exact solution,800.6592735,No,0.002143714,0.1456835089,0.05185399891,1.678365,0.043070243,10,800.6592735,0.009569288085,13,339.0415379,0.00108569115,7,166
Apartment_env.dae,around_wall,pRRT,No,7,42,340,0.001,0.05,0.5,0.5329165038,Yes,266.4582519,1,Exact solution,521.8298321,No,0.002744113,0.1864857022,0.06637696657,1.678365,0.043070243,10,521.8298321,0.01478895554,13,309.6623345,0.001458266877,7,278
Apartment_env.dae,around_wall,pRRT,No,8,42,340,0.001,0.05,0.5,0.5329165038,Yes,266.4582519,1,Exact solution,844.9204684,No,0.006631152,0.4506428989,0.1604000107,1.678365,0.043070243,10,844.9204684,0.01777819797,17,302.3656801,0.001455705914,6,659
Apartment_env.dae,around_wall,pRRT,No,9,42,340,0.001,0.05,0.5,0.5329165038,Yes,266.4582519,1,Exact solution,737.3797672,No,0.00381463,0.2592363924,0.09227155295,1.678365,0.043070243,10,737.3797672,0.01129662871,12,333.222796,0.00111230037,6,425
Apartment_env.dae,around_wall,pRRT,No,10,42,340,0.001,0.05,0.5,0.5329165038,Yes,266.4582519,1,Exact solution,742.9246527,No,0.001870255,0.1270996555,0.04523933731,1.678365,0.043070243,10,742.9246527,0.005685684863,10,422.6522033,0.0006717035508,5,142
Apartment_env.dae,around_wall,pRRT,No,1,42,340,0.001,0.15,0.05,0.5329165038,Yes,26.64582519,1,Exact solution,475.6989667,No,0.002334994,0.19023972,0.06818604959,1.367879,0.034967065,10,475.6989667,0.02552761934,20,330.9819482,0.000294291595,6,305
Apartment_env.dae,around_wall,pRRT,No,2,42,340,0.001,0.15,0.05,0.5329165038,Yes,26.64582519,1,Exact solution,452.5568941,No,0.000323489,0.02635572373,0.009446464101,1.367879,0.034967065,10,452.5568941,0.02177558379,18,325.0917896,0.000104093738,4,41
Apartment_env.dae,around_wall,pRRT,No,3,42,340,0.001,0.15,0.05,0.5329165038,Yes,26.64582519,1,Exact solution,572.2255317,No,0.004535598,0.3695302401,0.132447668,1.367879,0.034967065,10,572.2255317,0.03327754718,24,320.7802058,0.0001278439513,5,478
Apartment_env.dae,around_wall,pRRT,No,4,42,340,0.001,0.15,0.05,0.5329165038,Yes,26.64582519,1,Exact solution,413.3671377,No,0.003275841,0.2668936514,0.0956604843,1.367879,0.034967065,10,413.3671377,0.02678337092,18,321.3471756,0.0001852638803,5,351
Apartment_env.dae,around_wall,pRRT,No,5,42,340,0.001,0.15,0.05,0.5329165038,Yes,26.64582519,1,Exact solution,403.1534786,No,0.000382619,0.03117324131,0.01117316709,1.367879,0.034967065,10,403.1534786,0.01526570431,17,321.1003943,0.0001042253249,4,40
Apartment_env.dae,around_wall,pRRT,No,6,42,340,0.001,0.15,0.05,0.5329165038,Yes,26.64582519,1,Exact solution,357.6142027,No,0.000662959,0.05401347264,0.01935960232,1.367879,0.034967065,10,357.6142027,0.008022856453,15,322.770169,0.0001020794119,4,48
Apartment_env.dae,around_wall,pRRT,No,7,42,340,0.001,0.15,0.05,0.5329165038,Yes,26.64582519,1,Exact solution,457.2225025,No,0.0002599,0.02117491661,0.007589550247,1.367879,0.034967065,10,457.2225025,0.02295089767,19,328.8118121,0.0001066943709,4,24
Apartment_env.dae,around_wall,pRRT,No,8,42,340,0.001,0.15,0.05,0.5329165038,Yes,26.64582519,1,Exact solution,492.7891749,No,0.001202357,0.09796002003,0.03511099987,1.367879,0.034967065,10,492.7891749,0.02978876303,20,303.9713202,0.0003489399399,5,160
Apartment_env.dae,around_wall,pRRT,No,9,42,340,0.001,0.15,0.05,0.5329165038,Yes,26.64582519,1,Exact solution,380.8530968,No,0.000426439,0.03474340232,0.01245279037,1.367879,0.034967065,10,380.8530968,0.01166934355,16,318.4724893,9.751934835e-05,4,51
Apartment_env.dae,around_wall,pRRT,No,10,42,340,0.001,0.15,0.05,0.5329165038,Yes,26.64582519,1,Exact solution,482.7677832,No,0.003385091,0.2757946119,0.09885078197,1.367879,0.034967065,10,482.7677832,0.03436859588,21,308.3018516,0.001025276456,5,353
Apartment_env.dae,around_wall,pRRT,No,1,42,340,0.001,0.15,0.2,0.5329165038,Yes,106.5833008,1,Exact solution,816.9421518,No,0.003695689,0.2408995522,0.0850277354,1.850246,0.0477005,10,816.9421518,0.0217060218,17,311.353816,0.001003046662,7,353
Apartment_env.dae,around_wall,pRRT,No,2,42,340,0.001,0.15,0.2,0.5329165038,Yes,106.5833008,1,Exact solution,490.8921493,No,0.001196166,0.077970807,0.02752052084,1.850246,0.0477005,10,490.8921493,0.00554066322,9,322.7011306,0.002155455605,5,96
Apartment_env.dae,around_wall,pRRT,No,3,42,340,0.001,0.15,0.2,0.5329165038,Yes,106.5833008,1,Exact solution,553.3767956,No,0.000360759,0.02351569127,0.008300081743,1.850246,0.0477005,10,553.3767956,0.001601900742,8,365.7996464,0.0009608544932,5,14
Apartment_env.dae,around_wall,pRRT,No,4,42,340,0.001,0.15,0.2,0.5329165038,Yes,106.5833008,1,Exact solution,789.4002079,No,0.002895882,0.1887649846,0.06662635532,1.850246,0.0477005,10,789.4002079,0.005530945604,13,420.720674,0.0002526097915,5,290
Apartment_env.dae,around_wall,pRRT,No,5,42,340,0.001,0.15,0.2,0.5329165038,Yes,106.5833008,1,Exact solution,689.1696267,No,0.00370836,0.2417254979,0.08531926059,1.850246,0.0477005,10,689.1696267,0.008151823278,14,319.7309934,0.0002311298614,5,272
Apartment_env.dae,around_wall,pRRT,No,6,42,340,0.001,0.15,0.2,0.5329165038,Yes,106.5833008,1,Exact solution,834.76436,No,0.011687118,0.7618123421,0.268888745,1.850246,0.0477005,10,834.76436,0.04465430711,19,320.8422126,0.0001017391546,4,1226
Apartment_env.dae,around_wall,pRRT,No,7,42,340,0.001,0.15,0.2,0.5329165038,Yes,106.5833008,1,Exact solution,424.9043563,No,0.000989367,0.06449083439,0.02276263925,1.850246,0.0477005,10,424.9043563,0.01011738154,9,327.0954561,0.0001229931448,4,86
Apartment_env.dae,around_wall,pRRT,No,8,42,340,0.001,0.15,0.2,0.5329165038,Yes,106.5833008,1,Exact solution,651.6985703,No,0.001365986,0.08904034288,0.03142761639,1.850246,0.0477005,10,651.6985703,0.001433014818,9,442.3744615,0.001134631061,6,106
Apartment_env.dae,around_wall,pRRT,No,9,42,340,0.001,0.15,0.2,0.5329165038,Yes,106.5833008,1,Exact solution,617.3119454,No,0.001964834,0.1280756121,0.04520547737,1.850246,0.0477005,10,617.3119454,0.01557490321,12,307.1695936,0.0002387038307,5,155
Apartment_env.dae,around_wall,pRRT,No,10,42,340,0.001,0.15,0.2,0.5329165038,Yes,106.5833008,1,Exact solution,521.9746224,No,0.000520839,0.03395033561,0.01198308642,1.850246,0.0477005,10,521.9746224,0.003058638306,8,301.9831668,0.0009667519362,7,28
Apartment_env.dae,around_wall,pRRT,No,1,42,340,0.001,0.15,0.5,0.5329165038,Yes,266.4582519,1,Exact solution,567.993604,No,0.000297809,0.02341549932,0.008951910833,1.605096,0.039503493,10,567.993604,0.0006309679154,5,358.3494639,0.0001338517021,4,11
Apartment_env.dae,around_wall,pRRT,No,2,42,340,0.001,0.15,0.5,0.5329165038,Yes,266.4582519,1,Exact solution,601.3120394,No,0.001981794,0.155820328,0.05957121235,1.605096,0.039503493,10,601.3120394,0.004722536551,10,326.7945057,0.0001034923169,4,87
Apartment_env.dae,around_wall,pRRT,No,3,42,340,0.001,0.15,0.5,0.5329165038,Yes,266.4582519,1,Exact solution,460.2614262,No,0.001829435,0.1438409652,0.0549914173,1.605096,0.039503493,10,460.2614262,0.005611480986,10,301.4046134,0.0006273773302,6,150
Apartment_env.dae,around_wall,pRRT,No,4,42,340,0.001,0.15,0.5,0.5329165038,Yes,266.4582519,1,Exact solution,626.9024421,No,0.000658898,0.05180644531,0.01980597008,1.605096,0.039503493,10,626.9024421,0.001283878149,8,322.3588052,0.0001127999381,5,24
Apartment_env.dae,around_wall,pRRT,No,5,42,340,0.001,0.15,0.5,0.5329165038,Yes,266.4582519,1,Exact solution,933.5558714,No,0.003891899,0.3060040442,0.1169875082,1.605096,0.039503493,10,933.5558714,0.007081459756,13,367.1795737,0.001171353133,6,370
Apartment_env.dae,around_wall,pRRT,No,6,42,340,0.001,0.15,0.5,0.5329165038,Yes,266.4582519,1,Exact solution,828.783983,No,0.002899763,0.2279964627,0.0871646586,1.605096,0.039503493,10,828.783983,0.008626956501,13,309.7810502,0.001074400201,7,303
Apartment_env.dae,around_wall,pRRT,No,7,42,340,0.001,0.15,0.5,0.5329165038,Yes,266.4582519,1,Exact solution,639.4917855,No,0.001241777,0.09763582867,0.03732686715,1.605096,0.039503493,10,639.4917855,0.01128061511,10,356.9567944,0.0005572346297,5,106
Apartment_env.dae,around_wall,pRRT,No,8,42,340,0.001,0.15,0.5,0.5329165038,Yes,266.4582519,1,Exact solution,657.6765362,No,0.001028497,0.08086649767,0.03091583342,1.605096,0.039503493,10,657.6765362,0.005023354405,11,311.5147994,0.002528096572,6,71
Apartment_env.dae,around_wall,pRRT,No,9,42,340,0.001,0.15,0.5,0.5329165038,Yes,266.4582519,1,Exact solution,956.9528418,No,0.004796276,0.3771114957,0.1441723893,1.605096,0.039503493,10,956.9528418,0.01799129291,18,690.7216623,0.0002094721039,5,461
Apartment_env.dae,around_wall,pRRT,No,10,42,340,0.001,0.15,0.5,0.5329165038,Yes,266.4582519,1,Exact solution,701.1826627,No,0.001788195,0.1405984333,0.05375177443,1.605096,0.039503493,10,701.1826627,0.01248842546,14,312.6051359,0.0007129319528,5,169
Apartment_env.dae,around_wall,TRRT,No,1,42,340,0.001,0.02,0.05,0.5329165038,Yes,26.64582519,1,Exact solution,732.1898541,No,0.010123722,0.6018299385,0.2009672194,1.854915,0.049227496,10,732.1898541,0.05631268941,30,299.6817547,0.0004145013301,5,664
Apartment_env.dae,around_wall,TRRT,No,2,42,340,0.001,0.02,0.05,0.5329165038,Yes,26.64582519,1,Exact solution,441.3743204,No,0.001212556,0.07208341981,0.02407059456,1.854915,0.049227496,10,441.3743204,0.02775085707,18,321.0431006,0.0002521504505,6,78
Apartment_env.dae,around_wall,TRRT,No,3,42,340,0.001,0.02,0.05,0.5329165038,Yes,26.64582519,1,Exact solution,461.0211324,No,0.002031765,0.1207833448,0.04033281066,1.854915,0.049227496,10,461.0211324,0.02265302016,19,326.126599,0.0001086627405,4,63
Apartment_env.dae,around_wall,TRRT,No,4,42,340,0.001,0.02,0.05,0.5329165038,Yes,26.64582519,1,Exact solution,487.7467403,No,0.006300173,0.3745295188,0.1250654897,1.854915,0.049227496,10,487.7467403,0.03561177888,21,311.283292,0.0007622690416,7,441
Apartment_env.dae,around_wall,TRRT,No,5,42,340,0.001,0.02,0.05,0.5329165038,Yes,26.64582519,1,Exact solution,386.8774435,No,0.000920527,0.05472302655,0.01827349186,1.854915,0.049227496,10,386.8774435,0.018735593,16,318.009861,0.0002451868723,5,68
Apartment_env.dae,around_wall,TRRT,No,6,42,340,0.001,0.02,0.05,0.5329165038,Yes,26.64582519,1,Exact solution,382.3062129,No,0.000447809,0.02662112442,0.008889510159,1.854915,0.049227496,10,382.3062129,0.01839957967,16,324.0219341,0.0001033635029,4,25
Apartment_env.dae,around_wall,TRRT,No,7,42,340,0.001,0.02,0.05,0.5329165038,Yes,26.64582519,1,Exact solution,731.9406573,No,0.006865622,0.4081440468,0.1362902856,1.854915,0.049227496,10,731.9406573,0.06945549345,30,366.4040974,0.001019173683,6,638
Apartment_env.dae,around_wall,TRRT,No,8,42,340,0.001,0.02,0.05,0.5329165038,Yes,26.64582519,1,Exact solution,454.5231867,No,0.001455546,0.08652856723,0.02889421819,1.854915,0.049227496,10,454.5231867,0.02695977385,19,320.0846011,9.970067534e-05,4,262
Apartment_env.dae,around_wall,TRRT,No,9,42,340,0.001,0.02,0.05,0.5329165038,Yes,26.64582519,1,Exact solution,681.878047,No,0.001436767,0.08541220267,0.02852143401,1.854915,0.049227496,10,681.878047,0.03311196677,27,305.1052852,0.0004675630279,6,252
Apartment_env.dae,around_wall,TRRT,No,10,42,340,0.001,0.02,0.05,0.5329165038,Yes,26.64582519,1,Exact solution,433.639099,No,0.000408088,0.02425981037,0.008101003825,1.854915,0.049227496,10,433.639099,0.02522526368,18,323.8722737,0.0002396481165,6,69
Apartment_env.dae,around_wall,TRRT,No,1,42,340,0.001,0.02,0.2,0.5329165038,Yes,106.5833008,1,Exact solution,473.6243986,No,0.005407685,0.2842678328,0.1062818582,1.49771,0.037363508,10,473.6243986,0.01281502371,11,302.7714848,0.0005496022068,6,543
Apartment_env.dae,around_wall,TRRT,No,2,42,340,0.001,0.02,0.2,0.5329165038,Yes,106.5833008,1,Exact solution,651.4359331,No,0.004202498,0.2209143097,0.08259528733,1.49771,0.037363508,10,651.4359331,0.01041144125,12,421.7118726,0.001343972729,5,360
Apartment_env.dae,around_wall,TRRT,No,3,42,340,0.001,0.02,0.2,0.5329165038,Yes,106.5833008,1,Exact solution,579.4849949,No,0.006357723,0.3342088414,0.1249537675,1.49771,0.037363508,10,579.4849949,0.02635693844,13,434.1889045,0.0001235370351,4,761
Apartment_env.dae,around_wall,TRRT,No,4,42,340,0.001,0.02,0.2,0.5329165038,Yes,106.5833008,1,Exact solution,442.2080446,No,0.002463583,0.1295041039,0.04841890365,1.49771,0.037363508,10,442.2080446,0.01841357874,11,323.0352435,0.0007153146448,5,261
Apartment_env.dae,around_wall,TRRT,No,5,42,340,0.001,0.02,0.2,0.5329165038,Yes,106.5833008,1,Exact solution,569.1037488,No,0.001265597,0.06652911854,0.02487386023,1.49771,0.037363508,10,569.1037488,0.006957156407,11,319.9372981,0.0001029219888,4,104
Apartment_env.dae,around_wall,TRRT,No,6,42,340,0.001,0.02,0.2,0.5329165038,Yes,106.5833008,1,Exact solution,448.2971501,No,0.003043762,0.160002594,0.05982165773,1.49771,0.037363508,10,448.2971501,0.004783248372,10,335.4275812,0.0001093813625,4,353
Apartment_env.dae,around_wall,TRRT,No,7,42,340,0.001,0.02,0.2,0.5329165038,Yes,106.5833008,1,Exact solution,700.6333279,No,0.002419443,0.1271837798,0.04755138248,1.49771,0.037363508,10,700.6333279,0.005793821452,13,435.0666082,0.0007703278407,6,249
Apartment_env.dae,around_wall,TRRT,No,8,42,340,0.001,0.02,0.2,0.5329165038,Yes,106.5833008,1,Exact solution,447.7904931,No,0.001279237,0.0672461376,0.02514193881,1.49771,0.037363508,10,447.7904931,0.00682653901,10,303.4579568,0.001113255784,6,140
Apartment_env.dae,around_wall,TRRT,No,9,42,340,0.001,0.02,0.2,0.5329165038,Yes,106.5833008,1,Exact solution,427.0980398,No,0.001472596,0.07741051365,0.02894218861,1.49771,0.037363508,10,427.0980398,0.008028197228,8,320.6654855,0.0001013254363,4,152
Apartment_env.dae,around_wall,TRRT,No,10,42,340,0.001,0.02,0.2,0.5329165038,Yes,106.5833008,1,Exact solution,519.6819193,No,0.000579119,0.03044276859,0.01138192099,1.49771,0.037363508,10,519.6819193,0.001692696047,8,335.404178,0.0008040503077,6,33
Apartment_env.dae,around_wall,TRRT,No,1,42,340,0.001,0.02,0.5,0.5329165038,Yes,266.4582519,1,Exact solution,623.3944877,No,0.001359896,0.07234858743,0.02690610824,1.934364,0.048409658,10,623.3944877,0.006827277834,11,326.7386604,0.01155397147,7,110
Apartment_env.dae,around_wall,TRRT,No,2,42,340,0.001,0.02,0.5,0.5329165038,Yes,266.4582519,1,Exact solution,515.5904598,No,0.002057954,0.1094863614,0.04071747625,1.934364,0.048409658,10,515.5904598,0.008998141102,13,310.2719483,0.003479412288,7,192
Apartment_env.dae,around_wall,TRRT,No,3,42,340,0.001,0.02,0.5,0.5329165038,Yes,266.4582519,1,Exact solution,514.492939,No,0.001450576,0.07717290481,0.02870024978,1.934364,0.048409658,10,514.492939,0.002342026725,8,311.4329561,0.0005516248317,6,77
Apartment_env.dae,around_wall,TRRT,No,4,42,340,0.001,0.02,0.5,0.5329165038,Yes,266.4582519,1,Exact solution,603.3094296,No,0.000336469,0.01790067539,0.006657179177,1.934364,0.048409658,10,603.3094296,0.004163355489,10,313.2750158,0.0006264920025,6,21
Apartment_env.dae,around_wall,TRRT,No,5,42,340,0.001,0.02,0.5,0.5329165038,Yes,266.4582519,1,Exact solution,1083.202429,No,0.006839951,0.3638960574,0.1353312768,1.934364,0.048409658,10,1083.202429,0.01723418242,19,721.620799,0.0003008340656,5,649
Apartment_env.dae,around_wall,TRRT,No,6,42,340,0.001,0.02,0.5,0.5329165038,Yes,266.4582519,1,Exact solution,608.9904894,No,0.004557178,0.2424489748,0.09016566307,1.934364,0.048409658,10,608.9904894,0.015306438,14,304.7655587,0.001403939916,7,484
Apartment_env.dae,around_wall,TRRT,No,7,42,340,0.001,0.02,0.5,0.5329165038,Yes,266.4582519,1,Exact solution,591.7989376,No,0.002775293,0.1476499146,0.05491032687,1.934364,0.048409658,10,591.7989376,0.03689588378,16,328.012086,0.000109345312,4,229
Apartment_env.dae,around_wall,TRRT,No,8,42,340,0.001,0.02,0.5,0.5329165038,Yes,266.4582519,1,Exact solution,517.3667556,No,0.009495474,0.5051740213,0.1878719044,1.934364,0.048409658,10,517.3667556,0.02708092226,16,321.3394515,0.0001021057156,4,1074
Apartment_env.dae,around_wall,TRRT,No,9,42,340,0.001,0.02,0.5,0.5329165038,Yes,266.4582519,1,Exact solution,476.3235893,No,0.002850772,0.1516655151,0.05640371029,1.934364,0.048409658,10,476.3235893,0.0105287556,11,326.731636,0.001812707661,7,256
Apartment_env.dae,around_wall,TRRT,No,10,42,340,0.001,0.02,0.5,0.5329165038,Yes,266.4582519,1,Exact solution,650.9539435,No,0.004635597,0.2466209878,0.09171721562,1.934364,0.048409658,10,650.9539435,0.005405834983,13,314.5693886,0.0007744914997,7,427
Apartment_env.dae,around_wall,TRRT,No,1,42,340,0.001,0.05,0.05,0.5329165038,Yes,26.64582519,1,Exact solution,427.4529184,No,0.000262769,0.01346802405,0.004876883242,2.172983,0.05522874,10,427.4529184,0.03296822715,18,324.4593065,0.0001045014845,4,36
Apartment_env.dae,around_wall,TRRT,No,2,42,340,0.001,0.05,0.05,0.5329165038,Yes,26.64582519,1,Exact solution,694.1365125,No,0.006054584,0.3103230706,0.1123705584,2.172983,0.05522874,10,694.1365125,0.04037204217,28,441.2278575,0.002097286307,7,791
Apartment_env.dae,around_wall,TRRT,No,3,42,340,0.001,0.05,0.05,0.5329165038,Yes,26.64582519,1,Exact solution,468.0857458,No,0.005851824,0.2999307619,0.1086074172,2.172983,0.05522874,10,468.0857458,0.03814817773,20,337.3006729,0.001507534795,6,753
Apartment_env.dae,around_wall,TRRT,No,4,42,340,0.001,0.05,0.05,0.5329165038,Yes,26.64582519,1,Exact solution,491.4441869,No,0.001992314,0.1021145298,0.03697651839,2.172983,0.05522874,10,491.4441869,0.02106163994,21,321.2077805,0.0001591406894,5,303
Apartment_env.dae,around_wall,TRRT,No,5,42,340,0.001,0.05,0.05,0.5329165038,Yes,26.64582519,1,Exact solution,575.399791,No,0.010715041,0.5491912284,0.1988667,2.172983,0.05522874,10,575.399791,0.04963341227,25,296.6354041,0.0008210569735,7,1295
Apartment_env.dae,around_wall,TRRT,No,6,42,340,0.001,0.05,0.05,0.5329165038,Yes,26.64582519,1,Exact solution,602.8529607,No,0.008403457,0.4307127591,0.1559646633,2.172983,0.05522874,10,602.8529607,0.06605030449,26,318.6526428,0.001720671938,6,1077
Apartment_env.dae,around_wall,TRRT,No,7,42,340,0.001,0.05,0.05,0.5329165038,Yes,26.64582519,1,Exact solution,473.4154053,No,0.001743336,0.08935335286,0.03235559036,2.172983,0.05522874,10,473.4154053,0.02864786826,20,323.3717174,0.0001103542537,4,271
Apartment_env.dae,around_wall,TRRT,No,8,42,340,0.001,0.05,0.05,0.5329165038,Yes,26.64582519,1,Exact solution,457.6544066,No,0.003454401,0.1770526803,0.0641122444,2.172983,0.05522874,10,457.6544066,0.02762117238,19,299.4039558,0.0006389945463,6,445
Apartment_env.dae,around_wall,TRRT,No,9,42,340,0.001,0.05,0.05,0.5329165038,Yes,26.64582519,1,Exact solution,603.9110222,No,0.003357331,0.1720774317,0.06231066561,2.172983,0.05522874,10,603.9110222,0.04167014221,24,394.4629252,0.0003883105376,6,469
Apartment_env.dae,around_wall,TRRT,No,10,42,340,0.001,0.05,0.05,0.5329165038,Yes,26.64582519,1,Exact solution,470.0732481,No,0.000561108,0.02875916124,0.01041393088,2.172983,0.05522874,10,470.0732481,0.02736113724,19,306.4746471,0.0005788937728,6,131
Apartment_env.dae,around_wall,TRRT,No,1,42,340,0.001,0.05,0.2,0.5329165038,Yes,106.5833008,1,Exact solution,387.4664541,No,0.000663449,0.0399794323,0.01450462827,1.106541,0.028093354,10,387.4664541,0.005724959997,7,298.1918303,0.0005863885363,6,59
Apartment_env.dae,around_wall,TRRT,No,2,42,340,0.001,0.05,0.2,0.5329165038,Yes,106.5833008,1,Exact solution,700.6031208,No,0.000423238,0.02550431905,0.009253024513,1.106541,0.028093354,10,700.6031208,0.009468473343,10,313.0318328,0.0004462905057,5,20
Apartment_env.dae,around_wall,TRRT,No,3,42,340,0.001,0.05,0.2,0.5329165038,Yes,106.5833008,1,Exact solution,838.3397228,No,0.003263361,0.196650112,0.07134510448,1.106541,0.028093354,10,838.3397228,0.02260403644,18,380.929532,0.01378226507,8,329
Apartment_env.dae,around_wall,TRRT,No,4,42,340,0.001,0.05,0.2,0.5329165038,Yes,106.5833008,1,Exact solution,702.0891521,No,0.002936382,0.1769463597,0.06419653865,1.106541,0.028093354,10,702.0891521,0.01716268023,16,305.1698989,0.000645730578,6,347
Apartment_env.dae,around_wall,TRRT,No,5,42,340,0.001,0.05,0.2,0.5329165038,Yes,106.5833008,1,Exact solution,589.862021,No,0.001016317,0.06124325562,0.02221919136,1.106541,0.028093354,10,589.862021,0.006971995157,10,377.6525794,0.0007997212292,5,62
Apartment_env.dae,around_wall,TRRT,No,6,42,340,0.001,0.05,0.2,0.5329165038,Yes,106.5833008,1,Exact solution,394.7085763,No,0.001126167,0.06786281589,0.02462078277,1.106541,0.028093354,10,394.7085763,0.002113220938,8,310.1062791,0.0005385306529,6,88
Apartment_env.dae,around_wall,TRRT,No,7,42,340,0.001,0.05,0.2,0.5329165038,Yes,106.5833008,1,Exact solution,403.9923113,No,0.001174047,0.07074806437,0.02566755743,1.106541,0.028093354,10,403.9923113,0.002533485798,8,300.0269157,0.0002386490608,5,117
Apartment_env.dae,around_wall,TRRT,No,8,42,340,0.001,0.05,0.2,0.5329165038,Yes,106.5833008,1,Exact solution,665.054483,No,0.003078262,0.1854960475,0.0672983847,1.106541,0.028093354,10,665.054483,0.007107747294,13,314.8136838,0.0006329054807,6,258
Apartment_env.dae,around_wall,TRRT,No,9,42,340,0.001,0.05,0.2,0.5329165038,Yes,106.5833008,1,Exact solution,669.200566,No,0.002985772,0.1799226008,0.06527632563,1.106541,0.028093354,10,669.200566,0.01234245745,13,375.3988586,0.001566070426,6,314
Apartment_env.dae,around_wall,TRRT,No,10,42,340,0.001,0.05,0.2,0.5329165038,Yes,106.5833008,1,Exact solution,474.656883,No,0.001695785,0.1021879928,0.03707403441,1.106541,0.028093354,10,474.656883,0.009973835494,10,304.0953462,0.004514296871,7,161
Apartment_env.dae,around_wall,TRRT,No,1,42,340,0.001,0.05,0.5,0.5329165038,Yes,266.4582519,1,Exact solution,522.1759238,No,0.003138232,0.1726068821,0.06188605029,1.288019,0.032919661,10,522.1759238,0.01252538545,12,326.5421521,0.0001050685795,4,232
Apartment_env.dae,around_wall,TRRT,No,2,42,340,0.001,0.05,0.5,0.5329165038,Yes,266.4582519,1,Exact solution,915.666286,No,0.001257996,0.0691914324,0.02480772732,1.288019,0.032919661,10,915.666286,0.006790278299,15,320.244742,0.001430639687,5,80
Apartment_env.dae,around_wall,TRRT,No,3,42,340,0.001,0.05,0.5,0.5329165038,Yes,266.4582519,1,Exact solution,740.8226075,No,0.002171064,0.1194113717,0.04281346181,1.288019,0.032919661,10,740.8226075,0.004962507621,14,626.3612157,0.0001841341608,5,189
Apartment_env.dae,around_wall,TRRT,No,4,42,340,0.001,0.05,0.5,0.5329165038,Yes,266.4582519,1,Exact solution,908.5706699,No,0.004190349,0.2304746991,0.08263383617,1.288019,0.032919661,10,908.5706699,0.01126339674,16,341.2779707,0.0005966743717,5,377
Apartment_env.dae,around_wall,TRRT,No,5,42,340,0.001,0.05,0.5,0.5329165038,Yes,266.4582519,1,Exact solution,514.6230063,No,0.001147187,0.06309679185,0.02262256977,1.288019,0.032919661,10,514.6230063,0.003509490931,9,330.0121618,0.0004491151771,6,78
Apartment_env.dae,around_wall,TRRT,No,6,42,340,0.001,0.05,0.5,0.5329165038,Yes,266.4582519,1,Exact solution,567.3499213,No,0.001253897,0.06896598202,0.02472689489,1.288019,0.032919661,10,567.3499213,0.002744688844,9,390.9566367,0.00154227483,5,61
Apartment_env.dae,around_wall,TRRT,No,7,42,340,0.001,0.05,0.5,0.5329165038,Yes,266.4582519,1,Exact solution,459.9557644,No,0.002910823,0.1600990884,0.05740153646,1.288019,0.032919661,10,459.9557644,0.006407547643,10,327.0930216,0.000117574012,4,274
Apartment_env.dae,around_wall,TRRT,No,8,42,340,0.001,0.05,0.5,0.5329165038,Yes,266.4582519,1,Exact solution,552.8085751,No,0.003958409,0.2177176945,0.07805997086,1.288019,0.032919661,10,552.8085751,0.0316023126,14,312.9308677,0.0009749385117,5,289
Apartment_env.dae,around_wall,TRRT,No,9,42,340,0.001,0.05,0.5,0.5329165038,Yes,266.4582519,1,Exact solution,452.3265166,No,0.001368646,0.07527732775,0.02698974938,1.288019,0.032919661,10,452.3265166,0.006941795394,9,329.3347149,0.0001029961262,4,120
Apartment_env.dae,around_wall,TRRT,No,10,42,340,0.001,0.05,0.5,0.5329165038,Yes,266.4582519,1,Exact solution,498.2127566,No,0.002021365,0.1111777301,0.03986139204,1.288019,0.032919661,10,498.2127566,0.005499137587,9,297.4033761,0.0005519634333,6,127
Apartment_env.dae,around_wall,TRRT,No,1,42,340,0.001,0.15,0.05,0.5329165038,Yes,26.64582519,1,Exact solution,447.9459173,No,0.000297289,0.01912046293,0.006942647163,1.190185,0.030202808,10,447.9459173,0.02056163876,18,319.4227618,9.690546996e-05,4,46
Apartment_env.dae,around_wall,TRRT,No,2,42,340,0.001,0.15,0.05,0.5329165038,Yes,26.64582519,1,Exact solution,408.138644,No,0.000485048,0.03119638569,0.01132741918,1.190185,0.030202808,10,408.138644,0.0267770209,17,318.8257836,0.0001898225501,5,26
Apartment_env.dae,around_wall,TRRT,No,3,42,340,0.001,0.15,0.05,0.5329165038,Yes,26.64582519,1,Exact solution,456.7290255,No,0.00345597,0.222274441,0.08070793173,1.190185,0.030202808,10,456.7290255,0.01998197432,19,322.2798693,0.0002307682463,6,458
Apartment_env.dae,around_wall,TRRT,No,4,42,340,0.001,0.15,0.05,0.5329165038,Yes,26.64582519,1,Exact solution,462.5306273,No,0.000779447,0.05013097515,0.01820257562,1.190185,0.030202808,10,462.5306273,0.01928100955,19,296.233215,0.002125738568,8,135
Apartment_env.dae,around_wall,TRRT,No,5,42,340,0.001,0.15,0.05,0.5329165038,Yes,26.64582519,1,Exact solution,448.5090816,No,0.002730523,0.1756165341,0.06376642849,1.190185,0.030202808,10,448.5090816,0.02639766729,18,319.2474751,0.0002490124757,5,371
Apartment_env.dae,around_wall,TRRT,No,6,42,340,0.001,0.15,0.05,0.5329165038,Yes,26.64582519,1,Exact solution,446.4816666,No,0.000437209,0.02811956877,0.01021022582,1.190185,0.030202808,10,446.4816666,0.03133101892,19,320.845694,0.0001115091105,5,41
Apartment_env.dae,around_wall,TRRT,No,7,42,340,0.001,0.15,0.05,0.5329165038,Yes,26.64582519,1,Exact solution,413.0571771,No,0.000369229,0.02374736169,0.008622675811,1.190185,0.030202808,10,413.0571771,0.01894355789,17,326.5844108,0.0001029569739,4,28
Apartment_env.dae,around_wall,TRRT,No,8,42,340,0.001,0.15,0.05,0.5329165038,Yes,26.64582519,1,Exact solution,616.4213922,No,0.003211712,0.2065647241,0.0750037277,1.190185,0.030202808,10,616.4213922,0.05023109238,26,311.5127544,0.002404881928,8,488
Apartment_env.dae,around_wall,TRRT,No,9,42,340,0.001,0.15,0.05,0.5329165038,Yes,26.64582519,1,Exact solution,541.7791448,No,0.003270591,0.2103515905,0.07637874031,1.190185,0.030202808,10,541.7791448,0.02263073382,22,299.5519911,0.0005046648792,6,425
Apartment_env.dae,around_wall,TRRT,No,10,42,340,0.001,0.15,0.05,0.5329165038,Yes,26.64582519,1,Exact solution,539.429246,No,0.00346823,0.2230629561,0.08099424186,1.190185,0.030202808,10,539.429246,0.04925849689,22,297.3241791,0.0005363660267,6,503
Apartment_env.dae,around_wall,TRRT,No,1,42,340,0.001,0.15,0.2,0.5329165038,Yes,106.5833008,1,Exact solution,355.9965668,No,0.00022676,0.01573066447,0.006008919484,0.889786,0.021910111,10,355.9965668,0.0005210145543,6,319.9174241,0.0002101104081,6,10
Apartment_env.dae,around_wall,TRRT,No,2,42,340,0.001,0.15,0.2,0.5329165038,Yes,106.5833008,1,Exact solution,345.1427739,No,0.000245709,0.01704518361,0.006511049557,0.889786,0.021910111,10,345.1427739,0.0002457569863,5,329.2118075,0.0001821232884,5,12
Apartment_env.dae,around_wall,TRRT,No,3,42,340,0.001,0.15,0.2,0.5329165038,Yes,106.5833008,1,Exact solution,425.3336159,No,0.000614099,0.04260092308,0.01627302631,0.889786,0.021910111,10,425.3336159,0.002002131745,7,320.1021929,0.0003074874347,6,22
Apartment_env.dae,around_wall,TRRT,No,4,42,340,0.001,0.15,0.2,0.5329165038,Yes,106.5833008,1,Exact solution,688.9375999,No,0.001594856,0.1106374343,0.04226213306,0.889786,0.021910111,10,688.9375999,0.007561354721,13,360.0681782,0.001561644188,5,101
Apartment_env.dae,around_wall,TRRT,No,5,42,340,0.001,0.15,0.2,0.5329165038,Yes,106.5833008,1,Exact solution,670.1443662,No,0.002857762,0.1982470239,0.07572791393,0.889786,0.021910111,10,670.1443662,0.0106762209,14,327.2468213,0.00119382753,5,282
Apartment_env.dae,around_wall,TRRT,No,6,42,340,0.001,0.15,0.2,0.5329165038,Yes,106.5833008,1,Exact solution,575.0722218,No,0.001452876,0.1007880793,0.03849980113,0.889786,0.021910111,10,575.0722218,0.005366769982,10,318.5396239,0.000990410881,7,92
Apartment_env.dae,around_wall,TRRT,No,7,42,340,0.001,0.15,0.2,0.5329165038,Yes,106.5833008,1,Exact solution,445.0269331,No,0.001566395,0.1086630542,0.04150794424,0.889786,0.021910111,10,445.0269331,0.01491521427,11,298.8538082,0.0005451274411,6,166
Apartment_env.dae,around_wall,TRRT,No,8,42,340,0.001,0.15,0.2,0.5329165038,Yes,106.5833008,1,Exact solution,674.3705401,No,0.003206661,0.2224506449,0.08497339814,0.889786,0.021910111,10,674.3705401,0.01037551203,13,304.7572297,0.0005172068868,6,289
Apartment_env.dae,around_wall,TRRT,No,9,42,340,0.001,0.15,0.2,0.5329165038,Yes,106.5833008,1,Exact solution,393.2414534,No,0.000445519,0.03090628816,0.01180582025,0.889786,0.021910111,10,393.2414534,0.0007042794155,6,319.4395109,0.0001029193664,4,8
Apartment_env.dae,around_wall,TRRT,No,10,42,340,0.001,0.15,0.2,0.5329165038,Yes,106.5833008,1,Exact solution,386.8591414,No,0.000615768,0.04271670399,0.01631725319,0.889786,0.021910111,10,386.8591414,0.0009547527905,6,297.908717,0.0005720406305,6,30
Apartment_env.dae,around_wall,TRRT,No,1,42,340,0.001,0.15,0.5,0.5329165038,Yes,266.4582519,1,Exact solution,549.7632935,No,0.001129517,0.06579543205,0.02492978395,1.394871,0.034519027,10,549.7632935,0.005145233392,10,298.4289959,0.001027901553,7,63
Apartment_env.dae,around_wall,TRRT,No,2,42,340,0.001,0.15,0.5,0.5329165038,Yes,266.4582519,1,Exact solution,434.052303,No,0.000887938,0.05172322713,0.01959784802,1.394871,0.034519027,10,434.052303,0.004112736404,9,307.7146366,0.0003032104037,5,31
Apartment_env.dae,around_wall,TRRT,No,3,42,340,0.001,0.15,0.5,0.5329165038,Yes,266.4582519,1,Exact solution,521.2615035,No,0.002231554,0.1299901281,0.04925305161,1.394871,0.034519027,10,521.2615035,0.00472498945,10,325.878544,0.0001545208939,5,158
Apartment_env.dae,around_wall,TRRT,No,4,42,340,0.001,0.15,0.5,0.5329165038,Yes,266.4582519,1,Exact solution,436.9857428,No,0.000990797,0.05771486103,0.02186806852,1.394871,0.034519027,10,436.9857428,0.00260434063,8,306.4895768,0.0005756063347,6,24
Apartment_env.dae,around_wall,TRRT,No,5,42,340,0.001,0.15,0.5,0.5329165038,Yes,266.4582519,1,Exact solution,524.0548865,No,0.002430904,0.1416024539,0.05365294327,1.394871,0.034519027,10,524.0548865,0.004232769339,9,301.0552067,0.001252950583,6,164
Apartment_env.dae,around_wall,TRRT,No,6,42,340,0.001,0.15,0.5,0.5329165038,Yes,266.4582519,1,Exact solution,768.144742,No,0.004762197,0.277402473,0.1051073533,1.394871,0.034519027,10,768.144742,0.0297968316,20,336.2123081,0.0001390648504,4,463
Apartment_env.dae,around_wall,TRRT,No,7,42,340,0.001,0.15,0.5,0.5329165038,Yes,266.4582519,1,Exact solution,543.9993577,No,0.002056614,0.1197997079,0.04539191769,1.394871,0.034519027,10,543.9993577,0.009470883914,12,327.433762,0.0001179809632,4,172
Apartment_env.dae,around_wall,TRRT,No,8,42,340,0.001,0.15,0.5,0.5329165038,Yes,266.4582519,1,Exact solution,465.8680851,No,0.002468023,0.1437646707,0.05447220376,1.394871,0.034519027,10,465.8680851,0.003770690477,8,331.4926843,0.0001298468643,5,142
Apartment_env.dae,around_wall,TRRT,No,9,42,340,0.001,0.15,0.5,0.5329165038,Yes,266.4582519,1,Exact solution,602.0883068,No,0.001907455,0.1111110553,0.04209980111,1.394871,0.034519027,10,602.0883068,0.00545820117,11,356.6637442,0.0001701721225,4,141
Apartment_env.dae,around_wall,TRRT,No,10,42,340,0.001,0.15,0.5,0.5329165038,Yes,266.4582519,1,Exact solution,457.3302291,No,0.005080896,0.2959669908,0.1121414194,1.394871,0.034519027,10,457.3302291,0.01366655514,13,304.3597627,0.02647503156,7,492
Apartment_env.dae,around_wall,RRTstar,Yes,1,42,340,0.001,0.02,0.05,0.5329165038,Yes,26.64582519,1,Exact solution,338.7398882,No,0.320927108,12.36138536,4.228012368,121.393243,3.182437696,10,338.7398882,0.05126248665,19,299.1243191,0.0003656347301,5,3366
Apartment_env.dae,around_wall,RRTstar,Yes,2,42,340,0.001,0.02,0.05,0.5329165038,Yes,26.64582519,1,Exact solution,339.4360289,No,0.201497473,7.761226306,2.654602203,121.393243,3.182437696,10,339.4360289,0.01349027306,18,298.2282822,0.0005366848041,6,2373
Apartment_env.dae,around_wall,RRTstar,Yes,3,42,340,0.001,0.02,0.05,0.5329165038,Yes,26.64582519,1,Exact solution,332.7398317,No,0.291717057,11.23628035,3.843188357,121.393243,3.182437696,10,332.7398317,0.01569938654,17,298.0878124,0.0003696205373,5,3149
Apartment_env.dae,around_wall,RRTstar,Yes,4,42,340,0.001,0.02,0.05,0.5329165038,Yes,26.64582519,1,Exact solution,336.781717,No,0.727829163,28.03433096,9.588690473,121.393243,3.182437696,10,336.781717,0.01769720989,19,309.9812132,0.01215533733,7,6628
Apartment_env.dae,around_wall,RRTstar,Yes,5,42,340,0.001,0.02,0.05,0.5329165038,Yes,26.64582519,1,Exact solution,336.4034593,No,0.150327192,5.790262973,1.980466004,121.393243,3.182437696,10,336.4034593,0.0118123911,16,304.3732546,0.0005592322671,6,1890
Apartment_env.dae,around_wall,RRTstar,Yes,6,42,340,0.001,0.02,0.05,0.5329165038,Yes,26.64582519,1,Exact solution,339.8832807,No,0.268969589,10.3600994,3.543504804,121.393243,3.182437696,10,339.8832807,0.02567840034,19,300.2008785,0.0008031907938,7,2972
Apartment_env.dae,around_wall,RRTstar,Yes,7,42,340,0.001,0.02,0.05,0.5329165038,Yes,26.64582519,1,Exact solution,335.657709,No,0.411423693,15.84710886,5.420247835,121.393243,3.182437696,10,335.657709,0.03689241614,18,294.8590097,0.001485624859,7,4187
Apartment_env.dae,around_wall,RRTstar,Yes,8,42,340,0.001,0.02,0.05,0.5329165038,Yes,26.64582519,1,Exact solution,338.2229253,No,0.270235356,10.40885388,3.560180486,121.393243,3.182437696,10,338.2229253,0.0279876704,18,296.2485579,0.0005835262611,6,2928
Apartment_env.dae,around_wall,RRTstar,Yes,9,42,340,0.001,0.02,0.05,0.5329165038,Yes,26.64582519,1,Exact solution,338.9028114,No,0.334262583,12.87503765,4.403698846,121.393243,3.182437696,10,338.9028114,0.01606556087,18,302.71606,0.0006578577404,6,3506
Apartment_env.dae,around_wall,RRTstar,Yes,10,42,340,0.001,0.02,0.05,0.5329165038,Yes,26.64582519,1,Exact solution,328.4817732,No,0.174430226,6.718657254,2.298008284,121.393243,3.182437696,10,328.4817732,0.01552566974,17,297.9454714,0.0006775816755,5,2101
Apartment_env.dae,around_wall,RRTstar,Yes,1,42,340,0.001,0.02,0.2,0.5329165038,Yes,106.5833008,1,Exact solution,326.4585972,No,0.00753251,0.3110808863,0.1125205327,7.215462,0.183503861,10,326.4585972,0.0009333288237,6,305.0740145,0.0004172941855,5,182
Apartment_env.dae,around_wall,RRTstar,Yes,2,42,340,0.001,0.02,0.2,0.5329165038,Yes,106.5833008,1,Exact solution,328.4633096,No,0.007271351,0.3002954279,0.1086193431,7.215462,0.183503861,10,328.4633096,0.0005846664462,5,301.4323203,0.000450173459,5,169
Apartment_env.dae,around_wall,RRTstar,Yes,3,42,340,0.001,0.02,0.2,0.5329165038,Yes,106.5833008,1,Exact solution,334.7740105,No,0.037972697,1.568213018,0.5672356351,7.215462,0.183503861,10,334.7740105,0.000512064708,5,300.8823419,0.0005896205414,6,510
Apartment_env.dae,around_wall,RRTstar,Yes,4,42,340,0.001,0.02,0.2,0.5329165038,Yes,106.5833008,1,Exact solution,323.0545307,No,0.033027021,1.363964331,0.4933571938,7.215462,0.183503861,10,323.0545307,0.0005156806951,5,305.502607,0.0001772382347,4,464
Apartment_env.dae,around_wall,RRTstar,Yes,5,42,340,0.001,0.02,0.2,0.5329165038,Yes,106.5833008,1,Exact solution,326.4503758,No,0.028591642,1.180790113,0.4271015622,7.215462,0.183503861,10,326.4503758,0.0003775972251,5,305.9348417,0.0005122708395,6,421
Apartment_env.dae,around_wall,RRTstar,Yes,6,42,340,0.001,0.02,0.2,0.5329165038,Yes,106.5833008,1,Exact solution,335.3999908,No,0.011423109,0.4717565423,0.170638248,7.215462,0.183503861,10,335.3999908,0.0002189622877,5,319.7303295,0.0003631524957,6,240
Apartment_env.dae,around_wall,RRTstar,Yes,7,42,340,0.001,0.02,0.2,0.5329165038,Yes,106.5833008,1,Exact solution,339.7001142,No,0.013582223,0.5609245748,0.2028910638,7.215462,0.183503861,10,339.7001142,0.0009871579234,7,319.0310935,9.902014482e-05,4,264
Apartment_env.dae,around_wall,RRTstar,Yes,8,42,340,0.001,0.02,0.2,0.5329165038,Yes,106.5833008,1,Exact solution,322.6784942,No,0.019231948,0.7942493842,0.2872865796,7.215462,0.183503861,10,322.6784942,0.002871561147,7,307.0156165,0.000328746925,6,350
Apartment_env.dae,around_wall,RRTstar,Yes,9,42,340,0.001,0.02,0.2,0.5329165038,Yes,106.5833008,1,Exact solution,331.0395771,No,0.005521215,0.2280175474,0.08247583513,7.215462,0.183503861,10,331.0395771,0.0004243003713,5,315.6483998,0.0002328090065,5,171
Apartment_env.dae,around_wall,RRTstar,Yes,10,42,340,0.001,0.02,0.2,0.5329165038,Yes,106.5833008,1,Exact solution,332.6265253,No,0.010561421,0.4361701751,0.1577663643,7.215462,0.183503861,10,332.6265253,0.000647881473,5,304.2075022,0.0004107725923,5,230
Apartment_env.dae,around_wall,RRTstar,Yes,1,42,340,0.001,0.02,0.5,0.5329165038,Yes,266.4582519,1,Exact solution,338.8276061,No,0.008814207,0.3626200027,0.1318558806,7.515877,0.190571542,10,338.8276061,0.0002014826933,4,338.8276061,0.0002014826933,4,115
Apartment_env.dae,around_wall,RRTstar,Yes,2,42,340,0.001,0.02,0.5,0.5329165038,Yes,266.4582519,1,Exact solution,328.3059975,No,0.071741395,2.951469695,1.073213372,7.515877,0.190571542,10,328.3059975,0.0003990582429,5,304.7742382,0.0003851570834,7,568
Apartment_env.dae,around_wall,RRTstar,Yes,3,42,340,0.001,0.02,0.5,0.5329165038,Yes,266.4582519,1,Exact solution,329.1248553,No,0.008085928,0.3326583133,0.1209612115,7.515877,0.190571542,10,329.1248553,0.001392709522,6,302.1304667,0.001062514016,7,115
Apartment_env.dae,around_wall,RRTstar,Yes,4,42,340,0.001,0.02,0.5,0.5329165038,Yes,266.4582519,1,Exact solution,336.3368957,No,0.010712121,0.4407009441,0.1602476714,7.515877,0.190571542,10,336.3368957,0.001593730432,7,298.7244681,0.00087126864,8,142
Apartment_env.dae,around_wall,RRTstar,Yes,5,42,340,0.001,0.02,0.5,0.5329165038,Yes,266.4582519,1,Exact solution,330.4482144,No,0.006053684,0.249050982,0.09055991476,7.515877,0.190571542,10,330.4482144,0.0002422278758,4,298.3351281,0.0004730909476,6,79
Apartment_env.dae,around_wall,RRTstar,Yes,6,42,340,0.001,0.02,0.5,0.5329165038,Yes,266.4582519,1,Exact solution,329.0791563,No,0.015589948,0.6413766986,0.2332173866,7.515877,0.190571542,10,329.0791563,0.001165163757,6,317.6000109,0.001387938943,7,191
Apartment_env.dae,around_wall,RRTstar,Yes,7,42,340,0.001,0.02,0.5,0.5329165038,Yes,266.4582519,1,Exact solution,312.4744867,No,0.027395805,1.127074379,0.4098267709,7.515877,0.190571542,10,312.4744867,0.0007703986171,6,303.0160227,0.0004580296449,5,265
Apartment_env.dae,around_wall,RRTstar,Yes,8,42,340,0.001,0.02,0.5,0.5329165038,Yes,266.4582519,1,Exact solution,337.0283514,No,0.009549094,0.3928535479,0.1428494019,7.515877,0.190571542,10,337.0283514,0.001340084914,7,309.4467603,0.003143444484,7,116
Apartment_env.dae,around_wall,RRTstar,Yes,9,42,340,0.001,0.02,0.5,0.5329165038,Yes,266.4582519,1,Exact solution,322.6633907,No,0.006554193,0.2696421225,0.098047265,7.515877,0.190571542,10,322.6633907,0.0004826891617,5,298.7449029,0.0004832633257,5,94
Apartment_env.dae,around_wall,RRTstar,Yes,10,42,340,0.001,0.02,0.5,0.5329165038,Yes,266.4582519,1,Exact solution,321.9433056,No,0.018192101,0.7484303142,0.2721442209,7.515877,0.190571542,10,321.9433056,0.0001082061927,4,321.9433056,0.0001082061927,4,230
Apartment_env.dae,around_wall,RRTstar,Yes,1,42,340,0.001,0.05,0.05,0.5329165038,Yes,26.64582519,1,Exact solution,339.6100647,No,0.293437713,11.43208537,3.983124524,109.284144,2.837195354,10,339.6100647,0.01505451366,17,305.6714339,0.005792558359,7,3137
Apartment_env.dae,around_wall,RRTstar,Yes,2,42,340,0.001,0.05,0.05,0.5329165038,Yes,26.64582519,1,Exact solution,337.4832277,No,0.281598845,10.97085307,3.822423689,109.284144,2.837195354,10,337.4832277,0.01855201521,17,311.5233559,0.0009870336491,6,3071
Apartment_env.dae,around_wall,RRTstar,Yes,3,42,340,0.001,0.05,0.05,0.5329165038,Yes,26.64582519,1,Exact solution,334.8638021,No,0.188206979,7.332384881,2.554722179,109.284144,2.837195354,10,334.8638021,0.0162287705,17,301.8200986,0.0008774383396,7,2223
Apartment_env.dae,around_wall,RRTstar,Yes,4,42,340,0.001,0.05,0.05,0.5329165038,Yes,26.64582519,1,Exact solution,326.0329618,No,0.357547719,13.92975703,4.853353965,109.284144,2.837195354,10,326.0329618,0.01180207795,16,304.6443322,0.0005116872496,5,3646
Apartment_env.dae,around_wall,RRTstar,Yes,5,42,340,0.001,0.05,0.05,0.5329165038,Yes,26.64582519,1,Exact solution,339.0943696,No,0.286508782,11.16214007,3.889071191,109.284144,2.837195354,10,339.0943696,0.01582468197,18,304.3443284,0.003533796559,7,3048
Apartment_env.dae,around_wall,RRTstar,Yes,6,42,340,0.001,0.05,0.05,0.5329165038,Yes,26.64582519,1,Exact solution,339.5392823,No,0.510279284,19.88004976,6.926532753,109.284144,2.837195354,10,339.5392823,0.01923121936,17,304.0523695,0.0006702481478,7,4920
Apartment_env.dae,around_wall,RRTstar,Yes,7,42,340,0.001,0.05,0.05,0.5329165038,Yes,26.64582519,1,Exact solution,336.5058911,No,0.334261352,13.02253985,4.53726474,109.284144,2.837195354,10,336.5058911,0.01802411906,17,295.7520551,0.001056690182,7,3524
Apartment_env.dae,around_wall,RRTstar,Yes,8,42,340,0.001,0.05,0.05,0.5329165038,Yes,26.64582519,1,Exact solution,334.4170342,No,0.212014194,8.259893862,2.877881397,109.284144,2.837195354,10,334.4170342,0.01375216917,16,301.8122644,0.0001604221627,4,2495
Apartment_env.dae,around_wall,RRTstar,Yes,9,42,340,0.001,0.05,0.05,0.5329165038,Yes,26.64582519,1,Exact solution,339.5630387,No,0.157032484,6.117852896,2.131559477,109.284144,2.837195354,10,339.5630387,0.008169160927,15,305.0541232,0.002458462415,8,1969
Apartment_env.dae,around_wall,RRTstar,Yes,10,42,340,0.001,0.05,0.05,0.5329165038,Yes,26.64582519,1,Exact solution,328.21812,No,0.184207979,7.17658722,2.500439739,109.284144,2.837195354,10,328.21812,0.01510981535,17,300.2588426,0.0004025278685,5,2173
Apartment_env.dae,around_wall,RRTstar,Yes,1,42,340,0.001,0.05,0.2,0.5329165038,Yes,106.5833008,1,Exact solution,335.364788,No,0.022030591,0.9656985718,0.377986478,6.843534,0.165945439,10,335.364788,0.0003871436638,6,320.6725664,0.0001010408644,4,369
Apartment_env.dae,around_wall,RRTstar,Yes,2,42,340,0.001,0.05,0.2,0.5329165038,Yes,106.5833008,1,Exact solution,338.8761223,No,0.007667519,0.336101385,0.1315542784,6.843534,0.165945439,10,338.8761223,0.0006129727199,6,317.8135063,0.0001589236978,4,169
Apartment_env.dae,around_wall,RRTstar,Yes,3,42,340,0.001,0.05,0.2,0.5329165038,Yes,106.5833008,1,Exact solution,337.6381562,No,0.00356194,0.1561356375,0.06111343793,6.843534,0.165945439,10,337.6381562,0.0008468010756,6,307.3727984,0.0007041995646,6,97
Apartment_env.dae,around_wall,RRTstar,Yes,4,42,340,0.001,0.05,0.2,0.5329165038,Yes,106.5833008,1,Exact solution,335.0649862,No,0.010251693,0.4493771996,0.1758918465,6.843534,0.165945439,10,335.0649862,0.0008092742091,6,301.7238915,0.0007271800857,6,240
Apartment_env.dae,around_wall,RRTstar,Yes,5,42,340,0.001,0.05,0.2,0.5329165038,Yes,106.5833008,1,Exact solution,323.1306047,No,0.006543002,0.2868088145,0.1122605509,6.843534,0.165945439,10,323.1306047,0.001468209179,6,305.5232926,0.001799003809,7,171
Apartment_env.dae,around_wall,RRTstar,Yes,6,42,340,0.001,0.05,0.2,0.5329165038,Yes,106.5833008,1,Exact solution,337.3658527,No,0.029044331,1.273141922,0.4983236438,6.843534,0.165945439,10,337.3658527,0.001028010919,6,297.3439093,0.01280981118,8,448
Apartment_env.dae,around_wall,RRTstar,Yes,7,42,340,0.001,0.05,0.2,0.5329165038,Yes,106.5833008,1,Exact solution,332.3519651,No,0.006747951,0.2957926387,0.1157769318,6.843534,0.165945439,10,332.3519651,0.0005179931938,5,301.8983996,0.0007946004909,6,173
Apartment_env.dae,around_wall,RRTstar,Yes,8,42,340,0.001,0.05,0.2,0.5329165038,Yes,106.5833008,1,Exact solution,338.7261858,No,0.031901964,1.398404658,0.5473530426,6.843534,0.165945439,10,338.7261858,0.0008901146041,7,320.8684376,0.0001132112365,4,452
Apartment_env.dae,around_wall,RRTstar,Yes,9,42,340,0.001,0.05,0.2,0.5329165038,Yes,106.5833008,1,Exact solution,317.7109849,No,0.029129271,1.276865219,0.4997809888,6.843534,0.165945439,10,317.7109849,0.0004627309789,5,297.8420097,0.0003166917912,6,405
Apartment_env.dae,around_wall,RRTstar,Yes,10,42,340,0.001,0.05,0.2,0.5329165038,Yes,106.5833008,1,Exact solution,326.3330532,No,0.009244055,0.4052079543,0.1586034525,6.843534,0.165945439,10,326.3330532,0.003358842991,7,295.8251928,0.0006759810148,6,187
Apartment_env.dae,around_wall,RRTstar,Yes,1,42,340,0.001,0.05,0.5,0.5329165038,Yes,266.4582519,1,Exact solution,326.5543032,No,0.029787819,1.254153138,0.4898685815,14.484968,0.351709345,10,326.5543032,0.0004578980906,5,302.100684,0.0003491591174,5,360
Apartment_env.dae,around_wall,RRTstar,Yes,2,42,340,0.001,0.05,0.5,0.5329165038,Yes,266.4582519,1,Exact solution,331.347931,No,0.027708145,1.166592862,0.4556677912,14.484968,0.351709345,10,331.347931,0.0001220523432,4,331.347931,0.0001220523432,4,281
Apartment_env.dae,around_wall,RRTstar,Yes,3,42,340,0.001,0.05,0.5,0.5329165038,Yes,266.4582519,1,Exact solution,334.9713397,No,0.004484098,0.1887934655,0.07374218055,14.484968,0.351709345,10,334.9713397,0.0001127771899,4,325.0664212,0.0009314250117,6,86
Apartment_env.dae,around_wall,RRTstar,Yes,4,42,340,0.001,0.05,0.5,0.5329165038,Yes,266.4582519,1,Exact solution,329.6398502,No,0.011840948,0.4985380801,0.1947275294,14.484968,0.351709345,10,329.6398502,0.0004610586375,5,313.7016508,0.0008632992449,6,180
Apartment_env.dae,around_wall,RRTstar,Yes,5,42,340,0.001,0.05,0.5,0.5329165038,Yes,266.4582519,1,Exact solution,332.7924023,No,0.042995504,1.81023479,0.7070724633,14.484968,0.351709345,10,332.7924023,0.0008138002836,6,296.387124,0.0004067821011,6,308
Apartment_env.dae,around_wall,RRTstar,Yes,6,42,340,0.001,0.05,0.5,0.5329165038,Yes,266.4582519,1,Exact solution,319.1271821,No,0.049911925,2.101436073,0.8208148405,14.484968,0.351709345,10,319.1271821,0.0006879186492,6,298.057442,0.0002934776886,5,456
Apartment_env.dae,around_wall,RRTstar,Yes,7,42,340,0.001,0.05,0.5,0.5329165038,Yes,266.4582519,1,Exact solution,326.2577496,No,0.008241447,0.346988701,0.1355327811,14.484968,0.351709345,10,326.2577496,0.0004656295023,5,310.5078089,0.0005236367228,6,143
Apartment_env.dae,around_wall,RRTstar,Yes,8,42,340,0.001,0.05,0.5,0.5329165038,Yes,266.4582519,1,Exact solution,333.3348047,No,0.025185552,1.060384417,0.4141830805,14.484968,0.351709345,10,333.3348047,0.0009738198947,6,300.0980195,0.0007487972686,6,243
Apartment_env.dae,around_wall,RRTstar,Yes,9,42,340,0.001,0.05,0.5,0.5329165038,Yes,266.4582519,1,Exact solution,334.5051101,No,0.001997424,0.08409731435,0.03284816729,14.484968,0.351709345,10,334.5051101,0.0005998588443,5,306.6867384,0.0006584044247,6,46
Apartment_env.dae,around_wall,RRTstar,Yes,10,42,340,0.001,0.05,0.5,0.5329165038,Yes,266.4582519,1,Exact solution,311.6870462,No,0.141884554,5.973749159,2.33332911,14.484968,0.351709345,10,311.6870462,0.000564767816,6,301.0776169,0.001027093241,7,807
Apartment_env.dae,around_wall,RRTstar,Yes,1,42,340,0.001,0.15,0.05,0.5329165038,Yes,26.64582519,1,Exact solution,334.9508393,No,0.238750842,9.718335534,3.652274209,116.868621,2.906529126,10,334.9508393,0.0174700954,16,299.3109673,0.001734873312,7,2654
Apartment_env.dae,around_wall,RRTstar,Yes,2,42,340,0.001,0.15,0.05,0.5329165038,Yes,26.64582519,1,Exact solution,330.3290376,No,0.296883643,12.08462694,4.541556643,116.868621,2.906529126,10,330.3290376,0.02163614053,18,299.5825773,0.0007805282866,7,3176
Apartment_env.dae,around_wall,RRTstar,Yes,3,42,340,0.001,0.15,0.05,0.5329165038,Yes,26.64582519,1,Exact solution,339.7899367,No,0.149111945,6.069590798,2.281029488,116.868621,2.906529126,10,339.7899367,0.0177735267,17,295.755014,0.001613767345,7,1865
Apartment_env.dae,around_wall,RRTstar,Yes,4,42,340,0.001,0.15,0.05,0.5329165038,Yes,26.64582519,1,Exact solution,337.8612481,No,0.486330019,19.7960278,7.439599252,116.868621,2.906529126,10,337.8612481,0.01006602729,16,296.5119408,0.004498774654,8,4681
Apartment_env.dae,around_wall,RRTstar,Yes,5,42,340,0.001,0.15,0.05,0.5329165038,Yes,26.64582519,1,Exact solution,330.8755731,No,0.202952868,8.261181625,3.10465722,116.868621,2.906529126,10,330.8755731,0.006140118834,15,299.7989068,0.0001530555023,4,2363
Apartment_env.dae,around_wall,RRTstar,Yes,6,42,340,0.001,0.15,0.05,0.5329165038,Yes,26.64582519,1,Exact solution,339.3710298,No,0.326841162,13.30404556,4.999829682,116.868621,2.906529126,10,339.3710298,0.02085154691,18,303.025739,0.001027326156,6,3480
Apartment_env.dae,around_wall,RRTstar,Yes,7,42,340,0.001,0.15,0.05,0.5329165038,Yes,26.64582519,1,Exact solution,331.9599508,No,0.282566672,11.50185568,4.322543786,116.868621,2.906529126,10,331.9599508,0.0171438377,18,308.5494616,0.0007681267873,6,3050
Apartment_env.dae,around_wall,RRTstar,Yes,8,42,340,0.001,0.15,0.05,0.5329165038,Yes,26.64582519,1,Exact solution,333.9368827,No,0.240432347,9.786781072,3.677996913,116.868621,2.906529126,10,333.9368827,0.01944827083,17,300.0018133,0.0003200218495,5,2700
Apartment_env.dae,around_wall,RRTstar,Yes,9,42,340,0.001,0.15,0.05,0.5329165038,Yes,26.64582519,1,Exact solution,336.542632,No,0.427903208,17.41776874,6.545819221,116.868621,2.906529126,10,336.542632,0.01821912714,18,296.1741181,0.00307232382,7,4272
Apartment_env.dae,around_wall,RRTstar,Yes,10,42,340,0.001,0.15,0.05,0.5329165038,Yes,26.64582519,1,Exact solution,339.3587759,No,0.219344634,8.928407259,3.355409107,116.868621,2.906529126,10,339.3587759,0.02932354564,19,305.2584011,0.0009016026553,6,2485
Apartment_env.dae,around_wall,RRTstar,Yes,1,42,340,0.001,0.15,0.2,0.5329165038,Yes,106.5833008,1,Exact solution,328.6360482,No,0.008422277,0.3581714637,0.1351641132,6.854061,0.170034878,10,328.6360482,0.000451384851,5,307.3375341,0.0003407871804,5,209
Apartment_env.dae,around_wall,RRTstar,Yes,2,42,340,0.001,0.15,0.2,0.5329165038,Yes,106.5833008,1,Exact solution,323.5808109,No,0.012649726,0.5379508269,0.2030079273,6.854061,0.170034878,10,323.5808109,0.000483995377,5,299.3579993,0.001988299595,7,260
Apartment_env.dae,around_wall,RRTstar,Yes,3,42,340,0.001,0.15,0.2,0.5329165038,Yes,106.5833008,1,Exact solution,336.3096509,No,0.031632634,1.345230847,0.5076533249,6.854061,0.170034878,10,336.3096509,0.0002910086559,6,321.0556024,0.0001921301241,5,440
Apartment_env.dae,around_wall,RRTstar,Yes,4,42,340,0.001,0.15,0.2,0.5329165038,Yes,106.5833008,1,Exact solution,331.0775402,No,0.021016743,0.8937722663,0.3372852056,6.854061,0.170034878,10,331.0775402,0.0007979477844,6,296.0510655,0.00370641578,7,356
Apartment_env.dae,around_wall,RRTstar,Yes,5,42,340,0.001,0.15,0.2,0.5329165038,Yes,106.5833008,1,Exact solution,331.5534899,No,0.007139411,0.3036154341,0.1145761599,6.854061,0.170034878,10,331.5534899,0.0003827137094,5,304.5052433,0.0005008281162,5,181
Apartment_env.dae,around_wall,RRTstar,Yes,6,42,340,0.001,0.15,0.2,0.5329165038,Yes,106.5833008,1,Exact solution,324.3686274,No,0.034289277,1.458209049,0.550288208,6.854061,0.170034878,10,324.3686274,0.001082844205,6,311.0174316,0.00138462812,6,459
Apartment_env.dae,around_wall,RRTstar,Yes,7,42,340,0.001,0.15,0.2,0.5329165038,Yes,106.5833008,1,Exact solution,335.5254737,No,0.006986661,0.297119484,0.1121247661,6.854061,0.170034878,10,335.5254737,0.0006762368711,6,312.3773894,0.0005590163056,6,187
Apartment_env.dae,around_wall,RRTstar,Yes,8,42,340,0.001,0.15,0.2,0.5329165038,Yes,106.5833008,1,Exact solution,335.7569625,No,0.010856221,0.4616790169,0.1742250325,6.854061,0.170034878,10,335.7569625,0.0008205868205,6,303.9838516,0.001466111845,7,218
Apartment_env.dae,around_wall,RRTstar,Yes,9,42,340,0.001,0.15,0.2,0.5329165038,Yes,106.5833008,1,Exact solution,333.753281,No,0.020549324,0.8738944889,0.3297838762,6.854061,0.170034878,10,333.753281,0.0005018719238,6,321.0648843,0.000101022343,4,346
Apartment_env.dae,around_wall,RRTstar,Yes,10,42,340,0.001,0.15,0.2,0.5329165038,Yes,106.5833008,1,Exact solution,338.7982619,No,0.007628579,0.3244181242,0.1224265262,6.854061,0.170034878,10,338.7982619,0.0006576920392,6,319.0676678,0.0003816987462,6,192
Apartment_env.dae,around_wall,RRTstar,Yes,1,42,340,0.001,0.15,0.5,0.5329165038,Yes,266.4582519,1,Exact solution,333.3213457,No,0.00352876,0.1514690721,0.05988399533,9.935445,0.23935909,10,333.3213457,0.0001346674828,4,330.4202756,0.0001204095558,4,69
Apartment_env.dae,around_wall,RRTstar,Yes,2,42,340,0.001,0.15,0.5,0.5329165038,Yes,266.4582519,1,Exact solution,328.0305815,No,0.004093109,0.175693281,0.0694611479,9.935445,0.23935909,10,328.0305815,0.0002261895228,4,328.0305815,0.0002261895228,4,67
Apartment_env.dae,around_wall,RRTstar,Yes,3,42,340,0.001,0.15,0.5,0.5329165038,Yes,266.4582519,1,Exact solution,338.469944,No,0.006659992,0.2858745873,0.1130218348,9.935445,0.23935909,10,338.469944,0.0004888342662,5,300.2228286,0.0005600729169,7,104
Apartment_env.dae,around_wall,RRTstar,Yes,4,42,340,0.001,0.15,0.5,0.5329165038,Yes,266.4582519,1,Exact solution,333.9063349,No,0.008201697,0.3520509852,0.1391849785,9.935445,0.23935909,10,333.9063349,0.0002350860959,4,333.9063349,0.0002350860959,4,119
Apartment_env.dae,around_wall,RRTstar,Yes,5,42,340,0.001,0.15,0.5,0.5329165038,Yes,266.4582519,1,Exact solution,317.2283789,No,0.010131712,0.4348952651,0.1719378462,9.935445,0.23935909,10,317.2283789,0.0008758735738,6,296.7174295,0.0004522766584,5,174
Apartment_env.dae,around_wall,RRTstar,Yes,6,42,340,0.001,0.15,0.5,0.5329165038,Yes,266.4582519,1,Exact solution,327.4096936,No,0.032588452,1.398832051,0.5530346942,9.935445,0.23935909,10,327.4096936,0.0002381744006,5,321.8730076,0.0001963395836,5,294
Apartment_env.dae,around_wall,RRTstar,Yes,7,42,340,0.001,0.15,0.5,0.5329165038,Yes,266.4582519,1,Exact solution,335.9578293,No,0.068179995,2.926569271,1.157032641,9.935445,0.23935909,10,335.9578293,0.002167815492,6,306.9045239,0.00321012227,7,434
Apartment_env.dae,around_wall,RRTstar,Yes,8,42,340,0.001,0.15,0.5,0.5329165038,Yes,266.4582519,1,Exact solution,333.2208005,No,0.051637909,2.216514062,0.8763090439,9.935445,0.23935909,10,333.2208005,0.0002759937018,5,319.6907179,0.0003272382215,6,443
Apartment_env.dae,around_wall,RRTstar,Yes,9,42,340,0.001,0.15,0.5,0.5329165038,Yes,266.4582519,1,Exact solution,328.7570925,No,0.021225362,0.9110809145,0.360200036,9.935445,0.23935909,10,328.7570925,0.0002024985057,4,324.7054223,0.0001992308303,4,200
Apartment_env.dae,around_wall,RRTstar,Yes,10,42,340,0.001,0.15,0.5,0.5329165038,Yes,266.4582519,1,Exact solution,338.0006221,No,0.025218092,1.082465511,0.4279577256,9.935445,0.23935909,10,338.0006221,0.0008614061808,6,304.2434194,0.0006242678227,7,232
Apartment_env.dae,around_wall,InformedRRTstar,Yes,1,42,340,0.001,0.02,0.05,0.5329165038,Yes,26.64582519,1,Exact solution,338.6752953,No,0.186255094,7.617247814,2.875085805,54.678065,1.356292286,10,338.6752953,0.01218279004,17,308.7136021,0.001152213387,8,1629
Apartment_env.dae,around_wall,InformedRRTstar,Yes,2,42,340,0.001,0.02,0.05,0.5329165038,Yes,26.64582519,1,Exact solution,334.481013,No,0.03302798,1.350740552,0.509829151,54.678065,1.356292286,10,334.481013,0.01437722144,17,300.913831,0.0006411208676,7,567
Apartment_env.dae,around_wall,InformedRRTstar,Yes,3,42,340,0.001,0.02,0.05,0.5329165038,Yes,26.64582519,1,Exact solution,333.8262865,No,0.175959882,7.196206008,2.716166028,54.678065,1.356292286,10,333.8262865,0.01993785653,17,300.6100804,0.0003977898689,6,1169
Apartment_env.dae,around_wall,InformedRRTstar,Yes,4,42,340,0.001,0.02,0.05,0.5329165038,Yes,26.64582519,1,Exact solution,335.2392519,No,0.155929716,6.377035188,2.406974775,54.678065,1.356292286,10,335.2392519,0.02338518704,18,297.1131389,0.0005422587399,6,1299
Apartment_env.dae,around_wall,InformedRRTstar,Yes,5,42,340,0.001,0.02,0.05,0.5329165038,Yes,26.64582519,1,Exact solution,338.8056638,No,0.176033892,7.199232784,2.717308467,54.678065,1.356292286,10,338.8056638,0.01705038715,17,304.6471921,0.0006045070496,7,1751
Apartment_env.dae,around_wall,InformedRRTstar,Yes,6,42,340,0.001,0.02,0.05,0.5329165038,Yes,26.64582519,1,Exact solution,335.8593135,No,0.112217775,4.589354218,1.732225009,54.678065,1.356292286,10,335.8593135,0.02315116986,17,305.238694,0.0007637057586,7,932
Apartment_env.dae,around_wall,InformedRRTstar,Yes,7,42,340,0.001,0.02,0.05,0.5329165038,Yes,26.64582519,1,Exact solution,337.0169691,No,0.145932664,5.968187189,2.25265748,54.678065,1.356292286,10,337.0169691,0.02357376932,17,295.1681429,0.00108996735,6,1032
Apartment_env.dae,around_wall,InformedRRTstar,Yes,8,42,340,0.001,0.02,0.05,0.5329165038,Yes,26.64582519,1,Exact solution,339.3660618,No,0.131977622,5.397469841,2.037243543,54.678065,1.356292286,10,339.3660618,0.01952229651,18,306.635503,0.0003407071289,6,1162
Apartment_env.dae,around_wall,InformedRRTstar,Yes,9,42,340,0.001,0.02,0.05,0.5329165038,Yes,26.64582519,1,Exact solution,334.6212674,No,0.075002017,3.067346711,1.157752144,54.678065,1.356292286,10,334.6212674,0.0139949493,17,296.2926935,0.001686678355,7,633
Apartment_env.dae,around_wall,InformedRRTstar,Yes,10,42,340,0.001,0.02,0.05,0.5329165038,Yes,26.64582519,1,Exact solution,338.1530735,No,0.144638127,5.915244695,2.232674644,54.678065,1.356292286,10,338.1530735,0.02174082507,17,301.3229297,0.0004934041136,6,1260
Apartment_env.dae,around_wall,InformedRRTstar,Yes,1,42,340,0.001,0.02,0.2,0.5329165038,Yes,106.5833008,1,Exact solution,338.2948687,No,0.022727989,0.9404401096,0.3498621706,9.711076,0.24298266,10,338.2948687,0.001007657421,6,306.8812043,0.0004299016212,5,154
Apartment_env.dae,around_wall,InformedRRTstar,Yes,2,42,340,0.001,0.02,0.2,0.5329165038,Yes,106.5833008,1,Exact solution,332.6516,No,0.032181883,1.33162391,0.4953902186,9.711076,0.24298266,10,332.6516,0.0008120512186,6,296.3071744,0.000597435754,6,191
Apartment_env.dae,around_wall,InformedRRTstar,Yes,3,42,340,0.001,0.02,0.2,0.5329165038,Yes,106.5833008,1,Exact solution,326.0625281,No,0.012533466,0.5186105176,0.1929332868,9.711076,0.24298266,10,326.0625281,0.0004386484577,5,307.8312209,0.0008855891008,7,96
Apartment_env.dae,around_wall,InformedRRTstar,Yes,4,42,340,0.001,0.02,0.2,0.5329165038,Yes,106.5833008,1,Exact solution,326.8623848,No,0.051165371,2.11712383,0.7876115989,9.711076,0.24298266,10,326.8623848,0.0005909088908,6,296.2811974,0.0003984236075,5,328
Apartment_env.dae,around_wall,InformedRRTstar,Yes,5,42,340,0.001,0.02,0.2,0.5329165038,Yes,106.5833008,1,Exact solution,329.2035281,No,0.037820627,1.564944202,0.5821899445,9.711076,0.24298266,10,329.2035281,0.0007891187067,6,308.5699264,0.001838964613,8,214
Apartment_env.dae,around_wall,InformedRRTstar,Yes,6,42,340,0.001,0.02,0.2,0.5329165038,Yes,106.5833008,1,Exact solution,335.6847848,No,0.009411025,0.3894099642,0.1448681462,9.711076,0.24298266,10,335.6847848,0.0005039707388,5,312.2125841,0.0009137572496,6,141
Apartment_env.dae,around_wall,InformedRRTstar,Yes,7,42,340,0.001,0.02,0.2,0.5329165038,Yes,106.5833008,1,Exact solution,323.2450097,No,0.047669781,1.972483094,0.7338024077,9.711076,0.24298266,10,323.2450097,0.0006817881623,6,314.3669135,0.0006480648629,5,202
Apartment_env.dae,around_wall,InformedRRTstar,Yes,8,42,340,0.001,0.02,0.2,0.5329165038,Yes,106.5833008,1,Exact solution,326.0141991,No,0.006206263,0.2568031275,0.09553580144,9.711076,0.24298266,10,326.0141991,0.0006347713758,6,297.0026848,0.005227914826,7,59
Apartment_env.dae,around_wall,InformedRRTstar,Yes,9,42,340,0.001,0.02,0.2,0.5329165038,Yes,106.5833008,1,Exact solution,339.1580763,No,0.00723608,0.2994149578,0.1113882383,9.711076,0.24298266,10,339.1580763,0.0003030912808,6,325.3178314,0.0001041801003,4,134
Apartment_env.dae,around_wall,InformedRRTstar,Yes,10,42,340,0.001,0.02,0.2,0.5329165038,Yes,106.5833008,1,Exact solution,325.2146875,No,0.007738939,0.3202222881,0.1191289734,9.711076,0.24298266,10,325.2146875,0.0005278678929,5,325.2146875,0.0005278678929,5,95
Apartment_env.dae,around_wall,InformedRRTstar,Yes,1,42,340,0.001,0.02,0.5,0.5329165038,Yes,266.4582519,1,Exact solution,331.9665431,No,0.009872083,0.4051030822,0.1484803621,6.923257,0.174743835,10,331.9665431,0.0005264850423,5,309.4299426,0.001415075949,8,92
Apartment_env.dae,around_wall,InformedRRTstar,Yes,2,42,340,0.001,0.02,0.5,0.5329165038,Yes,266.4582519,1,Exact solution,331.5224516,No,0.031065856,1.274794187,0.4672437972,6.923257,0.174743835,10,331.5224516,0.000110868801,4,328.0419155,0.0001009000306,4,153
Apartment_env.dae,around_wall,InformedRRTstar,Yes,3,42,340,0.001,0.02,0.5,0.5329165038,Yes,266.4582519,1,Exact solution,311.4266962,No,0.034685016,1.423307208,0.5216775157,6.923257,0.174743835,10,311.4266962,0.0002679015644,5,308.1236717,0.0003139297953,5,81
Apartment_env.dae,around_wall,InformedRRTstar,Yes,4,42,340,0.001,0.02,0.5,0.5329165038,Yes,266.4582519,1,Exact solution,319.2314627,No,0.012948695,0.5313525277,0.194753926,6.923257,0.174743835,10,319.2314627,0.000387046119,5,303.9490069,0.0004164343597,6,73
Apartment_env.dae,around_wall,InformedRRTstar,Yes,5,42,340,0.001,0.02,0.5,0.5329165038,Yes,266.4582519,1,Exact solution,319.5159769,No,0.00721361,0.296012062,0.108495788,6.923257,0.174743835,10,319.5159769,0.0004311377909,5,302.5978118,0.0004869046946,6,56
Apartment_env.dae,around_wall,InformedRRTstar,Yes,6,42,340,0.001,0.02,0.5,0.5329165038,Yes,266.4582519,1,Exact solution,332.8247946,No,0.018836089,0.7729430264,0.2833028566,6.923257,0.174743835,10,332.8247946,0.0001818967829,5,320.7396277,0.0001290953555,5,141
Apartment_env.dae,around_wall,InformedRRTstar,Yes,7,42,340,0.001,0.02,0.5,0.5329165038,Yes,266.4582519,1,Exact solution,334.1376785,No,0.011386049,0.4672290077,0.17125106,6.923257,0.174743835,10,334.1376785,0.0003948766042,5,313.0580077,0.0003579217959,5,107
Apartment_env.dae,around_wall,InformedRRTstar,Yes,8,42,340,0.001,0.02,0.5,0.5329165038,Yes,266.4582519,1,Exact solution,336.453824,No,0.005401385,0.2216470133,0.08123914684,6.923257,0.174743835,10,336.453824,0.0001585380639,4,336.453824,0.0001585380639,4,46
Apartment_env.dae,around_wall,InformedRRTstar,Yes,9,42,340,0.001,0.02,0.5,0.5329165038,Yes,266.4582519,1,Exact solution,337.3130215,No,0.027879615,1.144046091,0.4193213661,6.923257,0.174743835,10,337.3130215,0.0001363999833,4,323.9669742,0.0001908772173,5,137
Apartment_env.dae,around_wall,InformedRRTstar,Yes,10,42,340,0.001,0.02,0.5,0.5329165038,Yes,266.4582519,1,Exact solution,337.5179158,No,0.009426605,0.3868227952,0.1417801819,6.923257,0.174743835,10,337.5179158,0.0005226032587,5,298.6477881,0.0006890959575,6,68
Apartment_env.dae,around_wall,InformedRRTstar,Yes,1,42,340,0.001,0.05,0.05,0.5329165038,Yes,26.64582519,1,Exact solution,338.8538813,No,0.286637981,11.51943337,4.250962115,73.673741,1.852194268,10,338.8538813,0.01483832266,18,311.2580652,0.0004702892433,6,2315
Apartment_env.dae,around_wall,InformedRRTstar,Yes,2,42,340,0.001,0.05,0.05,0.5329165038,Yes,26.64582519,1,Exact solution,322.4474962,No,0.280949867,11.29083893,4.166604986,73.673741,1.852194268,10,322.4474962,0.01020891813,16,294.8576103,0.001125801163,7,1485
Apartment_env.dae,around_wall,InformedRRTstar,Yes,3,42,340,0.001,0.05,0.05,0.5329165038,Yes,26.64582519,1,Exact solution,337.623038,No,0.254918277,10.24467901,3.780545531,73.673741,1.852194268,10,337.623038,0.01325350033,17,298.2060199,0.001483340305,8,1898
Apartment_env.dae,around_wall,InformedRRTstar,Yes,4,42,340,0.001,0.05,0.05,0.5329165038,Yes,26.64582519,1,Exact solution,334.3062529,No,0.128647261,5.170087881,1.907893123,73.673741,1.852194268,10,334.3062529,0.02486072714,18,305.7630544,0.000619985089,6,975
Apartment_env.dae,around_wall,InformedRRTstar,Yes,5,42,340,0.001,0.05,0.05,0.5329165038,Yes,26.64582519,1,Exact solution,339.9011812,No,0.102235762,4.108660146,1.516199457,73.673741,1.852194268,10,339.9011812,0.01096042131,17,318.9861099,9.867339573e-05,4,1381
Apartment_env.dae,around_wall,InformedRRTstar,Yes,6,42,340,0.001,0.05,0.05,0.5329165038,Yes,26.64582519,1,Exact solution,335.8024384,No,0.109648662,4.406570448,1.626135889,73.673741,1.852194268,10,335.8024384,0.01530474293,17,306.2908773,0.0003541440217,7,902
Apartment_env.dae,around_wall,InformedRRTstar,Yes,7,42,340,0.001,0.05,0.05,0.5329165038,Yes,26.64582519,1,Exact solution,335.7871041,No,0.195968077,7.875582986,2.906289209,73.673741,1.852194268,10,335.7871041,0.01466740387,17,293.9585698,0.0005267834298,7,1649
Apartment_env.dae,around_wall,InformedRRTstar,Yes,8,42,340,0.001,0.05,0.05,0.5329165038,Yes,26.64582519,1,Exact solution,336.6008258,No,0.109848742,4.414611282,1.62910316,73.673741,1.852194268,10,336.6008258,0.02159483275,19,298.2977179,0.0004729361887,5,1058
Apartment_env.dae,around_wall,InformedRRTstar,Yes,9,42,340,0.001,0.05,0.05,0.5329165038,Yes,26.64582519,1,Exact solution,337.7562504,No,0.151391338,6.084128926,2.245197375,73.673741,1.852194268,10,337.7562504,0.009818677917,17,318.4279249,0.0002131580233,5,1408
Apartment_env.dae,around_wall,InformedRRTstar,Yes,10,42,340,0.001,0.05,0.05,0.5329165038,Yes,26.64582519,1,Exact solution,339.3489093,No,0.212977221,8.559148019,3.158541986,73.673741,1.852194268,10,339.3489093,0.01196853368,16,305.3386835,0.0001457589798,5,1865
Apartment_env.dae,around_wall,InformedRRTstar,Yes,1,42,340,0.001,0.05,0.2,0.5329165038,Yes,106.5833008,1,Exact solution,319.5627079,No,0.000923908,0.03996866341,0.01477041238,4.520122,0.113543632,10,319.5627079,0.0005232879764,5,297.5708271,0.002286265736,7,24
Apartment_env.dae,around_wall,InformedRRTstar,Yes,2,42,340,0.001,0.05,0.2,0.5329165038,Yes,106.5833008,1,Exact solution,339.9616943,No,0.009362154,0.4050108691,0.1496716939,4.520122,0.113543632,10,339.9616943,0.0006927729362,6,296.8651997,0.0006569623302,6,163
Apartment_env.dae,around_wall,InformedRRTstar,Yes,3,42,340,0.001,0.05,0.2,0.5329165038,Yes,106.5833008,1,Exact solution,320.0615663,No,0.015728367,0.6804160227,0.251447619,4.520122,0.113543632,10,320.0615663,0.0007663307469,6,294.1957888,0.0009519172096,7,124
Apartment_env.dae,around_wall,InformedRRTstar,Yes,4,42,340,0.001,0.05,0.2,0.5329165038,Yes,106.5833008,1,Exact solution,336.1221866,No,0.008491437,0.3673432716,0.13575164,4.520122,0.113543632,10,336.1221866,0.0004977173802,5,304.2760703,0.0005869609434,6,100
Apartment_env.dae,around_wall,InformedRRTstar,Yes,5,42,340,0.001,0.05,0.2,0.5329165038,Yes,106.5833008,1,Exact solution,319.7128602,No,0.007732259,0.3345008999,0.1236147475,4.520122,0.113543632,10,319.7128602,0.0004740863063,5,297.1909725,0.001180970187,6,68
Apartment_env.dae,around_wall,InformedRRTstar,Yes,6,42,340,0.001,0.05,0.2,0.5329165038,Yes,106.5833008,1,Exact solution,335.8763383,No,0.014008612,0.6060186706,0.2239540909,4.520122,0.113543632,10,335.8763383,0.000693170487,6,303.6405341,0.0002371715507,5,184
Apartment_env.dae,around_wall,InformedRRTstar,Yes,7,42,340,0.001,0.05,0.2,0.5329165038,Yes,106.5833008,1,Exact solution,337.22631,No,0.012475146,0.539680262,0.1994387439,4.520122,0.113543632,10,337.22631,0.0005391109572,5,307.4266048,0.0005258825539,6,219
Apartment_env.dae,around_wall,InformedRRTstar,Yes,8,42,340,0.001,0.05,0.2,0.5329165038,Yes,106.5833008,1,Exact solution,336.428475,No,0.004730308,0.2046351891,0.07562289737,4.520122,0.113543632,10,336.428475,0.0004321463266,6,319.0374555,0.0001003143994,4,80
Apartment_env.dae,around_wall,InformedRRTstar,Yes,9,42,340,0.001,0.05,0.2,0.5329165038,Yes,106.5833008,1,Exact solution,331.2755919,No,0.026769448,1.158058007,0.4279601284,4.520122,0.113543632,10,331.2755919,0.0009119969247,6,302.8814551,0.0005071431736,6,207
Apartment_env.dae,around_wall,InformedRRTstar,Yes,10,42,340,0.001,0.05,0.2,0.5329165038,Yes,106.5833008,1,Exact solution,327.1114404,No,0.004264639,0.1844901449,0.0681782999,4.520122,0.113543632,10,327.1114404,0.0003644315515,5,310.1035346,0.0004572022634,5,54
Apartment_env.dae,around_wall,InformedRRTstar,Yes,1,42,340,0.001,0.05,0.5,0.5329165038,Yes,266.4582519,1,Exact solution,335.5985867,No,0.019220498,0.7915945935,0.2944145723,9.07909,0.227203503,10,335.5985867,0.0001904799564,5,320.5957959,0.0002421592169,5,111
Apartment_env.dae,around_wall,InformedRRTstar,Yes,2,42,340,0.001,0.05,0.5,0.5329165038,Yes,266.4582519,1,Exact solution,338.7267424,No,0.01474249,0.6071682107,0.2258216144,9.07909,0.227203503,10,338.7267424,0.0004166803794,5,300.7489207,0.0004509278113,6,133
Apartment_env.dae,around_wall,InformedRRTstar,Yes,3,42,340,0.001,0.05,0.5,0.5329165038,Yes,266.4582519,1,Exact solution,333.5269853,No,0.006400213,0.2635922341,0.09803679245,9.07909,0.227203503,10,333.5269853,0.0001202929364,4,333.5269853,0.0001202929364,4,46
Apartment_env.dae,around_wall,InformedRRTstar,Yes,4,42,340,0.001,0.05,0.5,0.5329165038,Yes,266.4582519,1,Exact solution,324.0801406,No,0.013749893,0.5662881867,0.2106172726,9.07909,0.227203503,10,324.0801406,0.0008876754064,6,298.4389615,0.005688963626,8,111
Apartment_env.dae,around_wall,InformedRRTstar,Yes,5,42,340,0.001,0.05,0.5,0.5329165038,Yes,266.4582519,1,Exact solution,313.9548166,No,0.032475762,1.337511526,0.497455247,9.07909,0.227203503,10,313.9548166,0.0001902920153,4,313.9548166,0.0001902920153,4,120
Apartment_env.dae,around_wall,InformedRRTstar,Yes,6,42,340,0.001,0.05,0.5,0.5329165038,Yes,266.4582519,1,Exact solution,314.0294592,No,0.063803627,2.627747011,0.9773273073,9.07909,0.227203503,10,314.0294592,0.0004064633562,5,307.2344732,0.0003992706354,5,205
Apartment_env.dae,around_wall,InformedRRTstar,Yes,7,42,340,0.001,0.05,0.5,0.5329165038,Yes,266.4582519,1,Exact solution,331.0345866,No,0.02580174,1.062642492,0.3952243198,9.07909,0.227203503,10,331.0345866,0.0005684792105,5,331.0345866,0.0005684792105,5,154
Apartment_env.dae,around_wall,InformedRRTstar,Yes,8,42,340,0.001,0.05,0.5,0.5329165038,Yes,266.4582519,1,Exact solution,316.2553081,No,0.022831888,0.9403293869,0.3497329019,9.07909,0.227203503,10,316.2553081,0.0004479714511,5,300.4186217,0.0005558060269,6,72
Apartment_env.dae,around_wall,InformedRRTstar,Yes,9,42,340,0.001,0.05,0.5,0.5329165038,Yes,266.4582519,1,Exact solution,339.8184991,No,0.005425275,0.2234394946,0.0831029466,9.07909,0.227203503,10,339.8184991,0.0001408350497,4,334.1939525,0.0001365886862,4,51
Apartment_env.dae,around_wall,InformedRRTstar,Yes,10,42,340,0.001,0.05,0.5,0.5329165038,Yes,266.4582519,1,Exact solution,323.9575802,No,0.015995586,0.658776864,0.2450162119,9.07909,0.227203503,10,323.9575802,0.0004841912474,5,302.8773792,0.0003739777687,5,90
Apartment_env.dae,around_wall,InformedRRTstar,Yes,1,42,340,0.001,0.15,0.05,0.5329165038,Yes,26.64582519,1,Exact solution,339.8393857,No,0.152000597,6.14153231,2.275064516,63.968203,1.604588441,10,339.8393857,0.01846196164,19,320.3889571,0.0001273219199,5,1666
Apartment_env.dae,around_wall,InformedRRTstar,Yes,2,42,340,0.001,0.15,0.05,0.5329165038,Yes,26.64582519,1,Exact solution,329.6778339,No,0.135455122,5.473018032,2.0274206,63.968203,1.604588441,10,329.6778339,0.01359243335,16,295.0997573,0.001005269175,7,1056
Apartment_env.dae,around_wall,InformedRRTstar,Yes,3,42,340,0.001,0.15,0.05,0.5329165038,Yes,26.64582519,1,Exact solution,336.538934,No,0.165799269,6.699062949,2.481595738,63.968203,1.604588441,10,336.538934,0.02150799278,18,298.1981194,0.01284299744,7,1080
Apartment_env.dae,around_wall,InformedRRTstar,Yes,4,42,340,0.001,0.15,0.05,0.5329165038,Yes,26.64582519,1,Exact solution,336.289759,No,0.160347525,6.478787091,2.399996918,63.968203,1.604588441,10,336.289759,0.01786380527,18,304.5040768,0.0004498451565,5,1418
Apartment_env.dae,around_wall,InformedRRTstar,Yes,5,42,340,0.001,0.15,0.05,0.5329165038,Yes,26.64582519,1,Exact solution,339.9824526,No,0.145378165,5.873955202,2.175943458,63.968203,1.604588441,10,339.9824526,0.02729068595,18,302.9348699,0.001816620189,6,1222
Apartment_env.dae,around_wall,InformedRRTstar,Yes,6,42,340,0.001,0.15,0.05,0.5329165038,Yes,26.64582519,1,Exact solution,333.7392041,No,0.098746912,3.98983532,1.477991534,63.968203,1.604588441,10,333.7392041,0.01815666021,17,300.7259606,0.0003593823074,6,1298
Apartment_env.dae,around_wall,InformedRRTstar,Yes,7,42,340,0.001,0.15,0.05,0.5329165038,Yes,26.64582519,1,Exact solution,338.6179925,No,0.285661664,11.54206216,4.27563265,63.968203,1.604588441,10,338.6179925,0.03778954808,18,296.0118271,0.0003501648884,5,1889
Apartment_env.dae,around_wall,InformedRRTstar,Yes,8,42,340,0.001,0.15,0.05,0.5329165038,Yes,26.64582519,1,Exact solution,337.8805668,No,0.089704027,3.624460634,1.342642416,63.968203,1.604588441,10,337.8805668,0.02004575738,17,299.1796261,0.0002588838433,5,963
Apartment_env.dae,around_wall,InformedRRTstar,Yes,9,42,340,0.001,0.15,0.05,0.5329165038,Yes,26.64582519,1,Exact solution,332.4798735,No,0.183728721,7.423496345,2.74995429,63.968203,1.604588441,10,332.4798735,0.01583999895,19,298.904788,0.0007954120371,6,1466
Apartment_env.dae,around_wall,InformedRRTstar,Yes,10,42,340,0.001,0.15,0.05,0.5329165038,Yes,26.64582519,1,Exact solution,338.0591852,No,0.166366778,6.721992956,2.490089912,63.968203,1.604588441,10,338.0591852,0.01473094432,18,304.7261731,0.001144640946,7,1693
Apartment_env.dae,around_wall,InformedRRTstar,Yes,1,42,340,0.001,0.15,0.2,0.5329165038,Yes,106.5833008,1,Exact solution,334.6981141,No,0.017015623,0.743469784,0.285526487,5.018768,0.123170685,10,334.6981141,0.0002440397602,6,325.3691309,0.0001865725671,5,140
Apartment_env.dae,around_wall,InformedRRTstar,Yes,2,42,340,0.001,0.15,0.2,0.5329165038,Yes,106.5833008,1,Exact solution,338.5383555,No,0.008269317,0.3613142654,0.1387612451,5.018768,0.123170685,10,338.5383555,0.0005222611266,5,308.4235842,0.0009605794655,6,120
Apartment_env.dae,around_wall,InformedRRTstar,Yes,3,42,340,0.001,0.15,0.2,0.5329165038,Yes,106.5833008,1,Exact solution,337.5002746,No,0.00724126,0.3163949982,0.1215101868,5.018768,0.123170685,10,337.5002746,0.0007878086027,6,310.9703957,0.0004234780817,5,86
Apartment_env.dae,around_wall,InformedRRTstar,Yes,4,42,340,0.001,0.15,0.2,0.5329165038,Yes,106.5833008,1,Exact solution,336.0688663,No,0.002970712,0.1298003963,0.04984930386,5.018768,0.123170685,10,336.0688663,0.0003984198113,6,317.2096864,9.840720351e-05,4,71
Apartment_env.dae,around_wall,InformedRRTstar,Yes,5,42,340,0.001,0.15,0.2,0.5329165038,Yes,106.5833008,1,Exact solution,339.4056804,No,0.025294561,1.105204423,0.4244491749,5.018768,0.123170685,10,339.4056804,0.0008330302017,6,301.1955643,0.0006554433296,6,185
Apartment_env.dae,around_wall,InformedRRTstar,Yes,6,42,340,0.001,0.15,0.2,0.5329165038,Yes,106.5833008,1,Exact solution,337.6050213,No,0.015032219,0.656808194,0.2522444628,5.018768,0.123170685,10,337.6050213,0.0008865249596,6,300.7702377,0.0007566303659,7,169
Apartment_env.dae,around_wall,InformedRRTstar,Yes,7,42,340,0.001,0.15,0.2,0.5329165038,Yes,106.5833008,1,Exact solution,335.4185047,No,0.00711578,0.310912355,0.1194046005,5.018768,0.123170685,10,335.4185047,0.0008737488659,6,310.4078019,0.0005509043418,5,107
Apartment_env.dae,around_wall,InformedRRTstar,Yes,8,42,340,0.001,0.15,0.2,0.5329165038,Yes,106.5833008,1,Exact solution,314.5611306,No,0.007096931,0.3100887789,0.1190883094,5.018768,0.123170685,10,314.5611306,0.0005996734983,6,295.6481607,0.002451096388,8,66
Apartment_env.dae,around_wall,InformedRRTstar,Yes,9,42,340,0.001,0.15,0.2,0.5329165038,Yes,106.5833008,1,Exact solution,328.2677929,No,0.019396148,0.8474829258,0.3254723027,5.018768,0.123170685,10,328.2677929,0.0007746996056,6,297.5634327,0.0003934419814,5,150
Apartment_env.dae,around_wall,InformedRRTstar,Yes,10,42,340,0.001,0.15,0.2,0.5329165038,Yes,106.5833008,1,Exact solution,339.6302284,No,0.005430845,0.2372918793,0.09113096208,5.018768,0.123170685,10,339.6302284,0.0007946631105,6,299.65023,0.001532469027,7,117
Apartment_env.dae,around_wall,InformedRRTstar,Yes,1,42,340,0.001,0.15,0.5,0.5329165038,Yes,266.4582519,1,Exact solution,339.2585982,No,0.003316661,0.1372327161,0.05317808443,30.826836,0.752306467,10,339.2585982,0.0002582799725,4,305.4265951,0.0003756766517,6,46
Apartment_env.dae,around_wall,InformedRRTstar,Yes,2,42,340,0.001,0.15,0.5,0.5329165038,Yes,266.4582519,1,Exact solution,309.3294236,No,0.060376246,2.498173985,0.968049827,30.826836,0.752306467,10,309.3294236,0.0001723028036,4,309.3294236,0.0001723028036,4,154
Apartment_env.dae,around_wall,InformedRRTstar,Yes,3,42,340,0.001,0.15,0.5,0.5329165038,Yes,266.4582519,1,Exact solution,333.1100621,No,0.019743997,0.8169428035,0.3165677588,30.826836,0.752306467,10,333.1100621,0.0007927252303,5,303.7612788,0.003751664992,6,139
Apartment_env.dae,around_wall,InformedRRTstar,Yes,4,42,340,0.001,0.15,0.5,0.5329165038,Yes,266.4582519,1,Exact solution,339.3634076,No,0.007159671,0.2962440533,0.1147954491,30.826836,0.752306467,10,339.3634076,0.0009334634786,6,304.3003784,0.0008215814979,8,67
Apartment_env.dae,around_wall,InformedRRTstar,Yes,5,42,340,0.001,0.15,0.5,0.5329165038,Yes,266.4582519,1,Exact solution,320.8776856,No,0.01468738,0.6077163299,0.2354918798,30.826836,0.752306467,10,320.8776856,0.000579713061,5,306.992244,0.000411891976,6,95
Apartment_env.dae,around_wall,InformedRRTstar,Yes,6,42,340,0.001,0.15,0.5,0.5329165038,Yes,266.4582519,1,Exact solution,333.8576733,No,0.071121317,2.942770306,1.14033222,30.826836,0.752306467,10,333.8576733,0.0001316463174,4,320.1356484,9.926717115e-05,4,275
Apartment_env.dae,around_wall,InformedRRTstar,Yes,7,42,340,0.001,0.15,0.5,0.5329165038,Yes,266.4582519,1,Exact solution,314.5579577,No,0.406601236,16.82384543,6.51928999,30.826836,0.752306467,10,314.5579577,0.0004733215525,5,296.6527467,0.001496860727,7,490
Apartment_env.dae,around_wall,InformedRRTstar,Yes,8,42,340,0.001,0.15,0.5,0.5329165038,Yes,266.4582519,1,Exact solution,332.4937241,No,0.001124346,0.04652180475,0.01802733729,30.826836,0.752306467,10,332.4937241,0.0001222815029,4,329.5490213,0.0001166504314,4,17
Apartment_env.dae,around_wall,InformedRRTstar,Yes,9,42,340,0.001,0.15,0.5,0.5329165038,Yes,266.4582519,1,Exact solution,319.531477,No,0.149932202,6.203710092,2.403956056,30.826836,0.752306467,10,319.531477,0.0006893445018,6,297.4799656,0.00118034012,7,242
Apartment_env.dae,around_wall,InformedRRTstar,Yes,10,42,340,0.001,0.15,0.5,0.5329165038,Yes,266.4582519,1,Exact solution,334.4092945,No,0.01096457,0.4536784804,0.1758017564,30.826836,0.752306467,10,334.4092945,0.0001399201593,4,325.0528815,0.0001025340541,4,94
Apartment_env.dae,around_wall,RRT,No,1,42,340,0.0005,0.02,0.05,0.2664582519,Yes,26.64582519,1,Exact solution,517.8842067,No,0.005865374,0.3585887466,0.1453885971,2.443721,0.057890103,10,517.8842067,0.03887075071,22,302.5234207,0.0007130789473,6,634
Apartment_env.dae,around_wall,RRT,No,2,42,340,0.0005,0.02,0.05,0.2664582519,Yes,26.64582519,1,Exact solution,456.5003924,No,0.003596171,0.2198574978,0.08914048049,2.443721,0.057890103,10,456.5003924,0.03973919294,19,318.1902171,0.0001197188138,5,349
Apartment_env.dae,around_wall,RRT,No,3,42,340,0.0005,0.02,0.05,0.2664582519,Yes,26.64582519,1,Exact solution,721.3634152,No,0.005254295,0.3212294832,0.1302414098,2.443721,0.057890103,10,721.3634152,0.0456396146,29,423.3189345,0.000361950976,5,394
Apartment_env.dae,around_wall,RRT,No,4,42,340,0.0005,0.02,0.05,0.2664582519,Yes,26.64582519,1,Exact solution,434.0791053,No,0.000200719,0.01227126772,0.004975344082,2.443721,0.057890103,10,434.0791053,0.02339970119,18,327.6880876,0.000108549643,4,33
Apartment_env.dae,around_wall,RRT,No,5,42,340,0.0005,0.02,0.05,0.2664582519,Yes,26.64582519,1,Exact solution,478.8481471,No,0.006934111,0.4239276426,0.1718800319,2.443721,0.057890103,10,478.8481471,0.04660498588,20,298.9168609,0.0002970925453,5,755
Apartment_env.dae,around_wall,RRT,No,6,42,340,0.0005,0.02,0.05,0.2664582519,Yes,26.64582519,1,Exact solution,390.206769,No,0.000497648,0.03042448318,0.01233550402,2.443721,0.057890103,10,390.206769,0.01757349083,16,319.478434,0.0001584037789,5,63
Apartment_env.dae,around_wall,RRT,No,7,42,340,0.0005,0.02,0.05,0.2664582519,Yes,26.64582519,1,Exact solution,434.9965318,No,0.00766502,0.4686128992,0.1899975184,2.443721,0.057890103,10,434.9965318,0.02757304034,18,304.1157047,0.00172471744,8,887
Apartment_env.dae,around_wall,RRT,No,8,42,340,0.0005,0.02,0.05,0.2664582519,Yes,26.64582519,1,Exact solution,651.1017342,No,0.004902467,0.2997199321,0.1215204349,2.443721,0.057890103,10,651.1017342,0.03176527101,26,304.5119779,0.0006271030693,7,552
Apartment_env.dae,around_wall,RRT,No,9,42,340,0.0005,0.02,0.05,0.2664582519,Yes,26.64582519,1,Exact solution,385.1026786,No,0.001161197,0.07099158158,0.02878329716,2.443721,0.057890103,10,385.1026786,0.02030874603,16,298.5115398,0.0002192835594,5,134
Apartment_env.dae,around_wall,RRT,No,10,42,340,0.0005,0.02,0.05,0.2664582519,Yes,26.64582519,1,Exact solution,554.7378173,No,0.003894519,0.2380974661,0.09653581405,2.443721,0.057890103,10,554.7378173,0.02909577044,22,308.4736946,0.0003637778134,5,445
Apartment_env.dae,around_wall,RRT,No,1,42,340,0.0005,0.02,0.2,0.2664582519,Yes,106.5833008,1,Exact solution,841.8500495,No,0.006135694,0.3931811737,0.1548507597,1.793502,0.043316212,10,841.8500495,0.0292884194,17,415.8954353,0.0003198111446,5,588
Apartment_env.dae,around_wall,RRT,No,2,42,340,0.0005,0.02,0.2,0.2664582519,Yes,106.5833008,1,Exact solution,435.6530773,No,0.000382349,0.02450129172,0.009649606567,1.793502,0.043316212,10,435.6530773,0.004113388378,8,325.2838538,0.001449502367,5,30
Apartment_env.dae,around_wall,RRT,No,3,42,340,0.0005,0.02,0.2,0.2664582519,Yes,106.5833008,1,Exact solution,516.5455534,No,0.003111621,0.1993956669,0.07853013461,1.793502,0.043316212,10,516.5455534,0.01834087544,11,321.1609708,0.0001102233241,4,237
Apartment_env.dae,around_wall,RRT,No,4,42,340,0.0005,0.02,0.2,0.2664582519,Yes,106.5833008,1,Exact solution,455.0658677,No,0.001824075,0.1168884807,0.04603544432,1.793502,0.043316212,10,455.0658677,0.003473230818,7,339.412852,0.003182769616,7,126
Apartment_env.dae,around_wall,RRT,No,5,42,340,0.0005,0.02,0.2,0.2664582519,Yes,106.5833008,1,Exact solution,688.0417254,No,0.001422136,0.0911318429,0.03589143135,1.793502,0.043316212,10,688.0417254,0.01478277532,12,309.1897102,0.0006079610095,6,124
Apartment_env.dae,around_wall,RRT,No,6,42,340,0.0005,0.02,0.2,0.2664582519,Yes,106.5833008,1,Exact solution,527.9691818,No,0.002921362,0.1872036871,0.07372843643,1.793502,0.043316212,10,527.9691818,0.0117977316,11,332.1221338,0.000150421667,5,224
Apartment_env.dae,around_wall,RRT,No,7,42,340,0.0005,0.02,0.2,0.2664582519,Yes,106.5833008,1,Exact solution,514.1972759,No,0.005948384,0.3811781687,0.1501234875,1.793502,0.043316212,10,514.1972759,0.01564511845,12,327.4275722,0.0001079935997,4,529
Apartment_env.dae,around_wall,RRT,No,8,42,340,0.0005,0.02,0.2,0.2664582519,Yes,106.5833008,1,Exact solution,396.0642711,No,0.000767367,0.04917361552,0.01936657254,1.793502,0.043316212,10,396.0642711,0.001148519572,6,306.5422552,0.0008072367784,7,57
Apartment_env.dae,around_wall,RRT,No,9,42,340,0.0005,0.02,0.2,0.2664582519,Yes,106.5833008,1,Exact solution,686.6270189,No,0.00386974,0.2479766617,0.09766330896,1.793502,0.043316212,10,686.6270189,0.01397459872,14,441.7502582,0.0006259409232,5,323
Apartment_env.dae,around_wall,RRT,No,10,42,340,0.0005,0.02,0.2,0.2664582519,Yes,106.5833008,1,Exact solution,602.956327,No,0.001605335,0.102871411,0.04051495142,1.793502,0.043316212,10,602.956327,0.01618349787,12,305.0599985,0.001502181212,7,145
Apartment_env.dae,around_wall,RRT,No,1,42,340,0.0005,0.02,0.5,0.2664582519,Yes,266.4582519,1,Exact solution,681.8897672,No,0.00368175,0.239008616,0.0976849911,2.312243,0.054474912,10,681.8897672,0.01913106523,15,318.4893433,0.004398108019,7,235
Apartment_env.dae,around_wall,RRT,No,2,42,340,0.0005,0.02,0.5,0.2664582519,Yes,266.4582519,1,Exact solution,1047.737002,No,0.004308868,0.2797193121,0.1143238222,2.312243,0.054474912,10,1047.737002,0.01794949821,19,465.7344046,0.001414122713,8,396
Apartment_env.dae,around_wall,RRT,No,3,42,340,0.0005,0.02,0.5,0.2664582519,Yes,266.4582519,1,Exact solution,618.6657118,No,0.006250033,0.4057341583,0.1658272338,2.312243,0.054474912,10,618.6657118,0.01482541706,14,436.1092492,0.0008333972019,6,600
Apartment_env.dae,around_wall,RRT,No,4,42,340,0.0005,0.02,0.5,0.2664582519,Yes,266.4582519,1,Exact solution,428.0266619,No,0.002755912,0.1789058771,0.07312045609,2.312243,0.054474912,10,428.0266619,0.006804286653,10,318.9340561,0.000367624171,5,209
Apartment_env.dae,around_wall,RRT,No,5,42,340,0.0005,0.02,0.5,0.2664582519,Yes,266.4582519,1,Exact solution,401.9755277,No,0.002114355,0.1372578427,0.05609852634,2.312243,0.054474912,10,401.9755277,0.002606260744,8,329.1390514,0.0001982287636,6,127
Apartment_env.dae,around_wall,RRT,No,6,42,340,0.0005,0.02,0.5,0.2664582519,Yes,266.4582519,1,Exact solution,698.9715616,No,0.003103482,0.2014691214,0.08234225886,2.312243,0.054474912,10,698.9715616,0.02208778025,15,295.0501784,0.001509960565,7,227
Apartment_env.dae,around_wall,RRT,No,7,42,340,0.0005,0.02,0.5,0.2664582519,Yes,266.4582519,1,Exact solution,464.4024313,No,0.001832005,0.1189284931,0.04860715478,2.312243,0.054474912,10,464.4024313,0.006228350657,10,299.8429474,0.0009906404905,6,151
Apartment_env.dae,around_wall,RRT,No,8,42,340,0.0005,0.02,0.5,0.2664582519,Yes,266.4582519,1,Exact solution,748.2261327,No,0.004865587,0.3158599077,0.1290948117,2.312243,0.054474912,10,748.2261327,0.01779200883,14,318.9286949,0.0004863506143,5,392
Apartment_env.dae,around_wall,RRT,No,9,42,340,0.0005,0.02,0.5,0.2664582519,Yes,266.4582519,1,Exact solution,543.0720404,No,0.004039179,0.2622118782,0.107168375,2.312243,0.054474912,10,543.0720404,0.01039320927,12,318.0885762,0.0008992886327,5,304
Apartment_env.dae,around_wall,RRT,No,10,42,340,0.0005,0.02,0.5,0.2664582519,Yes,266.4582519,1,Exact solution,541.9716538,No,0.002667213,0.1731477933,0.07076707494,2.312243,0.054474912,10,541.9716538,0.00931949483,13,330.3313641,0.001034240063,6,184
Apartment_env.dae,around_wall,RRT,No,1,42,340,0.0005,0.05,0.05,0.2664582519,Yes,26.64582519,1,Exact solution,681.8398128,No,0.008205748,0.5162376101,0.2058382088,2.143703,0.05135677,10,681.8398128,0.06847303966,29,346.4711618,0.00102190498,6,796
Apartment_env.dae,around_wall,RRT,No,2,42,340,0.0005,0.05,0.05,0.2664582519,Yes,26.64582519,1,Exact solution,466.2092212,No,0.001487956,0.09360985121,0.03732483594,2.143703,0.05135677,10,466.2092212,0.03591147998,19,322.5016331,0.0001465166625,5,48
Apartment_env.dae,around_wall,RRT,No,3,42,340,0.0005,0.05,0.05,0.2664582519,Yes,26.64582519,1,Exact solution,568.7904582,No,0.002371724,0.1492092043,0.05949383529,2.143703,0.05135677,10,568.7904582,0.02710399901,23,324.9602041,0.0001492402251,5,218
Apartment_env.dae,around_wall,RRT,No,4,42,340,0.0005,0.05,0.05,0.2664582519,Yes,26.64582519,1,Exact solution,442.6187214,No,0.00025538,0.01606639162,0.006406114564,2.143703,0.05135677,10,442.6187214,0.01668273062,18,321.8970989,0.0001686282974,5,36
Apartment_env.dae,around_wall,RRT,No,5,42,340,0.0005,0.05,0.05,0.2664582519,Yes,26.64582519,1,Exact solution,613.2732588,No,0.002666652,0.1677636281,0.06689199708,2.143703,0.05135677,10,613.2732588,0.04325115353,26,299.0379653,0.000573055642,6,293
Apartment_env.dae,around_wall,RRT,No,6,42,340,0.0005,0.05,0.05,0.2664582519,Yes,26.64582519,1,Exact solution,651.0076381,No,0.002045904,0.128711312,0.05132075891,2.143703,0.05135677,10,651.0076381,0.04014006082,26,319.6679643,0.000192323729,5,237
Apartment_env.dae,around_wall,RRT,No,7,42,340,0.0005,0.05,0.05,0.2664582519,Yes,26.64582519,1,Exact solution,484.4591631,No,0.006627212,0.4169292165,0.1662412065,2.143703,0.05135677,10,484.4591631,0.03249719251,20,303.0943678,0.0006652473359,6,646
Apartment_env.dae,around_wall,RRT,No,8,42,340,0.0005,0.05,0.05,0.2664582519,Yes,26.64582519,1,Exact solution,515.0558357,No,0.004738897,0.2981320974,0.1188735104,2.143703,0.05135677,10,515.0558357,0.02735878793,21,320.179486,0.0003891273209,5,509
Apartment_env.dae,around_wall,RRT,No,9,42,340,0.0005,0.05,0.05,0.2664582519,Yes,26.64582519,1,Exact solution,601.7228344,No,0.001273886,0.08014234219,0.03195496772,2.143703,0.05135677,10,601.7228344,0.03574762013,24,301.6018512,0.0006293831508,7,114
Apartment_env.dae,around_wall,RRT,No,10,42,340,0.0005,0.05,0.05,0.2664582519,Yes,26.64582519,1,Exact solution,561.1726565,No,0.004401428,0.2769013467,0.1104082231,2.143703,0.05135677,10,561.1726565,0.03592485538,23,338.1204084,0.001465845437,6,473
Apartment_env.dae,around_wall,RRT,No,1,42,340,0.0005,0.05,0.2,0.2664582519,Yes,106.5833008,1,Exact solution,604.7949508,No,0.00357863,0.2281626526,0.09144536968,1.928291,0.046037665,10,604.7949508,0.009900397647,12,316.5674149,0.001485216524,6,277
Apartment_env.dae,around_wall,RRT,No,2,42,340,0.0005,0.05,0.2,0.2664582519,Yes,106.5833008,1,Exact solution,368.454868,No,0.000984318,0.06275714614,0.02515245314,1.928291,0.046037665,10,368.454868,0.000628096725,6,330.9364473,0.0002329174425,5,54
Apartment_env.dae,around_wall,RRT,No,3,42,340,0.0005,0.05,0.2,0.2664582519,Yes,106.5833008,1,Exact solution,631.2067515,No,0.00740371,0.4720382138,0.1891883201,1.928291,0.046037665,10,631.2067515,0.01925137927,13,321.8105833,0.0005541872484,5,613
Apartment_env.dae,around_wall,RRT,No,4,42,340,0.0005,0.05,0.2,0.2664582519,Yes,106.5833008,1,Exact solution,435.9806846,No,0.002159824,0.1377038624,0.0551903673,1.928291,0.046037665,10,435.9806846,0.01246863804,11,320.743687,0.0001000603185,4,189
Apartment_env.dae,around_wall,RRT,No,5,42,340,0.0005,0.05,0.2,0.2664582519,Yes,106.5833008,1,Exact solution,684.676804,No,0.000891958,0.05686855118,0.02279236162,1.928291,0.046037665,10,684.676804,0.002414595795,9,368.1926684,0.0007226130812,5,42
Apartment_env.dae,around_wall,RRT,No,6,42,340,0.0005,0.05,0.2,0.2664582519,Yes,106.5833008,1,Exact solution,612.6902461,No,0.002569113,0.1637988943,0.065649002,1.928291,0.046037665,10,612.6902461,0.007313339588,10,412.6300917,0.000700961732,6,184
Apartment_env.dae,around_wall,RRT,No,7,42,340,0.0005,0.05,0.2,0.2664582519,Yes,106.5833008,1,Exact solution,883.6073427,No,0.00345816,0.2204818489,0.08836697832,1.928291,0.046037665,10,883.6073427,0.00642173292,15,614.2599555,0.0002441940089,5,249
Apartment_env.dae,around_wall,RRT,No,8,42,340,0.0005,0.05,0.2,0.2664582519,Yes,106.5833008,1,Exact solution,722.2667706,No,0.003322441,0.2118288149,0.08489892654,1.928291,0.046037665,10,722.2667706,0.01916467944,16,310.8683171,0.0009341935658,7,281
Apartment_env.dae,around_wall,RRT,No,9,42,340,0.0005,0.05,0.2,0.2664582519,Yes,106.5833008,1,Exact solution,584.5798264,No,0.001752366,0.1117255695,0.04477852046,1.928291,0.046037665,10,584.5798264,0.002546600457,9,323.8016728,0.003002372808,7,84
Apartment_env.dae,around_wall,RRT,No,10,42,340,0.0005,0.05,0.2,0.2664582519,Yes,106.5833008,1,Exact solution,453.9247394,No,0.004123869,0.2629254464,0.1053779589,1.928291,0.046037665,10,453.9247394,0.0178764341,11,318.9430259,0.0006093321756,6,323
Apartment_env.dae,around_wall,RRT,No,1,42,340,0.0005,0.05,0.5,0.2664582519,Yes,266.4582519,1,Exact solution,727.5596811,No,0.000804447,0.05459474021,0.02100027233,1.167008,0.028612292,10,727.5596811,0.001803064728,8,344.9440704,0.0001540723566,5,50
Apartment_env.dae,around_wall,RRT,No,2,42,340,0.0005,0.05,0.5,0.2664582519,Yes,266.4582519,1,Exact solution,653.4256684,No,0.002054875,0.1394565047,0.05364298035,1.167008,0.028612292,10,653.4256684,0.01275257073,12,349.3684056,0.0001443402644,4,154
Apartment_env.dae,around_wall,RRT,No,3,42,340,0.0005,0.05,0.5,0.2664582519,Yes,266.4582519,1,Exact solution,432.8343013,No,0.001039007,0.07051343003,0.02712351461,1.167008,0.028612292,10,432.8343013,0.002224195368,9,337.2206789,0.02510986038,6,58
Apartment_env.dae,around_wall,RRT,No,4,42,340,0.0005,0.05,0.5,0.2664582519,Yes,266.4582519,1,Exact solution,395.5169249,No,0.002821153,0.1914608609,0.07364684223,1.167008,0.028612292,10,395.5169249,0.00535390715,8,331.1363713,0.0001264955078,4,226
Apartment_env.dae,around_wall,RRT,No,5,42,340,0.0005,0.05,0.5,0.2664582519,Yes,266.4582519,1,Exact solution,768.2167789,No,0.000590249,0.04005794144,0.01540858471,1.167008,0.028612292,10,768.2167789,0.009521927433,9,384.4163843,0.001267882604,5,26
Apartment_env.dae,around_wall,RRT,No,6,42,340,0.0005,0.05,0.5,0.2664582519,Yes,266.4582519,1,Exact solution,726.6663478,No,0.001994354,0.1353491759,0.05206306584,1.167008,0.028612292,10,726.6663478,0.005472340788,9,348.4501491,0.0002606511835,4,116
Apartment_env.dae,around_wall,RRT,No,7,42,340,0.0005,0.05,0.5,0.2664582519,Yes,266.4582519,1,Exact solution,843.4347016,No,0.003513291,0.2384336189,0.09171526252,1.167008,0.028612292,10,843.4347016,0.01602177765,13,443.4015918,0.01035734855,7,260
Apartment_env.dae,around_wall,RRT,No,8,42,340,0.0005,0.05,0.5,0.2664582519,Yes,266.4582519,1,Exact solution,567.3597831,No,0.001947044,0.1321384272,0.05082802751,1.167008,0.028612292,10,567.3597831,0.003700159083,8,344.4728742,0.001237373391,5,116
Apartment_env.dae,around_wall,RRT,No,9,42,340,0.0005,0.05,0.5,0.2664582519,Yes,266.4582519,1,Exact solution,846.3723781,No,0.001621936,0.1100745911,0.04234100905,1.167008,0.028612292,10,846.3723781,0.003630229161,11,304.4247089,0.00142847149,8,103
Apartment_env.dae,around_wall,RRT,No,10,42,340,0.0005,0.05,0.5,0.2664582519,Yes,266.4582519,1,Exact solution,365.9259488,No,0.000809368,0.05492870966,0.02112873616,1.167008,0.028612292,10,365.9259488,0.0009113275885,6,321.3349146,0.0001074651891,4,57
Apartment_env.dae,around_wall,RRT,No,1,42,340,0.0005,0.15,0.05,0.2664582519,Yes,26.64582519,1,Exact solution,692.4985934,No,0.011665848,0.7523832371,0.3025023442,1.884989,0.044908558,10,692.4985934,0.04009866606,28,311.548117,0.001167729802,6,1055
Apartment_env.dae,around_wall,RRT,No,2,42,340,0.0005,0.15,0.05,0.2664582519,Yes,26.64582519,1,Exact solution,526.7817743,No,0.010592631,0.6831666246,0.2746731921,1.884989,0.044908558,10,526.7817743,0.03370461156,22,343.1807975,0.01801305746,6,935
Apartment_env.dae,around_wall,RRT,No,3,42,340,0.0005,0.15,0.05,0.2664582519,Yes,26.64582519,1,Exact solution,384.2813982,No,0.000678818,0.04378003933,0.01760215256,1.884989,0.044908558,10,384.2813982,0.01064654207,16,327.131534,0.0002470131766,5,62
Apartment_env.dae,around_wall,RRT,No,4,42,340,0.0005,0.15,0.05,0.2664582519,Yes,26.64582519,1,Exact solution,398.4666358,No,0.002846312,0.1835715189,0.07380655502,1.884989,0.044908558,10,398.4666358,0.02275159572,17,299.4194885,0.0003705817412,5,260
Apartment_env.dae,around_wall,RRT,No,5,42,340,0.0005,0.15,0.05,0.2664582519,Yes,26.64582519,1,Exact solution,357.5368048,No,0.000642318,0.04142598944,0.01665568596,1.884989,0.044908558,10,357.5368048,0.0132482829,15,297.4080169,0.0004280985943,5,53
Apartment_env.dae,around_wall,RRT,No,6,42,340,0.0005,0.15,0.05,0.2664582519,Yes,26.64582519,1,Exact solution,382.9472309,No,0.000322649,0.02080909155,0.008366479561,1.884989,0.044908558,10,382.9472309,0.01026401,16,318.89262,9.817731482e-05,4,32
Apartment_env.dae,around_wall,RRT,No,7,42,340,0.0005,0.15,0.05,0.2664582519,Yes,26.64582519,1,Exact solution,411.0296959,No,0.001229067,0.07926808304,0.03187043485,1.884989,0.044908558,10,411.0296959,0.01367758337,17,297.6786556,0.0005343730798,6,150
Apartment_env.dae,around_wall,RRT,No,8,42,340,0.0005,0.15,0.05,0.2664582519,Yes,26.64582519,1,Exact solution,412.838167,No,0.000337559,0.02177070481,0.008753104687,1.884989,0.044908558,10,412.838167,0.02863368112,17,322.8237692,0.0001012904644,4,37
Apartment_env.dae,around_wall,RRT,No,9,42,340,0.0005,0.15,0.05,0.2664582519,Yes,26.64582519,1,Exact solution,386.7968424,No,0.000434989,0.02805440564,0.01127952226,1.884989,0.044908558,10,386.7968424,0.02026715497,16,296.1229622,0.0005477471138,6,46
Apartment_env.dae,around_wall,RRT,No,10,42,340,0.0005,0.15,0.05,0.2664582519,Yes,26.64582519,1,Exact solution,384.5436388,No,0.000476929,0.0307593057,0.01236705129,1.884989,0.044908558,10,384.5436388,0.0111307851,16,323.5004221,0.0001117553347,5,33
Apartment_env.dae,around_wall,RRT,No,1,42,340,0.0005,0.15,0.2,0.2664582519,Yes,106.5833008,1,Exact solution,663.9051807,No,0.002081224,0.1446936907,0.05921605911,1.782027,0.041944886,10,663.9051807,0.008706796796,13,302.7582116,0.003795165208,8,131
Apartment_env.dae,around_wall,RRT,No,2,42,340,0.0005,0.15,0.2,0.2664582519,Yes,106.5833008,1,Exact solution,936.8313878,No,0.005870264,0.4081204923,0.1670237802,1.782027,0.041944886,10,936.8313878,0.009324148086,17,597.544138,0.0001617004661,5,415
Apartment_env.dae,around_wall,RRT,No,3,42,340,0.0005,0.15,0.2,0.2664582519,Yes,106.5833008,1,Exact solution,372.900684,No,0.000865348,0.06016190273,0.02462132779,1.782027,0.041944886,10,372.900684,0.001835929576,6,303.9269142,0.001136957399,6,49
Apartment_env.dae,around_wall,RRT,No,4,42,340,0.0005,0.15,0.2,0.2664582519,Yes,106.5833008,1,Exact solution,739.1557004,No,0.003925279,0.272898595,0.1116840635,1.782027,0.041944886,10,739.1557004,0.007318311237,14,353.4691793,0.002021539452,5,346
Apartment_env.dae,around_wall,RRT,No,5,42,340,0.0005,0.15,0.2,0.2664582519,Yes,106.5833008,1,Exact solution,342.4282103,No,0.0001276,0.00887118106,0.003630541038,1.782027,0.041944886,10,342.4282103,0.0001491768072,5,324.6747731,0.0001058219269,4,6
Apartment_env.dae,around_wall,RRT,No,6,42,340,0.0005,0.15,0.2,0.2664582519,Yes,106.5833008,1,Exact solution,496.0411846,No,0.004458768,0.3099885441,0.1268631677,1.782027,0.041944886,10,496.0411846,0.008964665611,11,329.8338856,9.979318e-05,4,360
Apartment_env.dae,around_wall,RRT,No,7,42,340,0.0005,0.15,0.2,0.2664582519,Yes,106.5833008,1,Exact solution,407.0521602,No,0.000314409,0.02185877089,0.008945727095,1.782027,0.041944886,10,407.0521602,0.0007367926198,6,325.402193,0.0001008892171,4,12
Apartment_env.dae,around_wall,RRT,No,8,42,340,0.0005,0.15,0.2,0.2664582519,Yes,106.5833008,1,Exact solution,716.8241187,No,0.002344933,0.1630276271,0.06671924364,1.782027,0.041944886,10,716.8241187,0.01015813479,13,309.9562382,0.001361422112,8,179
Apartment_env.dae,around_wall,RRT,No,9,42,340,0.0005,0.15,0.2,0.2664582519,Yes,106.5833008,1,Exact solution,462.4623187,No,0.002245874,0.1561407123,0.06390076586,1.782027,0.041944886,10,462.4623187,0.004252141065,8,302.5632117,0.001143730241,8,181
Apartment_env.dae,around_wall,RRT,No,10,42,340,0.0005,0.15,0.2,0.2664582519,Yes,106.5833008,1,Exact solution,566.8356477,No,0.003398361,0.2362654838,0.09669192064,1.782027,0.041944886,10,566.8356477,0.009955879615,11,330.2551761,0.001215701952,8,176
Apartment_env.dae,around_wall,RRT,No,1,42,340,0.0005,0.15,0.5,0.2664582519,Yes,266.4582519,1,Exact solution,556.1078036,No,0.000581329,0.03661522656,0.01436208738,1.606881,0.038911245,10,556.1078036,0.001591056807,7,358.2785364,0.0004687781559,5,33
Apartment_env.dae,around_wall,RRT,No,2,42,340,0.0005,0.15,0.5,0.2664582519,Yes,266.4582519,1,Exact solution,861.2091915,No,0.001087377,0.06848885091,0.02686431176,1.606881,0.038911245,10,861.2091915,0.005497864583,12,318.0057588,0.0001527342493,4,48
Apartment_env.dae,around_wall,RRT,No,3,42,340,0.0005,0.15,0.5,0.2664582519,Yes,266.4582519,1,Exact solution,424.524395,No,0.00015461,0.009738169226,0.003819734316,1.606881,0.038911245,10,424.524395,0.0001218337881,4,347.7169484,0.0001288996656,4,4
Apartment_env.dae,around_wall,RRT,No,4,42,340,0.0005,0.15,0.5,0.2664582519,Yes,266.4582519,1,Exact solution,705.1362184,No,0.001562535,0.09841685694,0.03860337985,1.606881,0.038911245,10,705.1362184,0.005128168526,9,388.8041701,0.0009979283482,5,79
Apartment_env.dae,around_wall,RRT,No,5,42,340,0.0005,0.15,0.5,0.2664582519,Yes,266.4582519,1,Exact solution,820.2583873,No,0.001399456,0.08814526455,0.03457441373,1.606881,0.038911245,10,820.2583873,0.006373052586,11,339.1169988,0.001560924478,6,80
Apartment_env.dae,around_wall,RRT,No,6,42,340,0.0005,0.15,0.5,0.2664582519,Yes,266.4582519,1,Exact solution,702.6409064,No,0.000333919,0.02103201429,0.008249672486,1.606881,0.038911245,10,702.6409064,0.001781406292,8,303.5338912,0.0008691011618,6,20
Apartment_env.dae,around_wall,RRT,No,7,42,340,0.0005,0.15,0.5,0.2664582519,Yes,266.4582519,1,Exact solution,687.0339468,No,0.003067551,0.1932108579,0.07578571774,1.606881,0.038911245,10,687.0339468,0.01292103185,12,354.1113344,0.001419879058,6,232
Apartment_env.dae,around_wall,RRT,No,8,42,340,0.0005,0.15,0.5,0.2664582519,Yes,266.4582519,1,Exact solution,558.695962,No,0.002500323,0.1574837882,0.06177200416,1.606881,0.038911245,10,558.695962,0.008403085216,11,343.998861,0.005882479877,6,172
Apartment_env.dae,around_wall,RRT,No,9,42,340,0.0005,0.15,0.5,0.2664582519,Yes,266.4582519,1,Exact solution,604.6586648,No,0.011104469,0.6994191727,0.274342677,1.606881,0.038911245,10,604.6586648,0.007851463544,10,405.3073721,0.0006649127847,6,708
Apartment_env.dae,around_wall,RRT,No,10,42,340,0.0005,0.15,0.5,0.2664582519,Yes,266.4582519,1,Exact solution,575.5302525,No,0.0037204,0.2343307987,0.09191475033,1.606881,0.038911245,10,575.5302525,0.005457491353,10,327.2861894,0.000226742083,5,275
Apartment_env.dae,around_wall,RRTConnect,No,1,42,340,0.0005,-1,0.05,0.2664582519,No,26.64582519,1,Exact solution,523.568144,No,0.002289984,0.1796784496,0.07170507191,1.344108,0.032182273,10,523.568144,0.1805015588,23,342.1928319,0.0001366406438,4,188
Apartment_env.dae,around_wall,RRTConnect,No,2,42,340,0.0005,-1,0.05,0.2664582519,No,26.64582519,1,Exact solution,455.6702336,No,0.000714628,0.05607168046,0.022376773,1.344108,0.032182273,10,455.6702336,0.03595565261,19,320.6642477,0.0001041418611,4,74
Apartment_env.dae,around_wall,RRTConnect,No,3,42,340,0.0005,-1,0.05,0.2664582519,No,26.64582519,1,Exact solution,411.0342968,No,0.000561498,0.04405667905,0.01758189335,1.344108,0.032182273,10,411.0342968,0.01975738047,17,306.5929412,0.0004071490767,5,34
Apartment_env.dae,around_wall,RRTConnect,No,4,42,340,0.0005,-1,0.05,0.2664582519,No,26.64582519,1,Exact solution,406.398558,No,0.004098599,0.3215873622,0.128337288,1.344108,0.032182273,10,406.398558,0.02399093657,17,322.9269031,0.0002468507105,5,207
Apartment_env.dae,around_wall,RRTConnect,No,5,42,340,0.0005,-1,0.05,0.2664582519,No,26.64582519,1,Exact solution,625.9335705,No,0.001236306,0.09700397268,0.0387118035,1.344108,0.032182273,10,625.9335705,0.0489267801,26,376.6331346,0.001770414634,5,99
Apartment_env.dae,around_wall,RRTConnect,No,6,42,340,0.0005,-1,0.05,0.2664582519,No,26.64582519,1,Exact solution,535.398113,No,0.006769482,0.5311521961,0.2119692511,1.344108,0.032182273,10,535.398113,0.03130816686,23,318.5827169,0.001686442797,7,435
Apartment_env.dae,around_wall,RRTConnect,No,7,42,340,0.0005,-1,0.05,0.2664582519,No,26.64582519,1,Exact solution,409.5707833,No,0.000178579,0.01401180002,0.005591750876,1.344108,0.032182273,10,409.5707833,0.02569847656,17,323.5499178,0.0001854454999,5,23
Apartment_env.dae,around_wall,RRTConnect,No,8,42,340,0.0005,-1,0.05,0.2664582519,No,26.64582519,1,Exact solution,455.5900655,No,0.000508619,0.03990764712,0.01592612087,1.344108,0.032182273,10,455.5900655,0.04274319109,19,324.7102383,0.0001031980339,4,36
Apartment_env.dae,around_wall,RRTConnect,No,9,42,340,0.0005,-1,0.05,0.2664582519,No,26.64582519,1,Exact solution,380.3837947,No,0.000500499,0.03927052956,0.01567186355,1.344108,0.032182273,10,380.3837947,0.02766852249,16,321.6855634,0.0001060540332,4,32
Apartment_env.dae,around_wall,RRTConnect,No,10,42,340,0.0005,-1,0.05,0.2664582519,No,26.64582519,1,Exact solution,430.9888782,No,0.000272329,0.02136768314,0.008527295618,1.344108,0.032182273,10,430.9888782,0.04132907918,18,321.0633564,0.0002036023594,6,28
Apartment_env.dae,around_wall,RRTConnect,No,1,42,340,0.0005,-1,0.2,0.2664582519,No,106.5833008,1,Exact solution,376.624408,No,0.00014933,0.02157378457,0.008960191791,0.67802,0.015794898,10,376.624408,0.0004007611811,5,327.3730632,0.0001225179678,4,7
Apartment_env.dae,around_wall,RRTConnect,No,2,42,340,0.0005,-1,0.2,0.2664582519,No,106.5833008,1,Exact solution,376.96668,No,0.000729248,0.1053548467,0.0437567933,0.67802,0.015794898,10,376.96668,0.0007998201198,6,317.90878,0.0002298841787,6,31
Apartment_env.dae,around_wall,RRTConnect,No,3,42,340,0.0005,-1,0.2,0.2664582519,No,106.5833008,1,Exact solution,417.6362106,No,0.000329329,0.04757833589,0.01976060405,0.67802,0.015794898,10,417.6362106,0.00107356748,6,309.2316319,0.02096666373,7,12
Apartment_env.dae,around_wall,RRTConnect,No,4,42,340,0.0005,-1,0.2,0.2664582519,No,106.5833008,1,Exact solution,343.5001604,No,0.000358449,0.05178531779,0.02150788045,0.67802,0.015794898,10,343.5001604,0.0003024140754,5,331.495091,0.0001366837828,4,14
Apartment_env.dae,around_wall,RRTConnect,No,5,42,340,0.0005,-1,0.2,0.2664582519,No,106.5833008,1,Exact solution,394.1863096,No,0.000169239,0.0244500484,0.01015478403,0.67802,0.015794898,10,394.1863096,0.001434746035,6,297.0038197,0.001406004091,7,9
Apartment_env.dae,around_wall,RRTConnect,No,6,42,340,0.0005,-1,0.2,0.2664582519,No,106.5833008,1,Exact solution,373.7445378,No,0.00029548,0.04268815285,0.01772957524,0.67802,0.015794898,10,373.7445378,0.0006724741908,5,311.5638873,0.0006136505234,6,8
Apartment_env.dae,around_wall,RRTConnect,No,7,42,340,0.0005,-1,0.2,0.2664582519,No,106.5833008,1,Exact solution,389.5396671,No,0.000899577,0.1299623679,0.05397698019,0.67802,0.015794898,10,389.5396671,0.002223043182,7,321.0277293,0.0001947196958,5,32
Apartment_env.dae,around_wall,RRTConnect,No,8,42,340,0.0005,-1,0.2,0.2664582519,No,106.5833008,1,Exact solution,556.4992639,No,0.001443686,0.2085700847,0.08662494774,0.67802,0.015794898,10,556.4992639,0.01804773365,9,359.8540787,0.006980337384,8,71
Apartment_env.dae,around_wall,RRTConnect,No,9,42,340,0.0005,-1,0.2,0.2664582519,No,106.5833008,1,Exact solution,403.9265727,No,0.00018794,0.02715179182,0.01127689309,0.67802,0.015794898,10,403.9265727,0.0007211002939,5,329.2943931,0.0002350687406,4,9
Apartment_env.dae,around_wall,RRTConnect,No,10,42,340,0.0005,-1,0.2,0.2664582519,No,106.5833008,1,Exact solution,361.6136154,No,0.000130859,0.01890526937,0.00785188333,0.67802,0.015794898,10,361.6136154,0.0002166121571,5,321.6805318,0.0001013934844,4,6
Apartment_env.dae,around_wall,RRTConnect,No,1,42,340,0.0005,-1,0.5,0.2664582519,No,266.4582519,1,Exact solution,455.431049,No,0.000637278,0.05922561944,0.02341115841,0.958401,0.023091807,10,455.431049,0.001392638356,7,326.2316583,0.0001872587526,5,21
Apartment_env.dae,around_wall,RRTConnect,No,2,42,340,0.0005,-1,0.5,0.2664582519,No,266.4582519,1,Exact solution,838.3161074,No,0.001376006,0.1278795246,0.05054920213,0.958401,0.023091807,10,838.3161074,0.003833962808,10,626.7154682,0.000469971332,6,44
Apartment_env.dae,around_wall,RRTConnect,No,3,42,340,0.0005,-1,0.5,0.2664582519,No,266.4582519,1,Exact solution,435.4419611,No,0.000501649,0.04662089821,0.01842866724,0.958401,0.023091807,10,435.4419611,0.001231127163,6,321.0793073,0.0001497578641,5,17
Apartment_env.dae,around_wall,RRTConnect,No,4,42,340,0.0005,-1,0.5,0.2664582519,No,266.4582519,1,Exact solution,465.0917345,No,0.001410856,0.1311183197,0.05182945795,0.958401,0.023091807,10,465.0917345,0.003969459847,9,334.9685307,0.0004243619231,6,46
Apartment_env.dae,around_wall,RRTConnect,No,5,42,340,0.0005,-1,0.5,0.2664582519,No,266.4582519,1,Exact solution,614.5822179,No,0.000671489,0.06240502885,0.02466793981,0.958401,0.023091807,10,614.5822179,0.001887361477,8,395.5448759,0.0009512162547,5,21
Apartment_env.dae,around_wall,RRTConnect,No,6,42,340,0.0005,-1,0.5,0.2664582519,No,266.4582519,1,Exact solution,432.3350479,No,0.000297279,0.0276277118,0.01092089443,0.958401,0.023091807,10,432.3350479,0.0005882778056,4,386.2742327,0.0002985037557,4,10
Apartment_env.dae,around_wall,RRTConnect,No,7,42,340,0.0005,-1,0.5,0.2664582519,No,266.4582519,1,Exact solution,404.9574714,No,0.000426428,0.03963021232,0.01566533516,0.958401,0.023091807,10,404.9574714,0.003035656067,8,326.5899274,0.0002124102687,5,18
Apartment_env.dae,around_wall,RRTConnect,No,8,42,340,0.0005,-1,0.5,0.2664582519,No,266.4582519,1,Exact solution,435.1596118,No,0.001458106,0.1355095124,0.05356524239,0.958401,0.023091807,10,435.1596118,0.002558036325,7,317.4689146,0.000131608759,4,47
Apartment_env.dae,around_wall,RRTConnect,No,9,42,340,0.0005,-1,0.5,0.2664582519,No,266.4582519,1,Exact solution,855.3467403,No,0.002378774,0.2210720653,0.08738706644,0.958401,0.023091807,10,855.3467403,0.008548522726,13,312.0049899,0.0005386659644,5,61
Apartment_env.dae,around_wall,RRTConnect,No,10,42,340,0.0005,-1,0.5,0.2664582519,No,266.4582519,1,Exact solution,471.2203242,No,0.001154697,0.1073121073,0.04241915519,0.958401,0.023091807,10,471.2203242,0.001949380042,7,312.0980449,0.0005520736536,6,33
Apartment_env.dae,around_wall,LazyRRT,No,1,42,340,0.0005,0.02,0.05,0.2664582519,Yes,26.64582519,1,Exact solution,527.8624076,No,0.258462118,10.17759001,3.610794644,165.761248,4.261410695,10,527.8624076,0.08520947784,25,302.2832127,0.0005332086703,5,4192
Apartment_env.dae,around_wall,LazyRRT,No,2,42,340,0.0005,0.02,0.05,0.2664582519,Yes,26.64582519,1,Exact solution,625.7928041,No,0.13602652,5.356383215,1.900331985,165.761248,4.261410695,10,625.7928041,0.04280002827,27,334.1725318,0.002210679386,6,3060
Apartment_env.dae,around_wall,LazyRRT,No,3,42,340,0.0005,0.02,0.05,0.2664582519,Yes,26.64582519,1,Exact solution,569.3273324,No,2.425892361,95.52555726,33.89045641,165.761248,4.261410695,10,569.3273324,0.1412859335,29,333.3032175,0.0001046427261,4,13251
Apartment_env.dae,around_wall,LazyRRT,No,4,42,340,0.0005,0.02,0.05,0.2664582519,Yes,26.64582519,1,Exact solution,685.0195465,No,0.174876375,6.886193073,2.443076313,165.761248,4.261410695,10,685.0195465,0.1030821466,32,377.6892236,0.0002044609317,4,4054
Apartment_env.dae,around_wall,LazyRRT,No,5,42,340,0.0005,0.02,0.05,0.2664582519,Yes,26.64582519,1,Exact solution,502.795366,No,0.050168154,1.975496087,0.7008644174,165.761248,4.261410695,10,502.795366,0.06743080808,23,322.8246728,0.0001173812973,4,1408
Apartment_env.dae,around_wall,LazyRRT,No,6,42,340,0.0005,0.02,0.05,0.2664582519,Yes,26.64582519,1,Exact solution,498.3582566,No,0.240332318,9.463683951,3.357515807,165.761248,4.261410695,10,498.3582566,0.04674541735,23,346.0994839,0.00131222632,5,4734
Apartment_env.dae,around_wall,LazyRRT,No,7,42,340,0.0005,0.02,0.05,0.2664582519,Yes,26.64582519,1,Exact solution,420.9029803,No,0.00366899,0.1444756247,0.05125690969,165.761248,4.261410695,10,420.9029803,0.02221461002,18,322.3237432,9.568271599e-05,4,289
Apartment_env.dae,around_wall,LazyRRT,No,8,42,340,0.0005,0.02,0.05,0.2664582519,Yes,26.64582519,1,Exact solution,539.2990287,No,0.832318129,32.77460054,11.6277382,165.761248,4.261410695,10,539.2990287,0.1045942582,27,329.8079338,0.0001169580051,4,7626
Apartment_env.dae,around_wall,LazyRRT,No,9,42,340,0.0005,0.02,0.05,0.2664582519,Yes,26.64582519,1,Exact solution,655.0060266,No,0.045212287,1.780346474,0.6316294434,165.761248,4.261410695,10,655.0060266,0.1585338777,31,320.1587791,0.0005205662675,7,2367
Apartment_env.dae,around_wall,LazyRRT,No,10,42,340,0.0005,0.02,0.05,0.2664582519,Yes,26.64582519,1,Exact solution,677.5858148,No,0.042585794,1.676921766,0.5949365349,165.761248,4.261410695,10,677.5858148,0.06076675976,29,344.482963,0.001490498844,6,2468
Apartment_env.dae,around_wall,LazyRRT,No,1,42,340,0.0005,0.02,0.2,0.2664582519,Yes,106.5833008,1,Exact solution,598.5211958,No,0.005868304,0.2304224286,0.08001703573,71.47868,1.858989921,10,598.5211958,0.01766923004,15,296.3986195,0.0004753310555,6,634
Apartment_env.dae,around_wall,LazyRRT,No,2,42,340,0.0005,0.02,0.2,0.2664582519,Yes,106.5833008,1,Exact solution,601.6286756,No,0.16206384,6.363532565,2.209815319,71.47868,1.858989921,10,601.6286756,0.01788553866,14,372.1117807,0.002570609858,5,3430
Apartment_env.dae,around_wall,LazyRRT,No,3,42,340,0.0005,0.02,0.2,0.2664582519,Yes,106.5833008,1,Exact solution,753.4989,No,0.122174458,4.797252379,1.66590517,71.47868,1.858989921,10,753.4989,0.09573111306,20,306.7343977,0.0006735848493,7,2725
Apartment_env.dae,around_wall,LazyRRT,No,4,42,340,0.0005,0.02,0.2,0.2664582519,Yes,106.5833008,1,Exact solution,584.5390908,No,0.27992025,10.99123423,3.81684191,71.47868,1.858989921,10,584.5390908,0.05941752345,18,306.5646336,0.002024167243,6,4338
Apartment_env.dae,around_wall,LazyRRT,No,5,42,340,0.0005,0.02,0.2,0.2664582519,Yes,106.5833008,1,Exact solution,567.7479717,No,0.371185741,14.57482774,5.061289037,71.47868,1.858989921,10,567.7479717,0.1050625193,20,320.0185718,0.001534405199,6,5149
Apartment_env.dae,around_wall,LazyRRT,No,6,42,340,0.0005,0.02,0.2,0.2664582519,Yes,106.5833008,1,Exact solution,623.5525836,No,0.115218767,4.524133057,1.57106111,71.47868,1.858989921,10,623.5525836,0.0505677776,20,329.1264957,0.0003184049146,5,4348
Apartment_env.dae,around_wall,LazyRRT,No,7,42,340,0.0005,0.02,0.2,0.2664582519,Yes,106.5833008,1,Exact solution,703.2221431,No,0.496622841,19.50018968,6.771681837,71.47868,1.858989921,10,703.2221431,0.1405648589,23,371.0722091,0.0008689171223,5,6540
Apartment_env.dae,around_wall,LazyRRT,No,8,42,340,0.0005,0.02,0.2,0.2664582519,Yes,106.5833008,1,Exact solution,541.9653915,No,0.054872651,2.154607108,0.7482139432,71.47868,1.858989921,10,541.9653915,0.026651386,14,333.1273776,0.00274663196,6,2365
Apartment_env.dae,around_wall,LazyRRT,No,9,42,340,0.0005,0.02,0.2,0.2664582519,Yes,106.5833008,1,Exact solution,565.9790693,No,0.077806129,3.05510369,1.060922509,71.47868,1.858989921,10,565.9790693,0.02769536476,15,322.7273188,0.0001074366084,4,2572
Apartment_env.dae,around_wall,LazyRRT,No,10,42,340,0.0005,0.02,0.2,0.2664582519,Yes,106.5833008,1,Exact solution,719.1886491,No,0.134656754,5.287377117,1.836107042,71.47868,1.858989921,10,719.1886491,0.04301153563,21,312.9638871,0.1052777731,6,3953
Apartment_env.dae,around_wall,LazyRRT,No,1,42,340,0.0005,0.02,0.5,0.2664582519,Yes,266.4582519,1,Exact solution,544.5950931,No,0.951432916,37.7056961,13.64763662,418.475826,10.63863378,10,544.5950931,0.02741490124,19,310.3104654,0.000432064832,6,7459
Apartment_env.dae,around_wall,LazyRRT,No,2,42,340,0.0005,0.02,0.5,0.2664582519,Yes,266.4582519,1,Exact solution,578.3926789,No,0.023468157,0.930053166,0.3366342213,418.475826,10.63863378,10,578.3926789,0.01233718998,13,313.5988209,0.001869248723,8,1257
Apartment_env.dae,around_wall,LazyRRT,No,3,42,340,0.0005,0.02,0.5,0.2664582519,Yes,266.4582519,1,Exact solution,539.8128578,No,0.171958533,6.814790699,2.466624322,418.475826,10.63863378,10,539.8128578,0.05374035952,17,325.10349,0.001413136986,6,2267
Apartment_env.dae,around_wall,LazyRRT,No,4,42,340,0.0005,0.02,0.5,0.2664582519,Yes,266.4582519,1,Exact solution,649.9462573,No,1.52767057,60.54224242,21.91336085,418.475826,10.63863378,10,649.9462573,0.1082569367,21,427.8608045,0.0005578979577,5,9965
Apartment_env.dae,around_wall,LazyRRT,No,5,42,340,0.0005,0.02,0.5,0.2664582519,Yes,266.4582519,1,Exact solution,474.2420214,No,0.306314158,12.13936196,4.393861353,418.475826,10.63863378,10,474.2420214,0.1406956659,18,351.859369,0.0007546991275,7,3757
Apartment_env.dae,around_wall,LazyRRT,No,6,42,340,0.0005,0.02,0.5,0.2664582519,Yes,266.4582519,1,Exact solution,777.5358509,No,0.229960935,9.113450863,3.298628021,418.475826,10.63863378,10,777.5358509,0.04687307719,23,381.6328311,0.0007507315378,5,3875
Apartment_env.dae,around_wall,LazyRRT,No,7,42,340,0.0005,0.02,0.5,0.2664582519,Yes,266.4582519,1,Exact solution,820.9536528,No,1.140893321,45.21409352,16.365313,418.475826,10.63863378,10,820.9536528,0.06479326819,29,368.2455595,0.00179152563,7,8490
Apartment_env.dae,around_wall,LazyRRT,No,8,42,340,0.0005,0.02,0.5,0.2664582519,Yes,266.4582519,1,Exact solution,725.8836489,No,0.733279299,29.06017433,10.51837628,418.475826,10.63863378,10,725.8836489,0.11938532,26,304.8586845,0.002713615983,8,7986
Apartment_env.dae,around_wall,LazyRRT,No,9,42,340,0.0005,0.02,0.5,0.2664582519,Yes,266.4582519,1,Exact solution,576.1665266,No,1.509114591,59.80686098,21.64718837,418.475826,10.63863378,10,576.1665266,0.07668793154,19,339.5704914,0.08826333188,6,9104
Apartment_env.dae,around_wall,LazyRRT,No,10,42,340,0.0005,0.02,0.5,0.2664582519,Yes,266.4582519,1,Exact solution,870.3146868,No,3.965364489,157.149102,56.88036717,418.475826,10.63863378,10,870.3146868,0.4626882949,37,301.449733,0.0003247858269,5,14599
Apartment_env.dae,around_wall,LazyRRT,No,1,42,340,0.0005,0.05,0.05,0.2664582519,Yes,26.64582519,1,Exact solution,512.9080729,No,0.55227081,21.76905039,7.793297813,272.141428,6.961330141,10,512.9080729,0.07743982387,25,326.0085332,0.002839153244,8,6578
Apartment_env.dae,around_wall,LazyRRT,No,2,42,340,0.0005,0.05,0.05,0.2664582519,Yes,26.64582519,1,Exact solution,426.010159,No,0.180061001,7.097527032,2.540907431,272.141428,6.961330141,10,426.010159,0.02119709949,20,310.4527436,0.001873347748,6,2715
Apartment_env.dae,around_wall,LazyRRT,No,3,42,340,0.0005,0.05,0.05,0.2664582519,Yes,26.64582519,1,Exact solution,544.6160973,No,1.111041932,43.79432583,15.67832393,272.141428,6.961330141,10,544.6160973,0.1970717291,29,308.7269334,0.00191914139,8,7989
Apartment_env.dae,around_wall,LazyRRT,No,4,42,340,0.0005,0.05,0.05,0.2664582519,Yes,26.64582519,1,Exact solution,433.0805611,No,0.017253273,0.6800782559,0.2434673213,272.141428,6.961330141,10,433.0805611,0.02611595998,19,319.2307435,0.01384136836,7,1155
Apartment_env.dae,around_wall,LazyRRT,No,5,42,340,0.0005,0.05,0.05,0.2664582519,Yes,26.64582519,1,Exact solution,650.499339,No,0.107989587,4.256663068,1.523881032,272.141428,6.961330141,10,650.499339,0.05288163425,29,301.6001678,0.001067589534,7,3285
Apartment_env.dae,around_wall,LazyRRT,No,6,42,340,0.0005,0.05,0.05,0.2664582519,Yes,26.64582519,1,Exact solution,523.9655066,No,0.003009862,0.1186407761,0.04247327673,272.141428,6.961330141,10,523.9655066,0.05245477652,22,321.2062165,0.0003409138274,5,315
Apartment_env.dae,around_wall,LazyRRT,No,7,42,340,0.0005,0.05,0.05,0.2664582519,Yes,26.64582519,1,Exact solution,679.4238553,No,4.547269538,179.2413032,64.16820354,272.141428,6.961330141,10,679.4238553,0.2710441216,35,304.5583981,0.001484811014,6,18891
Apartment_env.dae,around_wall,LazyRRT,No,8,42,340,0.0005,0.05,0.05,0.2664582519,Yes,26.64582519,1,Exact solution,519.0414418,No,0.000955357,0.03765763877,0.01348139623,272.141428,6.961330141,10,519.0414418,0.04890769845,22,326.9846353,0.0001061744217,4,132
Apartment_env.dae,around_wall,LazyRRT,No,9,42,340,0.0005,0.05,0.05,0.2664582519,Yes,26.64582519,1,Exact solution,735.2257264,No,0.262630027,10.35217902,3.706069519,272.141428,6.961330141,10,735.2257264,0.09576362501,33,303.2191933,0.0002222046369,5,4579
Apartment_env.dae,around_wall,LazyRRT,No,10,42,340,0.0005,0.05,0.05,0.2664582519,Yes,26.64582519,1,Exact solution,666.1140157,No,0.12162165,4.794002831,1.716248119,272.141428,6.961330141,10,666.1140157,0.0555981749,29,348.3264447,0.001035382267,5,3062
Apartment_env.dae,around_wall,LazyRRT,No,1,42,340,0.0005,0.05,0.2,0.2664582519,Yes,106.5833008,1,Exact solution,448.8000737,No,0.01114498,0.4684099848,0.1805468951,40.581993,0.99369948,10,448.8000737,0.01241653078,11,306.7626826,0.0001860135166,5,977
Apartment_env.dae,around_wall,LazyRRT,No,2,42,340,0.0005,0.05,0.2,0.2664582519,Yes,106.5833008,1,Exact solution,454.7268254,No,0.01115836,0.4689723299,0.180763649,40.581993,0.99369948,10,454.7268254,0.02656976422,14,320.5215826,0.0002210416824,5,907
Apartment_env.dae,around_wall,LazyRRT,No,3,42,340,0.0005,0.05,0.2,0.2664582519,Yes,106.5833008,1,Exact solution,624.249085,No,0.176531561,7.419407285,2.85978308,40.581993,0.99369948,10,624.249085,0.05500273483,18,312.2023014,0.005768912624,6,2478
Apartment_env.dae,around_wall,LazyRRT,No,4,42,340,0.0005,0.05,0.2,0.2664582519,Yes,106.5833008,1,Exact solution,509.4415793,No,0.009894303,0.4158455482,0.1602861276,40.581993,0.99369948,10,509.4415793,0.03501886978,16,303.2280325,0.001481171314,8,692
Apartment_env.dae,around_wall,LazyRRT,No,5,42,340,0.0005,0.05,0.2,0.2664582519,Yes,106.5833008,1,Exact solution,570.6289259,No,0.019627417,0.8249165183,0.3179610191,40.581993,0.99369948,10,570.6289259,0.01944331054,14,302.900813,0.0005901322651,7,872
Apartment_env.dae,around_wall,LazyRRT,No,6,42,340,0.0005,0.05,0.2,0.2664582519,Yes,106.5833008,1,Exact solution,433.512351,No,0.417548196,17.54904398,6.764214055,40.581993,0.99369948,10,433.512351,0.02326624281,10,327.1283259,0.001654544014,6,4163
Apartment_env.dae,around_wall,LazyRRT,No,7,42,340,0.0005,0.05,0.2,0.2664582519,Yes,106.5833008,1,Exact solution,564.2000897,No,0.006582883,0.276670584,0.1066416527,40.581993,0.99369948,10,564.2000897,0.02519083999,16,319.817105,0.0002029305902,5,392
Apartment_env.dae,around_wall,LazyRRT,No,8,42,340,0.0005,0.05,0.2,0.2664582519,Yes,106.5833008,1,Exact solution,408.851482,No,0.015096049,0.6344686201,0.2445535816,40.581993,0.99369948,10,408.851482,0.01213949266,10,305.0204602,0.0004420645808,5,1030
Apartment_env.dae,around_wall,LazyRRT,No,9,42,340,0.0005,0.05,0.2,0.2664582519,Yes,106.5833008,1,Exact solution,505.7561709,No,0.005834814,0.2452301518,0.09452305445,40.581993,0.99369948,10,505.7561709,0.01679417062,12,303.2422215,0.0005317351177,6,956
Apartment_env.dae,around_wall,LazyRRT,No,10,42,340,0.0005,0.05,0.2,0.2664582519,Yes,106.5833008,1,Exact solution,445.2890436,No,0.292157567,12.279028,4.732905901,40.581993,0.99369948,10,445.2890436,0.032477457,13,313.5130719,0.0002761093812,5,5271
Apartment_env.dae,around_wall,LazyRRT,No,1,42,340,0.0005,0.05,0.5,0.2664582519,Yes,266.4582519,1,Exact solution,628.3524749,No,0.026974267,1.034540596,0.3517101578,176.980899,4.654291548,10,628.3524749,0.03889835138,15,324.3219006,0.001117363829,5,993
Apartment_env.dae,around_wall,LazyRRT,No,2,42,340,0.0005,0.05,0.5,0.2664582519,Yes,266.4582519,1,Exact solution,446.5506451,No,0.008439047,0.3236616851,0.110034447,176.980899,4.654291548,10,446.5506451,0.02276985532,12,327.652194,0.0001609304111,5,709
Apartment_env.dae,around_wall,LazyRRT,No,3,42,340,0.0005,0.05,0.5,0.2664582519,Yes,266.4582519,1,Exact solution,742.6370121,No,0.053904334,2.067385995,0.7028440038,176.980899,4.654291548,10,742.6370121,0.02749052657,18,310.3293081,0.0009346483715,6,2266
Apartment_env.dae,around_wall,LazyRRT,No,4,42,340,0.0005,0.05,0.5,0.2664582519,Yes,266.4582519,1,Exact solution,417.5467282,No,0.000969998,0.03720220864,0.01264754107,176.980899,4.654291548,10,417.5467282,0.002633929329,7,346.3024661,0.0001808281952,4,202
Apartment_env.dae,around_wall,LazyRRT,No,5,42,340,0.0005,0.05,0.5,0.2664582519,Yes,266.4582519,1,Exact solution,649.925535,No,0.098008134,3.758893368,1.277901501,176.980899,4.654291548,10,649.925535,0.05773431403,19,440.9541371,0.04934361711,6,2193
Apartment_env.dae,around_wall,LazyRRT,No,6,42,340,0.0005,0.05,0.5,0.2664582519,Yes,266.4582519,1,Exact solution,875.8205981,No,3.582591129,137.4026572,46.71243491,176.980899,4.654291548,10,875.8205981,0.1279688544,28,446.6262921,0.002643480322,8,16986
Apartment_env.dae,around_wall,LazyRRT,No,7,42,340,0.0005,0.05,0.5,0.2664582519,Yes,266.4582519,1,Exact solution,478.4979264,No,0.000694778,0.02664673135,0.009059022068,176.980899,4.654291548,10,478.4979264,0.00272023961,8,311.7179014,0.00100542794,7,93
Apartment_env.dae,around_wall,LazyRRT,No,8,42,340,0.0005,0.05,0.5,0.2664582519,Yes,266.4582519,1,Exact solution,617.6519612,No,0.002406203,0.09228479444,0.03137382887,176.980899,4.654291548,10,617.6519612,0.01847797574,12,423.2616715,0.001064124479,5,411
Apartment_env.dae,around_wall,LazyRRT,No,9,42,340,0.0005,0.05,0.5,0.2664582519,Yes,266.4582519,1,Exact solution,460.4559602,No,0.000390149,0.01496333446,0.005087047087,176.980899,4.654291548,10,460.4559602,0.005507363137,8,348.4806794,0.001521905327,6,47
Apartment_env.dae,around_wall,LazyRRT,No,10,42,340,0.0005,0.05,0.5,0.2664582519,Yes,266.4582519,1,Exact solution,513.3700777,No,0.840162988,32.22266311,10.95465753,176.980899,4.654291548,10,513.3700777,0.07088576046,17,318.4764248,0.001674520526,6,7196
Apartment_env.dae,around_wall,LazyRRT,No,1,42,340,0.0005,0.15,0.05,0.2664582519,Yes,26.64582519,1,Exact solution,371.0879754,No,0.001470476,0.06084484707,0.0229674434,45.077396,1.118090793,10,371.0879754,0.005913146699,16,321.9582765,0.0002654980467,6,97
Apartment_env.dae,around_wall,LazyRRT,No,2,42,340,0.0005,0.15,0.05,0.2664582519,Yes,26.64582519,1,Exact solution,408.7660928,No,0.13629816,5.639698099,2.128848261,45.077396,1.118090793,10,408.7660928,0.03710261383,19,310.8747088,0.0005506198423,6,3001
Apartment_env.dae,around_wall,LazyRRT,No,3,42,340,0.0005,0.15,0.05,0.2664582519,Yes,26.64582519,1,Exact solution,482.1283833,No,0.184425769,7.63110565,2.880555963,45.077396,1.118090793,10,482.1283833,0.08504066606,24,300.4987292,0.0004971150686,6,1981
Apartment_env.dae,around_wall,LazyRRT,No,4,42,340,0.0005,0.15,0.05,0.2664582519,Yes,26.64582519,1,Exact solution,564.6456077,No,0.453203189,18.75248472,7.078604881,45.077396,1.118090793,10,564.6456077,0.1036280616,28,325.1034401,0.0009125059947,5,3957
Apartment_env.dae,around_wall,LazyRRT,No,5,42,340,0.0005,0.15,0.05,0.2664582519,Yes,26.64582519,1,Exact solution,412.1720383,No,0.001904875,0.07881925857,0.02975234464,45.077396,1.118090793,10,412.1720383,0.02953850141,18,322.5857837,0.0001935024939,6,143
Apartment_env.dae,around_wall,LazyRRT,No,6,42,340,0.0005,0.15,0.05,0.2664582519,Yes,26.64582519,1,Exact solution,393.9777162,No,0.001954085,0.08085545292,0.03052095827,45.077396,1.118090793,10,393.9777162,0.02388951152,17,318.165519,0.0001913550928,5,104
Apartment_env.dae,around_wall,LazyRRT,No,7,42,340,0.0005,0.15,0.05,0.2664582519,Yes,26.64582519,1,Exact solution,426.0325804,No,0.016211586,0.6707973955,0.25320963,45.077396,1.118090793,10,426.0325804,0.02670351524,18,321.7795738,0.0001145571884,5,1031
Apartment_env.dae,around_wall,LazyRRT,No,8,42,340,0.0005,0.15,0.05,0.2664582519,Yes,26.64582519,1,Exact solution,490.7171757,No,0.238978251,9.888359372,3.732614101,45.077396,1.118090793,10,490.7171757,0.1107690936,25,350.7594753,0.0008002963433,5,3647
Apartment_env.dae,around_wall,LazyRRT,No,9,42,340,0.0005,0.15,0.05,0.2664582519,Yes,26.64582519,1,Exact solution,414.5282314,No,0.000288869,0.01195272152,0.004511860382,45.077396,1.118090793,10,414.5282314,0.00878007544,17,318.3707616,0.0009080993777,6,59
Apartment_env.dae,around_wall,LazyRRT,No,10,42,340,0.0005,0.15,0.05,0.2664582519,Yes,26.64582519,1,Exact solution,567.5783028,No,0.054678752,2.262478479,0.8540303559,45.077396,1.118090793,10,567.5783028,0.05172164867,25,302.6658843,0.0002192005329,5,1839
Apartment_env.dae,around_wall,LazyRRT,No,1,42,340,0.0005,0.15,0.2,0.2664582519,Yes,106.5833008,1,Exact solution,545.8073444,No,0.159086867,6.297728219,2.22278706,56.168985,1.448091006,10,545.8073444,0.01696167052,13,300.879537,0.0006983913343,6,2936
Apartment_env.dae,around_wall,LazyRRT,No,2,42,340,0.0005,0.15,0.2,0.2664582519,Yes,106.5833008,1,Exact solution,733.8086495,No,0.550144276,21.77841073,7.686703502,56.168985,1.448091006,10,733.8086495,0.1699254355,22,318.7537709,0.001209811548,6,5426
Apartment_env.dae,around_wall,LazyRRT,No,3,42,340,0.0005,0.15,0.2,0.2664582519,Yes,106.5833008,1,Exact solution,380.7503437,No,0.000733598,0.02904074304,0.01024994817,56.168985,1.448091006,10,380.7503437,0.006085991997,7,335.70958,0.000261331125,5,101
Apartment_env.dae,around_wall,LazyRRT,No,4,42,340,0.0005,0.15,0.2,0.2664582519,Yes,106.5833008,1,Exact solution,486.2920702,No,0.042250965,1.672577376,0.5903372166,56.168985,1.448091006,10,486.2920702,0.02986291292,13,319.2862928,0.000593205391,5,1562
Apartment_env.dae,around_wall,LazyRRT,No,5,42,340,0.0005,0.15,0.2,0.2664582519,Yes,106.5833008,1,Exact solution,469.9018299,No,0.627378226,24.83584995,8.76582856,56.168985,1.448091006,10,469.9018299,0.08033554313,16,339.2478254,0.0008076230428,6,6920
Apartment_env.dae,around_wall,LazyRRT,No,6,42,340,0.0005,0.15,0.2,0.2664582519,Yes,106.5833008,1,Exact solution,353.8439819,No,0.000279779,0.01107553462,0.003909116777,56.168985,1.448091006,10,353.8439819,0.0006048704833,5,299.0347091,0.001609616036,8,48
Apartment_env.dae,around_wall,LazyRRT,No,7,42,340,0.0005,0.15,0.2,0.2664582519,Yes,106.5833008,1,Exact solution,650.7826639,No,0.037581058,1.487711047,0.5250885317,56.168985,1.448091006,10,650.7826639,0.04669829158,18,306.949503,0.0005501946802,6,1869
Apartment_env.dae,around_wall,LazyRRT,No,8,42,340,0.0005,0.15,0.2,0.2664582519,Yes,106.5833008,1,Exact solution,518.0283629,No,0.000177649,0.007032542292,0.00248214014,56.168985,1.448091006,10,518.0283629,0.003442140435,8,324.6057174,0.0001150085735,4,23
Apartment_env.dae,around_wall,LazyRRT,No,9,42,340,0.0005,0.15,0.2,0.2664582519,Yes,106.5833008,1,Exact solution,502.0541876,No,0.000930877,0.03685037277,0.0130063618,56.168985,1.448091006,10,502.0541876,0.01863902461,11,310.3798582,0.000518183268,6,135
Apartment_env.dae,around_wall,LazyRRT,No,10,42,340,0.0005,0.15,0.2,0.2664582519,Yes,106.5833008,1,Exact solution,460.5464861,No,0.000321029,0.01270848707,0.004485468351,56.168985,1.448091006,10,460.5464861,0.007585732527,9,304.7083761,0.0003062776439,5,68
Apartment_env.dae,around_wall,LazyRRT,No,1,42,340,0.0005,0.15,0.5,0.2664582519,Yes,266.4582519,1,Exact solution,546.7417345,No,0.000900378,0.03442831806,0.01132916134,52.117788,1.393247096,10,546.7417345,0.002513497952,8,307.3892601,0.0005327475343,6,82
Apartment_env.dae,around_wall,LazyRRT,No,2,42,340,0.0005,0.15,0.5,0.2664582519,Yes,266.4582519,1,Exact solution,421.8521686,No,0.136600809,5.223290773,1.718803219,52.117788,1.393247096,10,421.8521686,0.0199971348,10,310.1528591,0.0003166112995,6,2357
Apartment_env.dae,around_wall,LazyRRT,No,3,42,340,0.0005,0.15,0.5,0.2664582519,Yes,266.4582519,1,Exact solution,836.496066,No,1.01611325,38.85375937,12.78542007,52.117788,1.393247096,10,836.496066,0.2103082088,26,311.2452337,0.0004805428454,5,7960
Apartment_env.dae,around_wall,LazyRRT,No,4,42,340,0.0005,0.15,0.5,0.2664582519,Yes,266.4582519,1,Exact solution,634.9476168,No,0.012988115,0.4966346959,0.1634251951,52.117788,1.393247096,10,634.9476168,0.01699664836,14,427.4671694,0.0002401027732,4,1252
Apartment_env.dae,around_wall,LazyRRT,No,5,42,340,0.0005,0.15,0.5,0.2664582519,Yes,266.4582519,1,Exact solution,789.0983535,No,0.005744695,0.2196635042,0.07228361478,52.117788,1.393247096,10,789.0983535,0.02442637552,16,406.2142386,0.001346789977,6,547
Apartment_env.dae,around_wall,LazyRRT,No,6,42,340,0.0005,0.15,0.5,0.2664582519,Yes,266.4582519,1,Exact solution,635.5902747,No,0.00341118,0.1304354282,0.04292176018,52.117788,1.393247096,10,635.5902747,0.002473828803,8,331.6954128,0.001375428911,5,352
Apartment_env.dae,around_wall,LazyRRT,No,7,42,340,0.0005,0.15,0.5,0.2664582519,Yes,266.4582519,1,Exact solution,610.1045059,No,0.121048752,4.628617019,1.523116782,52.117788,1.393247096,10,610.1045059,0.05329804421,19,317.5891819,0.000628662955,6,3422
Apartment_env.dae,around_wall,LazyRRT,No,8,42,340,0.0005,0.15,0.5,0.2664582519,Yes,266.4582519,1,Exact solution,624.1048234,No,0.053282715,2.037404578,0.6704389434,52.117788,1.393247096,10,624.1048234,0.01618232732,14,365.2247505,0.0009615187772,5,1982
Apartment_env.dae,around_wall,LazyRRT,No,9,42,340,0.0005,0.15,0.5,0.2664582519,Yes,266.4582519,1,Exact solution,634.015985,No,0.009045716,0.3458867137,0.1138192804,52.117788,1.393247096,10,634.015985,0.0211214232,15,424.4896452,0.001026434498,6,739
Apartment_env.dae,around_wall,LazyRRT,No,10,42,340,0.0005,0.15,0.5,0.2664582519,Yes,266.4582519,1,Exact solution,591.5526713,No,0.00386184,0.1476675972,0.04859226729,52.117788,1.393247096,10,591.5526713,0.01696592053,13,351.8425493,0.0006654465047,5,443
Apartment_env.dae,around_wall,pRRT,No,1,42,340,0.0005,0.02,0.05,0.2664582519,Yes,26.64582519,1,Exact solution,382.6345723,No,0.001116017,0.07008929378,0.02788913477,2.15565,0.05171333,10,382.6345723,0.0164066568,16,317.3789501,0.0001101508739,5,68
Apartment_env.dae,around_wall,pRRT,No,2,42,340,0.0005,0.02,0.05,0.2664582519,Yes,26.64582519,1,Exact solution,405.223781,No,0.003378991,0.2122110083,0.08444059131,2.15565,0.05171333,10,405.223781,0.01360407824,17,322.2067459,0.0001025992964,4,249
Apartment_env.dae,around_wall,pRRT,No,3,42,340,0.0005,0.02,0.05,0.2664582519,Yes,26.64582519,1,Exact solution,406.1447374,No,0.001006807,0.0632305705,0.0251599896,2.15565,0.05171333,10,406.1447374,0.038525058,17,319.8674306,0.0001014052918,4,102
Apartment_env.dae,around_wall,pRRT,No,4,42,340,0.0005,0.02,0.05,0.2664582519,Yes,26.64582519,1,Exact solution,523.3932964,No,0.00767212,0.4818326895,0.1917253847,2.15565,0.05171333,10,523.3932964,0.05268282363,23,304.2591353,0.01649260888,7,766
Apartment_env.dae,around_wall,pRRT,No,5,42,340,0.0005,0.02,0.05,0.2664582519,Yes,26.64582519,1,Exact solution,557.7461029,No,0.0037797,0.2373767637,0.09445426252,2.15565,0.05171333,10,557.7461029,0.03850068582,23,315.9161667,0.0008763405237,7,352
Apartment_env.dae,around_wall,pRRT,No,6,42,340,0.0005,0.02,0.05,0.2664582519,Yes,26.64582519,1,Exact solution,440.4939518,No,0.004456488,0.2798811279,0.1113671158,2.15565,0.05171333,10,440.4939518,0.02968449986,18,326.2303627,0.0001198902637,4,422
Apartment_env.dae,around_wall,pRRT,No,7,42,340,0.0005,0.02,0.05,0.2664582519,Yes,26.64582519,1,Exact solution,698.4269976,No,0.004975767,0.3124934432,0.1243438375,2.15565,0.05171333,10,698.4269976,0.04202579175,28,296.997593,0.002903147901,7,283
Apartment_env.dae,around_wall,pRRT,No,8,42,340,0.0005,0.02,0.05,0.2664582519,Yes,26.64582519,1,Exact solution,454.0224254,No,0.001453327,0.09127339732,0.03631847236,2.15565,0.05171333,10,454.0224254,0.02289728068,19,324.5406074,0.0008512768608,7,105
Apartment_env.dae,around_wall,pRRT,No,9,42,340,0.0005,0.02,0.05,0.2664582519,Yes,26.64582519,1,Exact solution,451.2462309,No,0.002981802,0.1872663198,0.07451488448,2.15565,0.05171333,10,451.2462309,0.0318511188,19,301.0936663,0.0004341822637,6,247
Apartment_env.dae,around_wall,pRRT,No,10,42,340,0.0005,0.02,0.05,0.2664582519,Yes,26.64582519,1,Exact solution,441.0800527,No,0.00350294,0.2199953861,0.08753806237,2.15565,0.05171333,10,441.0800527,0.02552376937,18,304.2479921,0.0004250952056,5,344
Apartment_env.dae,around_wall,pRRT,No,1,42,340,0.0005,0.02,0.2,0.2664582519,Yes,106.5833008,1,Exact solution,586.2082307,No,0.005675345,0.3941547876,0.1604694918,1.833691,0.043316423,10,586.2082307,0.01085184159,12,317.0125462,0.00291643353,6,381
Apartment_env.dae,around_wall,pRRT,No,2,42,340,0.0005,0.02,0.2,0.2664582519,Yes,106.5833008,1,Exact solution,443.4435258,No,0.000417729,0.02901143195,0.01181122211,1.833691,0.043316423,10,443.4435258,0.001223482456,6,325.4431955,0.0002175538156,5,18
Apartment_env.dae,around_wall,pRRT,No,3,42,340,0.0005,0.02,0.2,0.2664582519,Yes,106.5833008,1,Exact solution,924.1698884,No,0.002186165,0.1518299595,0.06181347328,1.833691,0.043316423,10,924.1698884,0.007188670096,15,412.2791114,0.004860540197,8,159
Apartment_env.dae,around_wall,pRRT,No,4,42,340,0.0005,0.02,0.2,0.2664582519,Yes,106.5833008,1,Exact solution,530.0633702,No,0.001397456,0.09705383072,0.03951284973,1.833691,0.043316423,10,530.0633702,0.01862439193,9,328.7735331,0.001008782843,6,105
Apartment_env.dae,around_wall,pRRT,No,5,42,340,0.0005,0.02,0.2,0.2664582519,Yes,106.5833008,1,Exact solution,431.487507,No,0.000831178,0.05772561634,0.02350142789,1.833691,0.043316423,10,431.487507,0.002567808462,8,296.3196915,0.000554003581,7,63
Apartment_env.dae,around_wall,pRRT,No,6,42,340,0.0005,0.02,0.2,0.2664582519,Yes,106.5833008,1,Exact solution,656.4877194,No,0.001241717,0.08623770016,0.03510935387,1.833691,0.043316423,10,656.4877194,0.001938612715,9,435.1871282,0.001079731296,5,83
Apartment_env.dae,around_wall,pRRT,No,7,42,340,0.0005,0.02,0.2,0.2664582519,Yes,106.5833008,1,Exact solution,722.8135661,No,0.004055648,0.2816662381,0.1146728126,1.833691,0.043316423,10,722.8135661,0.01863013051,17,374.070767,0.002795004091,7,327
Apartment_env.dae,around_wall,pRRT,No,8,42,340,0.0005,0.02,0.2,0.2664582519,Yes,106.5833008,1,Exact solution,598.4621388,No,0.001341166,0.09314446962,0.03792125878,1.833691,0.043316423,10,598.4621388,0.007901802867,10,303.5243186,0.001400754307,6,78
Apartment_env.dae,around_wall,pRRT,No,9,42,340,0.0005,0.02,0.2,0.2664582519,Yes,106.5833008,1,Exact solution,614.1503811,No,0.006700942,0.4653828747,0.1894680865,1.833691,0.043316423,10,614.1503811,0.01523961268,13,309.3721412,0.001257939852,5,352
Apartment_env.dae,around_wall,pRRT,No,10,42,340,0.0005,0.02,0.2,0.2664582519,Yes,106.5833008,1,Exact solution,715.1794826,No,0.002555553,0.1774840913,0.07225786118,1.833691,0.043316423,10,715.1794826,0.0063976897,12,319.6626759,0.00015951884,5,211
Apartment_env.dae,around_wall,pRRT,No,1,42,340,0.0005,0.02,0.5,0.2664582519,Yes,266.4582519,1,Exact solution,460.4922056,No,0.001584526,0.1427796859,0.0585832716,2.046906,0.04809356,10,460.4922056,0.00276625504,8,321.3161159,0.0001051880783,4,84
Apartment_env.dae,around_wall,pRRT,No,2,42,340,0.0005,0.02,0.5,0.2664582519,Yes,266.4582519,1,Exact solution,498.91512,No,0.002328674,0.2098339454,0.08609599427,2.046906,0.04809356,10,498.91512,0.00433104166,10,361.0294846,0.0002092600934,5,142
Apartment_env.dae,around_wall,pRRT,No,3,42,340,0.0005,0.02,0.5,0.2664582519,Yes,266.4582519,1,Exact solution,467.8794241,No,0.003153271,0.2841373652,0.1165830863,2.046906,0.04809356,10,467.8794241,0.01000482871,10,321.5595605,0.0003564798127,6,293
Apartment_env.dae,around_wall,pRRT,No,4,42,340,0.0005,0.02,0.5,0.2664582519,Yes,266.4582519,1,Exact solution,702.0141711,No,0.001305506,0.1176375374,0.04826731311,2.046906,0.04809356,10,702.0141711,0.004627530611,10,332.1626189,0.0009629998383,7,70
Apartment_env.dae,around_wall,pRRT,No,5,42,340,0.0005,0.02,0.5,0.2664582519,Yes,266.4582519,1,Exact solution,830.1314346,No,0.002229294,0.200878936,0.08242170585,2.046906,0.04809356,10,830.1314346,0.01553280561,14,308.5943621,0.0006664798968,7,161
Apartment_env.dae,around_wall,pRRT,No,6,42,340,0.0005,0.02,0.5,0.2664582519,Yes,266.4582519,1,Exact solution,705.6899609,No,0.001314567,0.1184540129,0.04860231741,2.046906,0.04809356,10,705.6899609,0.009537216721,12,346.8701422,0.000929221019,6,55
Apartment_env.dae,around_wall,pRRT,No,7,42,340,0.0005,0.02,0.5,0.2664582519,Yes,266.4582519,1,Exact solution,609.514093,No,0.004443957,0.4004394907,0.1643024727,2.046906,0.04809356,10,609.514093,0.01822975577,14,320.5671279,0.001000343172,6,409
Apartment_env.dae,around_wall,pRRT,No,8,42,340,0.0005,0.02,0.5,0.2664582519,Yes,266.4582519,1,Exact solution,595.5965654,No,0.000639478,0.0576225748,0.02364285178,2.046906,0.04809356,10,595.5965654,0.002047500254,7,307.3432626,0.001117838197,6,34
Apartment_env.dae,around_wall,pRRT,No,9,42,340,0.0005,0.02,0.5,0.2664582519,Yes,266.4582519,1,Exact solution,855.7760612,No,0.001570275,0.1414955458,0.05805638205,2.046906,0.04809356,10,855.7760612,0.004301449306,10,301.901896,0.0001664351992,4,151
Apartment_env.dae,around_wall,pRRT,No,10,42,340,0.0005,0.02,0.5,0.2664582519,Yes,266.4582519,1,Exact solution,573.2484449,No,0.004146399,0.3736269059,0.1533011253,2.046906,0.04809356,10,573.2484449,0.01052488349,11,298.9126332,0.00180087325,8,277
Apartment_env.dae,around_wall,pRRT,No,1,42,340,0.0005,0.05,0.05,0.2664582519,Yes,26.64582519,1,Exact solution,493.7975485,No,0.009586734,0.7135886465,0.2794782167,3.070383,0.074422918,10,493.7975485,0.02094670949,21,316.7635563,0.001697591256,6,861
Apartment_env.dae,around_wall,pRRT,No,2,42,340,0.0005,0.05,0.05,0.2664582519,Yes,26.64582519,1,Exact solution,489.3569593,No,0.002468584,0.1837490761,0.07196564066,3.070383,0.074422918,10,489.3569593,0.04138074098,20,300.7535287,0.000638315836,5,233
Apartment_env.dae,around_wall,pRRT,No,3,42,340,0.0005,0.05,0.05,0.2664582519,Yes,26.64582519,1,Exact solution,542.9010126,No,0.003731209,0.2777325813,0.1087744416,3.070383,0.074422918,10,542.9010126,0.04140537518,22,302.9586449,0.001558295926,7,370
Apartment_env.dae,around_wall,pRRT,No,4,42,340,0.0005,0.05,0.05,0.2664582519,Yes,26.64582519,1,Exact solution,459.0237805,No,0.007602129,0.5658645524,0.221621822,3.070383,0.074422918,10,459.0237805,0.02084849168,19,304.1098445,0.0008334771782,7,646
Apartment_env.dae,around_wall,pRRT,No,5,42,340,0.0005,0.05,0.05,0.2664582519,Yes,26.64582519,1,Exact solution,522.5827528,No,0.006219014,0.4629123728,0.1813004244,3.070383,0.074422918,10,522.5827528,0.02863967932,22,323.7893803,0.0001076552857,4,548
Apartment_env.dae,around_wall,pRRT,No,6,42,340,0.0005,0.05,0.05,0.2664582519,Yes,26.64582519,1,Exact solution,391.1169342,No,0.000582669,0.04337097317,0.01698631599,3.070383,0.074422918,10,391.1169342,0.01822543921,16,320.0234323,0.0001048027888,4,46
Apartment_env.dae,around_wall,pRRT,No,7,42,340,0.0005,0.05,0.05,0.2664582519,Yes,26.64582519,1,Exact solution,491.1291974,No,0.000867497,0.06457214836,0.0252897926,3.070383,0.074422918,10,491.1291974,0.0198996232,20,318.5367192,0.0001836333914,5,68
Apartment_env.dae,around_wall,pRRT,No,8,42,340,0.0005,0.05,0.05,0.2664582519,Yes,26.64582519,1,Exact solution,530.6518913,No,0.005158486,0.3839719599,0.1503832763,3.070383,0.074422918,10,530.6518913,0.04136539912,22,322.0990328,0.0002307821851,5,521
Apartment_env.dae,around_wall,pRRT,No,9,42,340,0.0005,0.05,0.05,0.2664582519,Yes,26.64582519,1,Exact solution,514.2384876,No,0.002880562,0.2144146629,0.0839758703,3.070383,0.074422918,10,514.2384876,0.02642436088,21,299.881528,0.004438589696,9,289
Apartment_env.dae,around_wall,pRRT,No,10,42,340,0.0005,0.05,0.05,0.2664582519,Yes,26.64582519,1,Exact solution,501.6873902,No,0.002152294,0.1602060266,0.06274496497,3.070383,0.074422918,10,501.6873902,0.02955844023,20,322.1287786,0.0001004418271,4,254
Apartment_env.dae,around_wall,pRRT,No,1,42,340,0.0005,0.05,0.2,0.2664582519,Yes,106.5833008,1,Exact solution,519.0720961,No,0.004381028,0.3166990388,0.1281411226,2.755946,0.065377842,10,519.0720961,0.005403432566,9,302.9397772,0.0005462576633,6,282
Apartment_env.dae,around_wall,pRRT,No,2,42,340,0.0005,0.05,0.2,0.2664582519,Yes,106.5833008,1,Exact solution,484.694234,No,0.00345028,0.2494164291,0.100917582,2.755946,0.065377842,10,484.694234,0.0100345301,12,338.5672378,0.0001369945531,5,221
Apartment_env.dae,around_wall,pRRT,No,3,42,340,0.0005,0.05,0.2,0.2664582519,Yes,106.5833008,1,Exact solution,725.5816637,No,0.001529605,0.1105732338,0.04473956838,2.755946,0.065377842,10,725.5816637,0.004391773916,11,370.2693191,0.001525267168,5,110
Apartment_env.dae,around_wall,pRRT,No,4,42,340,0.0005,0.05,0.2,0.2664582519,Yes,106.5833008,1,Exact solution,534.1474879,No,0.006303833,0.4556962092,0.1843814368,2.755946,0.065377842,10,534.1474879,0.02800369689,15,322.5578996,0.000907114186,6,558
Apartment_env.dae,around_wall,pRRT,No,5,42,340,0.0005,0.05,0.2,0.2664582519,Yes,106.5833008,1,Exact solution,810.8416533,No,0.002330213,0.1684481855,0.06815663119,2.755946,0.065377842,10,810.8416533,0.008933378694,14,295.8971334,0.0004326018961,6,143
Apartment_env.dae,around_wall,pRRT,No,6,42,340,0.0005,0.05,0.2,0.2664582519,Yes,106.5833008,1,Exact solution,689.1185288,No,0.007858278,0.5680650955,0.2298475528,2.755946,0.065377842,10,689.1185288,0.04153416568,18,309.055458,0.0004019975686,5,659
Apartment_env.dae,around_wall,pRRT,No,7,42,340,0.0005,0.05,0.2,0.2664582519,Yes,106.5833008,1,Exact solution,739.0973328,No,0.002329024,0.1683622342,0.06812185401,2.755946,0.065377842,10,739.0973328,0.007209313623,12,313.8688348,0.001980517115,5,159
Apartment_env.dae,around_wall,pRRT,No,8,42,340,0.0005,0.05,0.2,0.2664582519,Yes,106.5833008,1,Exact solution,767.4422987,No,0.005188686,0.3750836262,0.1517643915,2.755946,0.065377842,10,767.4422987,0.01060150551,16,318.2397745,0.0004636260989,6,398
Apartment_env.dae,around_wall,pRRT,No,9,42,340,0.0005,0.05,0.2,0.2664582519,Yes,106.5833008,1,Exact solution,572.7496932,No,0.003924979,0.2837318265,0.1148021001,2.755946,0.065377842,10,572.7496932,0.009122275328,12,318.4368148,9.975842224e-05,4,316
Apartment_env.dae,around_wall,pRRT,No,10,42,340,0.0005,0.05,0.2,0.2664582519,Yes,106.5833008,1,Exact solution,481.419469,No,0.000828208,0.05987012124,0.02422433795,2.755946,0.065377842,10,481.419469,0.00328842564,8,298.5779536,0.0003646873109,5,48
Apartment_env.dae,around_wall,pRRT,No,1,42,340,0.0005,0.05,0.5,0.2664582519,Yes,266.4582519,1,Exact solution,418.3015857,No,0.001511536,0.1394416567,0.05409975201,2.364044,0.057648393,10,418.3015857,0.002193940961,7,326.8273768,0.0001055721584,4,84
Apartment_env.dae,around_wall,pRRT,No,2,42,340,0.0005,0.05,0.5,0.2664582519,Yes,266.4582519,1,Exact solution,776.6468993,No,0.003345361,0.3086149983,0.1197346279,2.364044,0.057648393,10,776.6468993,0.01578282737,14,309.5223789,0.002540939585,7,280
Apartment_env.dae,around_wall,pRRT,No,3,42,340,0.0005,0.05,0.5,0.2664582519,Yes,266.4582519,1,Exact solution,604.2318425,No,0.00364866,0.3365948248,0.130590076,2.364044,0.057648393,10,604.2318425,0.01252419127,12,302.9439168,0.0006420231415,7,227
Apartment_env.dae,around_wall,pRRT,No,4,42,340,0.0005,0.05,0.5,0.2664582519,Yes,266.4582519,1,Exact solution,850.0848477,No,0.007666699,0.7072654637,0.2744006856,2.364044,0.057648393,10,850.0848477,0.01700911171,16,358.7343368,0.003653854761,8,602
Apartment_env.dae,around_wall,pRRT,No,5,42,340,0.0005,0.05,0.5,0.2664582519,Yes,266.4582519,1,Exact solution,649.5983487,No,0.000670178,0.06182501151,0.02398650353,2.364044,0.057648393,10,649.5983487,0.002389182898,8,297.8552337,0.0006855375241,6,24
Apartment_env.dae,around_wall,pRRT,No,6,42,340,0.0005,0.05,0.5,0.2664582519,Yes,266.4582519,1,Exact solution,608.1888658,No,0.001277817,0.1178806985,0.04573465853,2.364044,0.057648393,10,608.1888658,0.003215620614,7,430.2906707,0.001396373496,5,68
Apartment_env.dae,around_wall,pRRT,No,7,42,340,0.0005,0.05,0.5,0.2664582519,Yes,266.4582519,1,Exact solution,440.5509863,No,0.001009778,0.09315366436,0.0361412096,2.364044,0.057648393,10,440.5509863,0.00217933515,7,310.3226973,0.003240198408,6,64
Apartment_env.dae,around_wall,pRRT,No,8,42,340,0.0005,0.05,0.5,0.2664582519,Yes,266.4582519,1,Exact solution,755.8382988,No,0.002678323,0.2470796569,0.09586050885,2.364044,0.057648393,10,755.8382988,0.007662409272,13,448.9040929,0.0009491164085,6,165
Apartment_env.dae,around_wall,pRRT,No,9,42,340,0.0005,0.05,0.5,0.2664582519,Yes,266.4582519,1,Exact solution,1068.673811,No,0.001936744,0.1786677869,0.06931847479,2.364044,0.057648393,10,1068.673811,0.01074879548,16,305.1183725,0.000537889968,6,111
Apartment_env.dae,around_wall,pRRT,No,10,42,340,0.0005,0.05,0.5,0.2664582519,Yes,266.4582519,1,Exact solution,709.6201318,No,0.001880945,0.1735202383,0.06732135923,2.364044,0.057648393,10,709.6201318,0.008939839631,12,414.2805565,0.0003082901212,5,136
Apartment_env.dae,around_wall,pRRT,No,1,42,340,0.0005,0.15,0.05,0.2664582519,Yes,26.64582519,1,Exact solution,406.0336382,No,0.000576849,0.04849402134,0.01862635612,2.774713,0.068091515,10,406.0336382,0.01581082808,17,320.6583442,0.0001155591636,5,42
Apartment_env.dae,around_wall,pRRT,No,2,42,340,0.0005,0.15,0.05,0.2664582519,Yes,26.64582519,1,Exact solution,480.11303,No,0.010441812,0.8778128314,0.3371643339,2.774713,0.068091515,10,480.11303,0.0656590297,22,328.9087297,0.0002372474291,5,974
Apartment_env.dae,around_wall,pRRT,No,3,42,340,0.0005,0.15,0.05,0.2664582519,Yes,26.64582519,1,Exact solution,624.2173768,No,0.00366009,0.3076931443,0.1181836837,2.774713,0.068091515,10,624.2173768,0.03901374666,25,304.3245792,0.0008794986052,7,300
Apartment_env.dae,around_wall,pRRT,No,4,42,340,0.0005,0.15,0.05,0.2664582519,Yes,26.64582519,1,Exact solution,442.4097482,No,0.008718766,0.7329613547,0.2815274715,2.774713,0.068091515,10,442.4097482,0.04396106658,19,323.5396447,0.002356791247,6,711
Apartment_env.dae,around_wall,pRRT,No,5,42,340,0.0005,0.15,0.05,0.2664582519,Yes,26.64582519,1,Exact solution,618.1858984,No,0.005024827,0.4224226232,0.1622508094,2.774713,0.068091515,10,618.1858984,0.06909382756,26,425.9590763,0.002556325182,9,468
Apartment_env.dae,around_wall,pRRT,No,6,42,340,0.0005,0.15,0.05,0.2664582519,Yes,26.64582519,1,Exact solution,442.6824296,No,0.000730949,0.06144876113,0.02360221891,2.774713,0.068091515,10,442.6824296,0.01684041521,18,321.7470683,0.0001441975714,5,87
Apartment_env.dae,around_wall,pRRT,No,7,42,340,0.0005,0.15,0.05,0.2664582519,Yes,26.64582519,1,Exact solution,374.7154019,No,0.000255289,0.02146140535,0.008243238399,2.774713,0.068091515,10,374.7154019,0.01161545593,16,323.194797,0.0002179737412,5,26
Apartment_env.dae,around_wall,pRRT,No,8,42,340,0.0005,0.15,0.05,0.2664582519,Yes,26.64582519,1,Exact solution,352.4793787,No,0.00031672,0.02662573124,0.01022683494,2.774713,0.068091515,10,352.4793787,0.01078445496,15,323.5124246,0.0001093722813,4,19
Apartment_env.dae,around_wall,pRRT,No,9,42,340,0.0005,0.15,0.05,0.2664582519,Yes,26.64582519,1,Exact solution,382.7983406,No,0.000392369,0.03298532313,0.01266952829,2.774713,0.068091515,10,382.7983406,0.02558391696,16,318.4230016,0.0001340940734,5,41
Apartment_env.dae,around_wall,pRRT,No,10,42,340,0.0005,0.15,0.05,0.2664582519,Yes,26.64582519,1,Exact solution,566.8631871,No,0.002888262,0.2428078042,0.09326148884,2.774713,0.068091515,10,566.8631871,0.03368338371,24,380.5732668,0.003378002357,6,234
Apartment_env.dae,around_wall,pRRT,No,1,42,340,0.0005,0.15,0.2,0.2664582519,Yes,106.5833008,1,Exact solution,556.6546002,No,0.004796637,0.4051656301,0.161390889,2.860265,0.068568434,10,556.6546002,0.01387183039,12,300.1606786,0.000558398159,6,367
Apartment_env.dae,around_wall,pRRT,No,2,42,340,0.0005,0.15,0.2,0.2664582519,Yes,106.5833008,1,Exact solution,357.5740635,No,0.00020319,0.01716319254,0.006836668011,2.860265,0.068568434,10,357.5740635,0.0001728694375,5,324.9289287,0.0001036954542,4,6
Apartment_env.dae,around_wall,pRRT,No,3,42,340,0.0005,0.15,0.2,0.2664582519,Yes,106.5833008,1,Exact solution,637.0767205,No,0.004308948,0.3639711805,0.1449817754,2.860265,0.068568434,10,637.0767205,0.01553510102,15,320.9287326,0.0001002460793,4,277
Apartment_env.dae,around_wall,pRRT,No,4,42,340,0.0005,0.15,0.2,0.2664582519,Yes,106.5833008,1,Exact solution,1088.13072,No,0.00353414,0.298524166,0.118912062,2.860265,0.068568434,10,1088.13072,0.01481671995,18,479.7948746,0.0007145652229,6,250
Apartment_env.dae,around_wall,pRRT,No,5,42,340,0.0005,0.15,0.2,0.2664582519,Yes,106.5833008,1,Exact solution,397.9262365,No,0.007578269,0.6401264332,0.2549835585,2.860265,0.068568434,10,397.9262365,0.007561577334,9,327.9583206,0.0003483288229,6,424
Apartment_env.dae,around_wall,pRRT,No,6,42,340,0.0005,0.15,0.2,0.2664582519,Yes,106.5833008,1,Exact solution,462.1763922,No,0.000550278,0.04648126022,0.01851502534,2.860265,0.068568434,10,462.1763922,0.0008924426849,6,321.9026661,0.0005928209253,6,8
Apartment_env.dae,around_wall,pRRT,No,7,42,340,0.0005,0.15,0.2,0.2664582519,Yes,106.5833008,1,Exact solution,577.2811634,No,0.003254262,0.2748832387,0.1094950978,2.860265,0.068568434,10,577.2811634,0.003980554532,9,301.6890372,0.0006599800346,6,187
Apartment_env.dae,around_wall,pRRT,No,8,42,340,0.0005,0.15,0.2,0.2664582519,Yes,106.5833008,1,Exact solution,658.7222677,No,0.001658076,0.1400555029,0.05578874525,2.860265,0.068568434,10,658.7222677,0.01391018767,13,298.3161809,0.0007807181014,6,95
Apartment_env.dae,around_wall,pRRT,No,9,42,340,0.0005,0.15,0.2,0.2664582519,Yes,106.5833008,1,Exact solution,686.4428868,No,0.004002719,0.3381044189,0.1346781876,2.860265,0.068568434,10,686.4428868,0.01487560017,14,304.9856237,0.0004539938639,6,299
Apartment_env.dae,around_wall,pRRT,No,10,42,340,0.0005,0.15,0.2,0.2664582519,Yes,106.5833008,1,Exact solution,656.5180351,No,0.003975319,0.3357899769,0.1337562687,2.860265,0.068568434,10,656.5180351,0.005493761236,12,298.1816179,0.002756770846,7,321
Apartment_env.dae,around_wall,pRRT,No,1,42,340,0.0005,0.15,0.5,0.2664582519,Yes,266.4582519,1,Exact solution,974.0226446,No,0.004826107,0.4092593629,0.1530658213,2.045335,0.051014761,10,974.0226446,0.02477316011,19,383.5544193,0.0009987414514,5,405
Apartment_env.dae,around_wall,pRRT,No,2,42,340,0.0005,0.15,0.5,0.2664582519,Yes,266.4582519,1,Exact solution,561.7405608,No,0.000253759,0.02151905183,0.008048273637,2.045335,0.051014761,10,561.7405608,0.0007036785369,5,326.3829919,0.0002411647434,5,5
Apartment_env.dae,around_wall,pRRT,No,3,42,340,0.0005,0.15,0.5,0.2664582519,Yes,266.4582519,1,Exact solution,453.5013646,No,0.000577518,0.04897418328,0.01831668195,2.045335,0.051014761,10,453.5013646,0.0008923689983,6,304.5113258,0.0007863788623,6,12
Apartment_env.dae,around_wall,pRRT,No,4,42,340,0.0005,0.15,0.5,0.2664582519,Yes,266.4582519,1,Exact solution,497.8484879,No,0.001382257,0.1172169658,0.04383995276,2.045335,0.051014761,10,497.8484879,0.005360261841,9,375.531196,0.0004813474965,5,77
Apartment_env.dae,around_wall,pRRT,No,5,42,340,0.0005,0.15,0.5,0.2664582519,Yes,266.4582519,1,Exact solution,813.5153105,No,0.003236121,0.2744267416,0.102637492,2.045335,0.051014761,10,813.5153105,0.01838535069,13,310.050832,0.0006305888428,5,196
Apartment_env.dae,around_wall,pRRT,No,6,42,340,0.0005,0.15,0.5,0.2664582519,Yes,266.4582519,1,Exact solution,485.9623436,No,0.000883857,0.07495207891,0.02803259389,2.045335,0.051014761,10,485.9623436,0.001887370859,6,351.4923264,0.001074351568,6,49
Apartment_env.dae,around_wall,pRRT,No,7,42,340,0.0005,0.15,0.5,0.2664582519,Yes,266.4582519,1,Exact solution,664.1419535,No,0.002054164,0.1741954436,0.06515029602,2.045335,0.051014761,10,664.1419535,0.007937204154,9,334.6597949,0.001159338643,6,113
Apartment_env.dae,around_wall,pRRT,No,8,42,340,0.0005,0.15,0.5,0.2664582519,Yes,266.4582519,1,Exact solution,530.165728,No,0.003257481,0.2762380939,0.1033149502,2.045335,0.051014761,10,530.165728,0.004837064462,9,335.2513669,0.0001699273963,4,101
Apartment_env.dae,around_wall,pRRT,No,9,42,340,0.0005,0.15,0.5,0.2664582519,Yes,266.4582519,1,Exact solution,711.2044887,No,0.003256561,0.2761600769,0.1032857713,2.045335,0.051014761,10,711.2044887,0.002071038653,8,320.7939691,0.0007023303323,6,142
Apartment_env.dae,around_wall,pRRT,No,10,42,340,0.0005,0.15,0.5,0.2664582519,Yes,266.4582519,1,Exact solution,966.0318812,No,0.004391368,0.3723930012,0.139277548,2.045335,0.051014761,10,966.0318812,0.01121450045,13,343.0617253,0.00831358857,7,201
Apartment_env.dae,around_wall,TRRT,No,1,42,340,0.0005,0.02,0.05,0.2664582519,Yes,26.64582519,1,Exact solution,503.0402554,No,0.012751245,0.6826663135,0.195103661,2.114575,0.060173726,10,503.0402554,0.0580690836,22,328.9048968,0.002745947576,7,686
Apartment_env.dae,around_wall,TRRT,No,2,42,340,0.0005,0.02,0.05,0.2664582519,Yes,26.64582519,1,Exact solution,481.1926637,No,0.011831708,0.6334368513,0.1810340517,2.114575,0.060173726,10,481.1926637,0.02684689603,20,323.4533371,0.0001505525032,5,773
Apartment_env.dae,around_wall,TRRT,No,3,42,340,0.0005,0.02,0.05,0.2664582519,Yes,26.64582519,1,Exact solution,549.9306959,No,0.005973294,0.319793604,0.09139590117,2.114575,0.060173726,10,549.9306959,0.03528444411,23,306.5293159,0.000490053098,6,575
Apartment_env.dae,around_wall,TRRT,No,4,42,340,0.0005,0.02,0.05,0.2664582519,Yes,26.64582519,1,Exact solution,557.0628833,No,0.002577393,0.1379864772,0.03943605587,2.114575,0.060173726,10,557.0628833,0.03652880469,23,304.4213227,0.003451097173,8,279
Apartment_env.dae,around_wall,TRRT,No,5,42,340,0.0005,0.02,0.05,0.2664582519,Yes,26.64582519,1,Exact solution,448.8084334,No,0.001126367,0.06030256712,0.01723426421,2.114575,0.060173726,10,448.8084334,0.02918960579,19,297.3797696,0.005298781382,8,161
Apartment_env.dae,around_wall,TRRT,No,6,42,340,0.0005,0.02,0.05,0.2664582519,Yes,26.64582519,1,Exact solution,565.5317442,No,0.002719402,0.1455892455,0.04160890062,2.114575,0.060173726,10,565.5317442,0.0344386666,24,390.4297496,0.004385896413,7,265
Apartment_env.dae,around_wall,TRRT,No,7,42,340,0.0005,0.02,0.05,0.2664582519,Yes,26.64582519,1,Exact solution,501.6683431,No,0.000757478,0.04055327255,0.01158998442,2.114575,0.060173726,10,501.6683431,0.03289272005,20,321.7681446,0.000101393387,4,58
Apartment_env.dae,around_wall,TRRT,No,8,42,340,0.0005,0.02,0.05,0.2664582519,Yes,26.64582519,1,Exact solution,368.560043,No,0.000378689,0.02027395941,0.005794227175,2.114575,0.060173726,10,368.560043,0.01244781728,15,319.9135029,0.0001003445402,4,43
Apartment_env.dae,around_wall,TRRT,No,9,42,340,0.0005,0.02,0.05,0.2664582519,Yes,26.64582519,1,Exact solution,416.6953689,No,0.001084977,0.05808666125,0.01660096601,2.114575,0.060173726,10,416.6953689,0.01311186647,17,303.2293656,0.000489339333,6,133
Apartment_env.dae,around_wall,TRRT,No,10,42,340,0.0005,0.02,0.05,0.2664582519,Yes,26.64582519,1,Exact solution,381.8354657,No,0.000296729,0.01588604819,0.004540177389,2.114575,0.060173726,10,381.8354657,0.01677418273,16,302.0246359,0.0004228022464,5,46
Apartment_env.dae,around_wall,TRRT,No,1,42,340,0.0005,0.02,0.2,0.2664582519,Yes,106.5833008,1,Exact solution,814.3013302,No,0.005508295,0.3437971073,0.1359659742,2.056733,0.049539105,10,814.3013302,0.04211534759,19,456.1670502,0.000562232408,6,466
Apartment_env.dae,around_wall,TRRT,No,2,42,340,0.0005,0.02,0.2,0.2664582519,Yes,106.5833008,1,Exact solution,547.8012004,No,0.002314503,0.1444583916,0.05713086448,2.056733,0.049539105,10,547.8012004,0.002965745362,9,337.581996,0.0001120648194,4,102
Apartment_env.dae,around_wall,TRRT,No,3,42,340,0.0005,0.02,0.2,0.2664582519,Yes,106.5833008,1,Exact solution,537.0479955,No,0.000914548,0.05708099455,0.0225745734,2.056733,0.049539105,10,537.0479955,0.005016791056,9,302.2964353,0.000744694798,6,35
Apartment_env.dae,around_wall,TRRT,No,4,42,340,0.0005,0.02,0.2,0.2664582519,Yes,106.5833008,1,Exact solution,676.7933741,No,0.006413663,0.4003051373,0.1583139498,2.056733,0.049539105,10,676.7933741,0.02847619787,14,455.8030836,0.0007734876286,6,564
Apartment_env.dae,around_wall,TRRT,No,5,42,340,0.0005,0.02,0.2,0.2664582519,Yes,106.5833008,1,Exact solution,773.2006844,No,0.004815707,0.3005696202,0.11887023,2.056733,0.049539105,10,773.2006844,0.009228318543,13,338.5322775,0.002058575157,5,333
Apartment_env.dae,around_wall,TRRT,No,6,42,340,0.0005,0.02,0.2,0.2664582519,Yes,106.5833008,1,Exact solution,523.1306926,No,0.00398378,0.2486453685,0.0983350617,2.056733,0.049539105,10,523.1306926,0.01365373909,13,326.6331253,0.000140306522,5,309
Apartment_env.dae,around_wall,TRRT,No,7,42,340,0.0005,0.02,0.2,0.2664582519,Yes,106.5833008,1,Exact solution,573.904464,No,0.001145777,0.0715130214,0.02828219731,2.056733,0.049539105,10,573.904464,0.006372915904,11,357.6488074,0.0006220452431,6,55
Apartment_env.dae,around_wall,TRRT,No,8,42,340,0.0005,0.02,0.2,0.2664582519,Yes,106.5833008,1,Exact solution,687.670147,No,0.002722463,0.1699209836,0.06720089138,2.056733,0.049539105,10,687.670147,0.008324930612,12,411.2541076,0.001071953193,8,228
Apartment_env.dae,around_wall,TRRT,No,9,42,340,0.0005,0.02,0.2,0.2664582519,Yes,106.5833008,1,Exact solution,613.9300152,No,0.004193949,0.2617629474,0.1035228435,2.056733,0.049539105,10,613.9300152,0.008411341847,13,306.5231634,0.0008702553463,7,275
Apartment_env.dae,around_wall,TRRT,No,10,42,340,0.0005,0.02,0.2,0.2664582519,Yes,106.5833008,1,Exact solution,336.5970486,No,0.000940158,0.05867942817,0.02320672701,2.056733,0.049539105,10,336.5970486,0.0001447548986,5,320.5759407,0.0001071191857,4,54
Apartment_env.dae,around_wall,TRRT,No,1,42,340,0.0005,0.02,0.5,0.2664582519,Yes,266.4582519,1,Exact solution,578.6695432,No,0.002643173,0.1590327575,0.06446575166,2.275197,0.053905603,10,578.6695432,0.005672103866,11,373.8632766,0.00034480431,5,133
Apartment_env.dae,around_wall,TRRT,No,2,42,340,0.0005,0.02,0.5,0.2664582519,Yes,266.4582519,1,Exact solution,617.1074472,No,0.002162995,0.130141712,0.05275443511,2.275197,0.053905603,10,617.1074472,0.01197184648,12,336.0048953,0.001171906497,5,89
Apartment_env.dae,around_wall,TRRT,No,3,42,340,0.0005,0.02,0.5,0.2664582519,Yes,266.4582519,1,Exact solution,472.1405213,No,0.001711785,0.1029935948,0.04174963451,2.275197,0.053905603,10,472.1405213,0.0006754576232,5,336.3895349,0.0001017943642,4,43
Apartment_env.dae,around_wall,TRRT,No,4,42,340,0.0005,0.02,0.5,0.2664582519,Yes,266.4582519,1,Exact solution,521.3435344,No,0.00387814,0.2333374691,0.09458601844,2.275197,0.053905603,10,521.3435344,0.009378059127,11,311.0436719,0.0006637043455,7,204
Apartment_env.dae,around_wall,TRRT,No,5,42,340,0.0005,0.02,0.5,0.2664582519,Yes,266.4582519,1,Exact solution,477.9794635,No,0.006298093,0.3789396672,0.1536075388,2.275197,0.053905603,10,477.9794635,0.02747111654,14,328.8118716,0.0002872125428,6,439
Apartment_env.dae,around_wall,TRRT,No,6,42,340,0.0005,0.02,0.5,0.2664582519,Yes,266.4582519,1,Exact solution,765.6252488,No,0.004322029,0.2600451011,0.1054122633,2.275197,0.053905603,10,765.6252488,0.02238966518,16,309.9910529,0.001200036536,5,239
Apartment_env.dae,around_wall,TRRT,No,7,42,340,0.0005,0.02,0.5,0.2664582519,Yes,266.4582519,1,Exact solution,481.1761413,No,0.003206891,0.1929501848,0.07821456968,2.275197,0.053905603,10,481.1761413,0.02224108151,12,301.2628132,0.004901640621,9,153
Apartment_env.dae,around_wall,TRRT,No,8,42,340,0.0005,0.02,0.5,0.2664582519,Yes,266.4582519,1,Exact solution,506.6090562,No,0.001298797,0.07814519458,0.0316770506,2.275197,0.053905603,10,506.6090562,0.003027446979,8,335.5951692,0.0003259540192,6,39
Apartment_env.dae,around_wall,TRRT,No,9,42,340,0.0005,0.02,0.5,0.2664582519,Yes,266.4582519,1,Exact solution,631.0789051,No,0.004974666,0.2993125504,0.1213297741,2.275197,0.053905603,10,631.0789051,0.007200140067,12,308.2685637,0.0004383738983,5,341
Apartment_env.dae,around_wall,TRRT,No,10,42,340,0.0005,0.02,0.5,0.2664582519,Yes,266.4582519,1,Exact solution,585.6419043,No,0.0073179,0.4402987683,0.178480154,2.275197,0.053905603,10,585.6419043,0.0502039166,16,320.5267222,9.992285146e-05,4,598
Apartment_env.dae,around_wall,TRRT,No,1,42,340,0.0005,0.05,0.05,0.2664582519,Yes,26.64582519,1,Exact solution,429.2858746,No,0.003067672,0.1792607216,0.07313820313,2.874241,0.067796526,10,429.2858746,0.03235574015,18,320.3662808,0.0001014812417,4,305
Apartment_env.dae,around_wall,TRRT,No,2,42,340,0.0005,0.05,0.05,0.2664582519,Yes,26.64582519,1,Exact solution,516.7371568,No,0.002010705,0.1174964042,0.04793842064,2.874241,0.067796526,10,516.7371568,0.03225329386,21,301.4797729,0.001185667254,6,197
Apartment_env.dae,around_wall,TRRT,No,3,42,340,0.0005,0.05,0.05,0.2664582519,Yes,26.64582519,1,Exact solution,369.9805426,No,0.000481899,0.02815997359,0.01148924231,2.874241,0.067796526,10,369.9805426,0.01321835793,15,318.3444467,0.0002740913935,5,54
Apartment_env.dae,around_wall,TRRT,No,4,42,340,0.0005,0.05,0.05,0.2664582519,Yes,26.64582519,1,Exact solution,474.7478628,No,0.005096546,0.2978188391,0.1215098018,2.874241,0.067796526,10,474.7478628,0.03278809316,20,329.5223751,0.0001488607653,5,501
Apartment_env.dae,around_wall,TRRT,No,5,42,340,0.0005,0.05,0.05,0.2664582519,Yes,26.64582519,1,Exact solution,727.452606,No,0.006397192,0.3738226428,0.152519281,2.874241,0.067796526,10,727.452606,0.058092159,30,416.6159131,0.02294848358,7,589
Apartment_env.dae,around_wall,TRRT,No,6,42,340,0.0005,0.05,0.05,0.2664582519,Yes,26.64582519,1,Exact solution,386.6459574,No,0.000772998,0.0451704678,0.0184295077,2.874241,0.067796526,10,386.6459574,0.0117883713,16,297.0291914,0.001262517639,7,92
Apartment_env.dae,around_wall,TRRT,No,7,42,340,0.0005,0.05,0.05,0.2664582519,Yes,26.64582519,1,Exact solution,564.1691707,No,0.012441076,0.7269995819,0.2966151347,2.874241,0.067796526,10,564.1691707,0.05190841925,24,323.5086059,0.0001372727893,5,1175
Apartment_env.dae,around_wall,TRRT,No,8,42,340,0.0005,0.05,0.05,0.2664582519,Yes,26.64582519,1,Exact solution,389.5628194,No,0.000638529,0.03731271444,0.01522355183,2.874241,0.067796526,10,389.5628194,0.01317188069,16,320.7576449,0.0001460939045,5,54
Apartment_env.dae,around_wall,TRRT,No,9,42,340,0.0005,0.05,0.05,0.2664582519,Yes,26.64582519,1,Exact solution,508.8494528,No,0.007177721,0.4194331878,0.1711283398,2.874241,0.067796526,10,508.8494528,0.06160072875,23,304.7703749,0.0006129643644,6,669
Apartment_env.dae,around_wall,TRRT,No,10,42,340,0.0005,0.05,0.05,0.2664582519,Yes,26.64582519,1,Exact solution,538.7758774,No,0.01110228,0.6487664667,0.2646960985,2.874241,0.067796526,10,538.7758774,0.05711538497,24,323.2882268,0.0001289432341,5,972
Apartment_env.dae,around_wall,TRRT,No,1,42,340,0.0005,0.05,0.2,0.2664582519,Yes,106.5833008,1,Exact solution,504.4843649,No,0.00367641,0.2555615071,0.1010018724,1.555172,0.037474938,10,504.4843649,0.009648751716,11,319.8590199,0.0001193953523,5,217
Apartment_env.dae,around_wall,TRRT,No,2,42,340,0.0005,0.05,0.2,0.2664582519,Yes,106.5833008,1,Exact solution,447.7478494,No,0.000678539,0.04716787558,0.0186414762,1.555172,0.037474938,10,447.7478494,0.002996294498,7,326.0413694,0.0002074874598,5,19
Apartment_env.dae,around_wall,TRRT,No,3,42,340,0.0005,0.05,0.2,0.2664582519,Yes,106.5833008,1,Exact solution,554.8375118,No,0.003090542,0.2148355519,0.08490634309,1.555172,0.037474938,10,554.8375118,0.00867872971,12,315.9314974,0.0006718865815,5,161
Apartment_env.dae,around_wall,TRRT,No,4,42,340,0.0005,0.05,0.2,0.2664582519,Yes,106.5833008,1,Exact solution,577.6303039,No,0.001724975,0.1199096974,0.04739017272,1.555172,0.037474938,10,577.6303039,0.006639578481,11,324.9459502,0.0006421686465,6,114
Apartment_env.dae,around_wall,TRRT,No,5,42,340,0.0005,0.05,0.2,0.2664582519,Yes,106.5833008,1,Exact solution,361.5897273,No,0.000528528,0.0367400296,0.01452022969,1.555172,0.037474938,10,361.5897273,0.0006753188392,5,296.2248974,0.002184971391,8,17
Apartment_env.dae,around_wall,TRRT,No,6,42,340,0.0005,0.05,0.2,0.2664582519,Yes,106.5833008,1,Exact solution,661.6474408,No,0.002194344,0.1525373556,0.06028512944,1.555172,0.037474938,10,661.6474408,0.006763046033,12,301.6423477,0.0004366771814,5,133
Apartment_env.dae,around_wall,TRRT,No,7,42,340,0.0005,0.05,0.2,0.2664582519,Yes,106.5833008,1,Exact solution,838.9404741,No,0.001965504,0.1366298004,0.0539982168,1.555172,0.037474938,10,838.9404741,0.005258302888,12,676.4397599,0.09076510173,6,130
Apartment_env.dae,around_wall,TRRT,No,8,42,340,0.0005,0.05,0.2,0.2664582519,Yes,106.5833008,1,Exact solution,431.9307007,No,0.00368305,0.2560230792,0.1011842929,1.555172,0.037474938,10,431.9307007,0.009066557771,9,315.512525,0.001078964237,6,239
Apartment_env.dae,around_wall,TRRT,No,9,42,340,0.0005,0.05,0.2,0.2664582519,Yes,106.5833008,1,Exact solution,869.8335415,No,0.003972899,0.2761716065,0.1091473035,1.555172,0.037474938,10,869.8335415,0.02102171857,17,320.4259014,0.0006948337286,6,300
Apartment_env.dae,around_wall,TRRT,No,10,42,340,0.0005,0.05,0.2,0.2664582519,Yes,106.5833008,1,Exact solution,436.2493577,No,0.000857318,0.05959549673,0.02355306488,1.555172,0.037474938,10,436.2493577,0.001283215612,7,335.5739368,0.0005246468561,6,54
Apartment_env.dae,around_wall,TRRT,No,1,42,340,0.0005,0.05,0.5,0.2664582519,Yes,266.4582519,1,Exact solution,746.2614172,No,0.001862055,0.1329902919,0.05486271736,1.777725,0.041611257,10,746.2614172,0.01277706468,15,319.0188807,0.001225795996,8,93
Apartment_env.dae,around_wall,TRRT,No,2,42,340,0.0005,0.05,0.5,0.2664582519,Yes,266.4582519,1,Exact solution,568.9123692,No,0.001745095,0.1246368627,0.05141666264,1.777725,0.041611257,10,568.9123692,0.00798524422,12,308.1494071,0.0007377035091,6,50
Apartment_env.dae,around_wall,TRRT,No,3,42,340,0.0005,0.05,0.5,0.2664582519,Yes,266.4582519,1,Exact solution,428.7464014,No,0.002377413,0.1697978034,0.07004698436,1.777725,0.041611257,10,428.7464014,0.003149848245,8,306.8487449,0.0004060518256,5,94
Apartment_env.dae,around_wall,TRRT,No,4,42,340,0.0005,0.05,0.5,0.2664582519,Yes,266.4582519,1,Exact solution,513.8660475,No,0.002509403,0.179224694,0.07393587597,1.777725,0.041611257,10,513.8660475,0.007470428631,8,301.1942876,0.0006339666852,5,159
Apartment_env.dae,around_wall,TRRT,No,5,42,340,0.0005,0.05,0.5,0.2664582519,Yes,266.4582519,1,Exact solution,752.9765112,No,0.002276014,0.1625557603,0.06705941166,1.777725,0.041611257,10,752.9765112,0.003252071766,12,306.5606214,0.0002179482498,6,107
Apartment_env.dae,around_wall,TRRT,No,6,42,340,0.0005,0.05,0.5,0.2664582519,Yes,266.4582519,1,Exact solution,592.9792694,No,0.003333461,0.2380799447,0.09821553534,1.777725,0.041611257,10,592.9792694,0.01249880674,12,329.5065878,0.0002659436955,6,193
Apartment_env.dae,around_wall,TRRT,No,7,42,340,0.0005,0.05,0.5,0.2664582519,Yes,266.4582519,1,Exact solution,498.4470105,No,0.003316961,0.2369014941,0.09772938706,1.777725,0.041611257,10,498.4470105,0.009828280225,11,305.2772918,0.0006030297865,6,263
Apartment_env.dae,around_wall,TRRT,No,8,42,340,0.0005,0.05,0.5,0.2664582519,Yes,266.4582519,1,Exact solution,855.7028762,No,0.00359081,0.2564601315,0.1057979459,1.777725,0.041611257,10,855.7028762,0.01719597428,18,302.0041658,0.002534172413,7,259
Apartment_env.dae,around_wall,TRRT,No,9,42,340,0.0005,0.05,0.5,0.2664582519,Yes,266.4582519,1,Exact solution,729.3605772,No,0.001473686,0.1052524933,0.04341999484,1.777725,0.041611257,10,729.3605772,0.01012413931,13,320.8567228,0.0007637666191,7,87
Apartment_env.dae,around_wall,TRRT,No,10,42,340,0.0005,0.05,0.5,0.2664582519,Yes,266.4582519,1,Exact solution,652.5584739,No,0.002405804,0.1718255241,0.0708834835,1.777725,0.041611257,10,652.5584739,0.004333479136,12,430.9425165,0.0004765716447,7,122
Apartment_env.dae,around_wall,TRRT,No,1,42,340,0.0005,0.15,0.05,0.2664582519,Yes,26.64582519,1,Exact solution,433.3663094,No,0.000613959,0.04221136929,0.01727623575,2.033311,0.04785727,10,433.3663094,0.02131496088,19,328.9216106,0.0001781253936,5,36
Apartment_env.dae,around_wall,TRRT,No,2,42,340,0.0005,0.15,0.05,0.2664582519,Yes,26.64582519,1,Exact solution,624.2416305,No,0.003968439,0.2728410922,0.1116681859,2.033311,0.04785727,10,624.2416305,0.0591943094,27,433.8950437,0.0006012754957,8,408
Apartment_env.dae,around_wall,TRRT,No,3,42,340,0.0005,0.15,0.05,0.2664582519,Yes,26.64582519,1,Exact solution,346.247738,No,0.00023867,0.01640921871,0.00671595202,2.033311,0.04785727,10,346.247738,0.006886561783,14,319.1548649,9.81708439e-05,4,23
Apartment_env.dae,around_wall,TRRT,No,4,42,340,0.0005,0.15,0.05,0.2664582519,Yes,26.64582519,1,Exact solution,483.4619327,No,0.008106718,0.5573591514,0.2281155115,2.033311,0.04785727,10,483.4619327,0.04617856112,21,296.4597115,0.0005896830472,6,820
Apartment_env.dae,around_wall,TRRT,No,5,42,340,0.0005,0.15,0.05,0.2664582519,Yes,26.64582519,1,Exact solution,818.6462637,No,0.002215164,0.1522986155,0.06233265655,2.033311,0.04785727,10,818.6462637,0.04975354997,33,414.3450737,0.01519484219,9,224
Apartment_env.dae,around_wall,TRRT,No,6,42,340,0.0005,0.15,0.05,0.2664582519,Yes,26.64582519,1,Exact solution,392.1718611,No,0.000377189,0.02593278081,0.01061374796,2.033311,0.04785727,10,392.1718611,0.01890426883,16,322.5683168,0.0001116597072,5,36
Apartment_env.dae,around_wall,TRRT,No,7,42,340,0.0005,0.15,0.05,0.2664582519,Yes,26.64582519,1,Exact solution,612.8233387,No,0.008157378,0.5608421657,0.2295410368,2.033311,0.04785727,10,612.8233387,0.04750927815,26,332.9793043,0.0002875152043,6,672
Apartment_env.dae,around_wall,TRRT,No,8,42,340,0.0005,0.15,0.05,0.2664582519,Yes,26.64582519,1,Exact solution,425.9409265,No,0.000335599,0.02307335396,0.00944344401,2.033311,0.04785727,10,425.9409265,0.01825263407,17,326.2462668,0.0004774078677,5,30
Apartment_env.dae,around_wall,TRRT,No,9,42,340,0.0005,0.15,0.05,0.2664582519,Yes,26.64582519,1,Exact solution,410.2583281,No,0.000795507,0.05469329345,0.02238482777,2.033311,0.04785727,10,410.2583281,0.0356641874,17,317.214191,9.881261407e-05,4,39
Apartment_env.dae,around_wall,TRRT,No,10,42,340,0.0005,0.15,0.05,0.2664582519,Yes,26.64582519,1,Exact solution,375.8672512,No,0.004765627,0.327649959,0.1341003154,2.033311,0.04785727,10,375.8672512,0.009109210793,16,322.4493205,0.0001024905704,4,421
Apartment_env.dae,around_wall,TRRT,No,1,42,340,0.0005,0.15,0.2,0.2664582519,Yes,106.5833008,1,Exact solution,459.8012736,No,0.001258816,0.09360969261,0.03979166536,1.456575,0.033365809,10,459.8012736,0.003616164066,9,304.6051299,0.0005854788485,6,65
Apartment_env.dae,around_wall,TRRT,No,2,42,340,0.0005,0.15,0.2,0.2664582519,Yes,106.5833008,1,Exact solution,459.4115455,No,0.000766328,0.05698666725,0.02422392735,1.456575,0.033365809,10,459.4115455,0.0008111894722,6,306.1172273,0.003376556274,6,15
Apartment_env.dae,around_wall,TRRT,No,3,42,340,0.0005,0.15,0.2,0.2664582519,Yes,106.5833008,1,Exact solution,403.2594469,No,0.001010397,0.07513643979,0.03193904376,1.456575,0.033365809,10,403.2594469,0.003924801948,8,325.376449,0.0001978131639,5,25
Apartment_env.dae,around_wall,TRRT,No,4,42,340,0.0005,0.15,0.2,0.2664582519,Yes,106.5833008,1,Exact solution,645.1212648,No,0.001184567,0.08808829309,0.03744462548,1.456575,0.033365809,10,645.1212648,0.004436368,10,327.7623195,0.0005372621614,6,40
Apartment_env.dae,around_wall,TRRT,No,5,42,340,0.0005,0.15,0.2,0.2664582519,Yes,106.5833008,1,Exact solution,579.7213383,No,0.002726373,0.2027420516,0.08618171525,1.456575,0.033365809,10,579.7213383,0.004048218251,10,339.4979147,0.0001201707303,4,171
Apartment_env.dae,around_wall,TRRT,No,6,42,340,0.0005,0.15,0.2,0.2664582519,Yes,106.5833008,1,Exact solution,380.4913283,No,0.000533508,0.0396734073,0.01686439623,1.456575,0.033365809,10,380.4913283,0.0004069931102,5,326.9283172,0.0001712612339,5,8
Apartment_env.dae,around_wall,TRRT,No,7,42,340,0.0005,0.15,0.2,0.2664582519,Yes,106.5833008,1,Exact solution,359.3643466,No,0.000477399,0.03550095776,0.01509076883,1.456575,0.033365809,10,359.3643466,0.0002206008558,5,323.4063611,0.0001417817107,5,7
Apartment_env.dae,around_wall,TRRT,No,8,42,340,0.0005,0.15,0.2,0.2664582519,Yes,106.5833008,1,Exact solution,508.7482637,No,0.001915745,0.1424610909,0.0605574476,1.456575,0.033365809,10,508.7482637,0.005910764263,9,306.1744549,0.0007413096868,7,106
Apartment_env.dae,around_wall,TRRT,No,9,42,340,0.0005,0.15,0.2,0.2664582519,Yes,106.5833008,1,Exact solution,513.057345,No,0.000952507,0.07083154924,0.03010911825,1.456575,0.033365809,10,513.057345,0.005960732886,10,310.5952994,0.0005720718496,6,46
Apartment_env.dae,around_wall,TRRT,No,10,42,340,0.0005,0.15,0.2,0.2664582519,Yes,106.5833008,1,Exact solution,495.0736937,No,0.008761647,0.6515448504,0.2769590833,1.456575,0.033365809,10,495.0736937,0.01180683586,11,297.9669037,0.001071335974,7,670
Apartment_env.dae,around_wall,TRRT,No,1,42,340,0.0005,0.15,0.5,0.2664582519,Yes,266.4582519,1,Exact solution,835.442021,No,0.002965882,0.1999855145,0.08069747962,2.333817,0.055466019,10,835.442021,0.009341090781,13,457.9431795,0.004875884767,6,127
Apartment_env.dae,around_wall,TRRT,No,2,42,340,0.0005,0.15,0.5,0.2664582519,Yes,266.4582519,1,Exact solution,419.2496571,No,0.006121563,0.4127689253,0.1665591232,2.333817,0.055466019,10,419.2496571,0.003481265833,9,325.9799687,0.0003086967549,6,341
Apartment_env.dae,around_wall,TRRT,No,3,42,340,0.0005,0.15,0.5,0.2664582519,Yes,266.4582519,1,Exact solution,767.4144447,No,0.001745136,0.1176722205,0.04748269715,2.333817,0.055466019,10,767.4144447,0.006119476254,14,306.9528462,0.0009996241695,7,79
Apartment_env.dae,around_wall,TRRT,No,4,42,340,0.0005,0.15,0.5,0.2664582519,Yes,266.4582519,1,Exact solution,596.1843609,No,0.002197603,0.148181474,0.05979368812,2.333817,0.055466019,10,596.1843609,0.008733440729,11,396.3370246,0.0002395335358,4,85
Apartment_env.dae,around_wall,TRRT,No,5,42,340,0.0005,0.15,0.5,0.2664582519,Yes,266.4582519,1,Exact solution,893.0507653,No,0.006520452,0.4396654849,0.1774123321,2.333817,0.055466019,10,893.0507653,0.01536999179,16,434.3587343,0.00150364706,8,480
Apartment_env.dae,around_wall,TRRT,No,6,42,340,0.0005,0.15,0.5,0.2664582519,Yes,266.4582519,1,Exact solution,810.9426777,No,0.00393036,0.2650189949,0.1069395701,2.333817,0.055466019,10,810.9426777,0.02869595511,18,402.3654065,0.001279419366,8,191
Apartment_env.dae,around_wall,TRRT,No,7,42,340,0.0005,0.15,0.5,0.2664582519,Yes,266.4582519,1,Exact solution,494.9285884,No,0.001011967,0.06823560112,0.02753419939,2.333817,0.055466019,10,494.9285884,0.003541846245,7,306.8925577,0.001271539212,7,13
Apartment_env.dae,around_wall,TRRT,No,8,42,340,0.0005,0.15,0.5,0.2664582519,Yes,266.4582519,1,Exact solution,580.2488185,No,0.004176299,0.2816023375,0.1136312245,2.333817,0.055466019,10,580.2488185,0.01078215416,13,304.9886533,0.0005194805951,6,238
Apartment_env.dae,around_wall,TRRT,No,9,42,340,0.0005,0.15,0.5,0.2664582519,Yes,266.4582519,1,Exact solution,614.6306368,No,0.002657383,0.1791838335,0.07230365554,2.333817,0.055466019,10,614.6306368,0.002498172699,10,358.1189393,0.001242439554,6,154
Apartment_env.dae,around_wall,TRRT,No,10,42,340,0.0005,0.15,0.5,0.2664582519,Yes,266.4582519,1,Exact solution,432.135951,No,0.003284991,0.2215026138,0.08937998689,2.333817,0.055466019,10,432.135951,0.006255886715,8,307.7598913,0.001729486009,8,186
Apartment_env.dae,around_wall,RRTstar,Yes,1,42,340,0.0005,0.02,0.05,0.2664582519,Yes,26.64582519,1,Exact solution,334.6824507,No,0.321086317,13.14943408,4.987030336,110.907946,2.743061379,10,334.6824507,0.01588933107,17,296.0468749,0.0004894282715,6,3264
Apartment_env.dae,around_wall,RRTstar,Yes,2,42,340,0.0005,0.02,0.05,0.2664582519,Yes,26.64582519,1,Exact solution,337.9324417,No,0.259607595,10.63169863,4.032158592,110.907946,2.743061379,10,337.9324417,0.02120791177,18,294.8313635,0.003238197236,7,2719
Apartment_env.dae,around_wall,RRTstar,Yes,3,42,340,0.0005,0.02,0.05,0.2664582519,Yes,26.64582519,1,Exact solution,339.0884949,No,0.199125359,8.154772232,3.092764012,110.907946,2.743061379,10,339.0884949,0.01437806776,17,299.5062062,0.0004025639621,5,2236
Apartment_env.dae,around_wall,RRTstar,Yes,4,42,340,0.0005,0.02,0.05,0.2664582519,Yes,26.64582519,1,Exact solution,339.3511625,No,0.341734381,13.99503335,5.307730771,110.907946,2.743061379,10,339.3511625,0.0161647991,18,297.7490329,0.001507547019,7,3409
Apartment_env.dae,around_wall,RRTstar,Yes,5,42,340,0.0005,0.02,0.05,0.2664582519,Yes,26.64582519,1,Exact solution,332.498806,No,0.15106127,6.18640567,2.346244907,110.907946,2.743061379,10,332.498806,0.01375567892,16,302.5823544,0.0008662523426,7,1824
Apartment_env.dae,around_wall,RRTstar,Yes,6,42,340,0.0005,0.02,0.05,0.2664582519,Yes,26.64582519,1,Exact solution,339.7880742,No,0.264165743,10.81836827,4.102954578,110.907946,2.743061379,10,339.7880742,0.007630956474,17,313.7348161,0.0002282336927,5,2821
Apartment_env.dae,around_wall,RRTstar,Yes,7,42,340,0.0005,0.02,0.05,0.2664582519,Yes,26.64582519,1,Exact solution,338.5136452,No,0.311863743,12.77174241,4.843787682,110.907946,2.743061379,10,338.5136452,0.01609734891,17,301.3434141,0.001219418719,8,3170
Apartment_env.dae,around_wall,RRTstar,Yes,8,42,340,0.0005,0.02,0.05,0.2664582519,Yes,26.64582519,1,Exact solution,328.4177932,No,0.170143918,6.967896529,2.642631703,110.907946,2.743061379,10,328.4177932,0.008128111459,16,298.0771687,0.0006804992254,6,1971
Apartment_env.dae,around_wall,RRTstar,Yes,9,42,340,0.0005,0.02,0.05,0.2664582519,Yes,26.64582519,1,Exact solution,323.5161038,No,0.304646192,12.47616235,4.731686531,110.907946,2.743061379,10,323.5161038,0.01197832577,16,298.2072057,0.0004207147713,5,3085
Apartment_env.dae,around_wall,RRTstar,Yes,10,42,340,0.0005,0.02,0.05,0.2664582519,Yes,26.64582519,1,Exact solution,336.637089,No,0.384744685,15.75643248,5.975755783,110.907946,2.743061379,10,336.637089,0.01587808362,17,297.6900471,0.0002927668452,5,3728
Apartment_env.dae,around_wall,RRTstar,Yes,1,42,340,0.0005,0.02,0.2,0.2664582519,Yes,106.5833008,1,Exact solution,338.1882011,No,0.000581678,0.02378717721,0.008531245047,12.069444,0.308421722,10,338.1882011,0.0006044121253,5,315.47568,0.002409393024,7,16
Apartment_env.dae,around_wall,RRTstar,Yes,2,42,340,0.0005,0.02,0.2,0.2664582519,Yes,106.5833008,1,Exact solution,339.6006964,No,0.002961292,0.1210992638,0.0434321183,12.069444,0.308421722,10,339.6006964,0.0008594129324,6,307.5606476,0.000699371358,6,79
Apartment_env.dae,around_wall,RRTstar,Yes,3,42,340,0.0005,0.02,0.2,0.2664582519,Yes,106.5833008,1,Exact solution,336.9442213,No,0.006338953,0.2592255481,0.09297095882,12.069444,0.308421722,10,336.9442213,0.001242065985,7,298.6844761,0.00188243342,7,146
Apartment_env.dae,around_wall,RRTstar,Yes,4,42,340,0.0005,0.02,0.2,0.2664582519,Yes,106.5833008,1,Exact solution,323.0849373,No,0.017087423,0.6987741655,0.2506145889,12.069444,0.308421722,10,323.0849373,0.0006839717873,6,296.7062676,0.0004677022001,6,257
Apartment_env.dae,around_wall,RRTstar,Yes,5,42,340,0.0005,0.02,0.2,0.2664582519,Yes,106.5833008,1,Exact solution,315.9853269,No,0.079763944,3.261871811,1.169866751,12.069444,0.308421722,10,315.9853269,0.0004985678656,5,303.3483486,0.000690089101,5,726
Apartment_env.dae,around_wall,RRTstar,Yes,6,42,340,0.0005,0.02,0.2,0.2664582519,Yes,106.5833008,1,Exact solution,330.9094249,No,0.032250312,1.318846315,0.4730027859,12.069444,0.308421722,10,330.9094249,0.0004793902327,5,301.1415707,0.00219238023,9,411
Apartment_env.dae,around_wall,RRTstar,Yes,7,42,340,0.0005,0.02,0.2,0.2664582519,Yes,106.5833008,1,Exact solution,330.5451563,No,0.07736834,3.163905828,1.134731359,12.069444,0.308421722,10,330.5451563,0.0002417350376,6,326.2947774,0.000145074965,5,723
Apartment_env.dae,around_wall,RRTstar,Yes,8,42,340,0.0005,0.02,0.2,0.2664582519,Yes,106.5833008,1,Exact solution,326.5867776,No,0.044457759,1.818058431,0.6520446643,12.069444,0.308421722,10,326.5867776,0.0003166266803,6,320.8200321,0.0001106665524,5,508
Apartment_env.dae,around_wall,RRTstar,Yes,9,42,340,0.0005,0.02,0.2,0.2664582519,Yes,106.5833008,1,Exact solution,339.4332624,No,0.015973616,0.653226071,0.2342788147,12.069444,0.308421722,10,339.4332624,0.001088877282,6,310.4489608,0.0003474813565,5,249
Apartment_env.dae,around_wall,RRTstar,Yes,10,42,340,0.0005,0.02,0.2,0.2664582519,Yes,106.5833008,1,Exact solution,312.9298531,No,0.01835595,0.7506493895,0.2692195811,12.069444,0.308421722,10,312.9298531,0.0004299555064,5,312.9008208,0.0001835316154,4,297
Apartment_env.dae,around_wall,RRTstar,Yes,1,42,340,0.0005,0.02,0.5,0.2664582519,Yes,266.4582519,1,Exact solution,336.1886373,No,0.030354288,1.2462224,0.4608930882,14.813626,0.371945649,10,336.1886373,0.0001162979415,4,336.1886373,0.0001162979415,4,230
Apartment_env.dae,around_wall,RRTstar,Yes,2,42,340,0.0005,0.02,0.5,0.2664582519,Yes,266.4582519,1,Exact solution,335.7277344,No,0.008196888,0.3365305566,0.1244598135,14.813626,0.371945649,10,335.7277344,0.0003608956601,5,306.3964535,0.0004044432878,6,100
Apartment_env.dae,around_wall,RRTstar,Yes,3,42,340,0.0005,0.02,0.5,0.2664582519,Yes,266.4582519,1,Exact solution,323.111575,No,0.027195806,1.116548101,0.4129353656,14.813626,0.371945649,10,323.111575,0.0005481534261,5,299.3656168,0.001300262461,7,241
Apartment_env.dae,around_wall,RRTstar,Yes,4,42,340,0.0005,0.02,0.5,0.2664582519,Yes,266.4582519,1,Exact solution,319.2526385,No,0.012336597,0.5064900063,0.1873162793,14.813626,0.371945649,10,319.2526385,0.0005042437769,5,300.2614199,0.0005543378268,6,147
Apartment_env.dae,around_wall,RRTstar,Yes,5,42,340,0.0005,0.02,0.5,0.2664582519,Yes,266.4582519,1,Exact solution,325.0426886,No,0.004992036,0.2049524958,0.07579801867,14.813626,0.371945649,10,325.0426886,0.0005454131094,5,304.5752147,0.000516729379,5,78
Apartment_env.dae,around_wall,RRTstar,Yes,6,42,340,0.0005,0.02,0.5,0.2664582519,Yes,266.4582519,1,Exact solution,317.2217327,No,0.021165943,0.8689866908,0.3213792013,14.813626,0.371945649,10,317.2217327,0.0004451915169,5,299.349196,0.001023464556,7,231
Apartment_env.dae,around_wall,RRTstar,Yes,7,42,340,0.0005,0.02,0.5,0.2664582519,Yes,266.4582519,1,Exact solution,311.5560253,No,0.092661718,3.804309578,1.406955926,14.813626,0.371945649,10,311.5560253,0.0004473768606,5,301.27019,0.0004542825804,5,502
Apartment_env.dae,around_wall,RRTstar,Yes,8,42,340,0.0005,0.02,0.5,0.2664582519,Yes,266.4582519,1,Exact solution,318.7746763,No,0.01855193,0.7616660528,0.2816885809,14.813626,0.371945649,10,318.7746763,0.0002035790701,4,303.8211289,0.0002844158103,5,198
Apartment_env.dae,around_wall,RRTstar,Yes,9,42,340,0.0005,0.02,0.5,0.2664582519,Yes,266.4582519,1,Exact solution,320.4017928,No,0.099788069,4.096888283,1.515160932,14.813626,0.371945649,10,320.4017928,0.0002170095767,4,320.4017928,0.0002170095767,4,662
Apartment_env.dae,around_wall,RRTstar,Yes,10,42,340,0.0005,0.02,0.5,0.2664582519,Yes,266.4582519,1,Exact solution,328.596263,No,0.045572796,1.871031836,0.6919676946,14.813626,0.371945649,10,328.596263,0.001629834653,7,311.2814761,0.0007583996826,7,327
Apartment_env.dae,around_wall,RRTstar,Yes,1,42,340,0.0005,0.05,0.05,0.2664582519,Yes,26.64582519,1,Exact solution,339.9589259,No,0.326240294,13.27966396,4.990231257,119.582805,2.974187292,10,339.9589259,0.0226113651,18,301.3287085,0.0007195766434,7,3296
Apartment_env.dae,around_wall,RRTstar,Yes,2,42,340,0.0005,0.05,0.05,0.2664582519,Yes,26.64582519,1,Exact solution,338.738756,No,0.263354814,10.71990032,4.028323444,119.582805,2.974187292,10,338.738756,0.01369629674,16,300.6779975,0.0005465939692,6,2818
Apartment_env.dae,around_wall,RRTstar,Yes,3,42,340,0.0005,0.05,0.05,0.2664582519,Yes,26.64582519,1,Exact solution,332.3872216,No,0.25043211,10.19387957,3.830655398,119.582805,2.974187292,10,332.3872216,0.01570619618,17,294.9973096,0.00173535321,7,2697
Apartment_env.dae,around_wall,RRTstar,Yes,4,42,340,0.0005,0.05,0.05,0.2664582519,Yes,26.64582519,1,Exact solution,337.4621241,No,0.201847251,8.216225018,3.087492501,119.582805,2.974187292,10,337.4621241,0.01386631904,16,299.4579,0.0005017491661,6,2280
Apartment_env.dae,around_wall,RRTstar,Yes,5,42,340,0.0005,0.05,0.05,0.2664582519,Yes,26.64582519,1,Exact solution,338.9641185,No,0.281929104,11.4759698,4.312439184,119.582805,2.974187292,10,338.9641185,0.02944422341,18,301.6728739,0.0005717732383,6,2920
Apartment_env.dae,around_wall,RRTstar,Yes,6,42,340,0.0005,0.05,0.05,0.2664582519,Yes,26.64582519,1,Exact solution,338.0270137,No,0.337671213,13.74496137,5.165080687,119.582805,2.974187292,10,338.0270137,0.01853514028,17,301.2632522,0.0009245199619,7,3357
Apartment_env.dae,around_wall,RRTstar,Yes,7,42,340,0.0005,0.05,0.05,0.2664582519,Yes,26.64582519,1,Exact solution,338.6122979,No,0.262610837,10.68961662,4.016943435,119.582805,2.974187292,10,338.6122979,0.01094018191,17,302.6950089,0.000297515165,6,2789
Apartment_env.dae,around_wall,RRTstar,Yes,8,42,340,0.0005,0.05,0.05,0.2664582519,Yes,26.64582519,1,Exact solution,333.1726912,No,0.370062144,15.06343946,5.660538297,119.582805,2.974187292,10,333.1726912,0.01592824803,18,295.9074183,0.0006854878777,7,3576
Apartment_env.dae,around_wall,RRTstar,Yes,9,42,340,0.0005,0.05,0.05,0.2664582519,Yes,26.64582519,1,Exact solution,339.4976624,No,0.441593981,17.97515446,6.75470237,119.582805,2.974187292,10,339.4976624,0.02868229162,19,303.5762954,0.002218536291,7,4165
Apartment_env.dae,around_wall,RRTstar,Yes,10,42,340,0.0005,0.05,0.05,0.2664582519,Yes,26.64582519,1,Exact solution,337.054836,No,0.202038121,8.223994412,3.090412083,119.582805,2.974187292,10,337.054836,0.01380701785,17,301.1981248,0.0008332534874,7,2272
Apartment_env.dae,around_wall,RRTstar,Yes,1,42,340,0.0005,0.05,0.2,0.2664582519,Yes,106.5833008,1,Exact solution,326.745315,No,0.024918083,1.041805951,0.3754685277,8.582503,0.218717326,10,326.745315,0.001003078357,6,299.7616399,0.001755337593,8,339
Apartment_env.dae,around_wall,RRTstar,Yes,2,42,340,0.0005,0.05,0.2,0.2664582519,Yes,106.5833008,1,Exact solution,338.6364903,No,0.044673668,1.867771817,0.6731479445,8.582503,0.218717326,10,338.6364903,0.0008428300969,6,303.7641349,0.001030719226,7,487
Apartment_env.dae,around_wall,RRTstar,Yes,3,42,340,0.0005,0.05,0.2,0.2664582519,Yes,106.5833008,1,Exact solution,319.3327471,No,0.017330853,0.7245896799,0.2611432774,8.582503,0.218717326,10,319.3327471,0.001716516368,6,305.8084394,0.0001997022062,5,250
Apartment_env.dae,around_wall,RRTstar,Yes,4,42,340,0.0005,0.05,0.2,0.2664582519,Yes,106.5833008,1,Exact solution,335.0461852,No,0.021692861,0.9069618909,0.3268705134,8.582503,0.218717326,10,335.0461852,0.0002915439595,5,334.4621469,0.0001224838888,4,304
Apartment_env.dae,around_wall,RRTstar,Yes,5,42,340,0.0005,0.05,0.2,0.2664582519,Yes,106.5833008,1,Exact solution,331.3151722,No,0.018545809,0.775386059,0.2794503735,8.582503,0.218717326,10,331.3151722,0.001336760356,6,310.4999593,0.00787527755,6,261
Apartment_env.dae,around_wall,RRTstar,Yes,6,42,340,0.0005,0.05,0.2,0.2664582519,Yes,106.5833008,1,Exact solution,329.1648323,No,0.019799876,0.8278176391,0.2983467986,8.582503,0.218717326,10,329.1648323,0.0002509946789,6,322.3049785,0.0001095181326,4,301
Apartment_env.dae,around_wall,RRTstar,Yes,7,42,340,0.0005,0.05,0.2,0.2664582519,Yes,106.5833008,1,Exact solution,330.3707078,No,0.00737634,0.3083991215,0.1111475357,8.582503,0.218717326,10,330.3707078,0.0007380072196,6,300.5715653,0.0006406129487,6,157
Apartment_env.dae,around_wall,RRTstar,Yes,8,42,340,0.0005,0.05,0.2,0.2664582519,Yes,106.5833008,1,Exact solution,329.516677,No,0.007911869,0.3307891785,0.119216948,8.582503,0.218717326,10,329.516677,0.0004355970881,5,302.2860476,0.0004210894736,6,173
Apartment_env.dae,around_wall,RRTstar,Yes,9,42,340,0.0005,0.05,0.2,0.2664582519,Yes,106.5833008,1,Exact solution,318.1713687,No,0.023662056,0.9892924245,0.3565425691,8.582503,0.218717326,10,318.1713687,0.0006889535399,6,304.2193808,0.001725754401,6,321
Apartment_env.dae,around_wall,RRTstar,Yes,10,42,340,0.0005,0.05,0.2,0.2664582519,Yes,106.5833008,1,Exact solution,335.275941,No,0.019366278,0.809689239,0.2918132943,8.582503,0.218717326,10,335.275941,0.0005794611391,5,303.9689189,0.0002729498715,5,279
Apartment_env.dae,around_wall,RRTstar,Yes,1,42,340,0.0005,0.05,0.5,0.2664582519,Yes,266.4582519,1,Exact solution,329.1123008,No,0.022372409,0.9334363557,0.3460347593,8.641933,0.216682161,10,329.1123008,0.0005616540809,5,298.2566972,0.0007584721423,6,221
Apartment_env.dae,around_wall,RRTstar,Yes,2,42,340,0.0005,0.05,0.5,0.2664582519,Yes,266.4582519,1,Exact solution,328.1819488,No,0.015675397,0.6540192185,0.2424518623,8.641933,0.216682161,10,328.1819488,0.0001056970077,4,324.7885292,0.0001034877345,4,169
Apartment_env.dae,around_wall,RRTstar,Yes,3,42,340,0.0005,0.05,0.5,0.2664582519,Yes,266.4582519,1,Exact solution,318.7332689,No,0.008129798,0.3391967766,0.1257438434,8.641933,0.216682161,10,318.7332689,0.000192744102,4,317.1756004,0.0001883813375,4,103
Apartment_env.dae,around_wall,RRTstar,Yes,4,42,340,0.0005,0.05,0.5,0.2664582519,Yes,266.4582519,1,Exact solution,314.7442405,No,0.054351643,2.26769498,0.8406585854,8.641933,0.216682161,10,314.7442405,0.0001906762567,4,314.7442405,0.0001906762567,4,442
Apartment_env.dae,around_wall,RRTstar,Yes,5,42,340,0.0005,0.05,0.5,0.2664582519,Yes,266.4582519,1,Exact solution,318.8443563,No,0.020697204,0.8635423514,0.3201243104,8.641933,0.216682161,10,318.8443563,0.0002130213974,4,307.9498501,0.0002756791964,5,226
Apartment_env.dae,around_wall,RRTstar,Yes,6,42,340,0.0005,0.05,0.5,0.2664582519,Yes,266.4582519,1,Exact solution,322.0552364,No,0.013900632,0.5799713065,0.2150015158,8.641933,0.216682161,10,322.0552364,0.0003217296472,5,307.612386,0.0005701213096,6,129
Apartment_env.dae,around_wall,RRTstar,Yes,7,42,340,0.0005,0.05,0.5,0.2664582519,Yes,266.4582519,1,Exact solution,338.6730719,No,0.015539308,0.6483412238,0.2403469695,8.641933,0.216682161,10,338.6730719,0.0001170202999,4,338.6730719,0.0001170202999,4,164
Apartment_env.dae,around_wall,RRTstar,Yes,8,42,340,0.0005,0.05,0.5,0.2664582519,Yes,266.4582519,1,Exact solution,318.8777288,No,0.020451964,0.8533102869,0.3163311756,8.641933,0.216682161,10,318.8777288,0.0001590183072,4,306.0187913,0.0005790983251,5,194
Apartment_env.dae,around_wall,RRTstar,Yes,9,42,340,0.0005,0.05,0.5,0.2664582519,Yes,266.4582519,1,Exact solution,339.6256495,No,0.024114205,1.006108713,0.3729751732,8.641933,0.216682161,10,339.6256495,0.0004237129822,5,320.8512302,0.0004846535996,5,266
Apartment_env.dae,around_wall,RRTstar,Yes,10,42,340,0.0005,0.05,0.5,0.2664582519,Yes,266.4582519,1,Exact solution,338.3632822,No,0.011895498,0.4963117875,0.1839880447,8.641933,0.216682161,10,338.3632822,0.0007788572673,6,320.2508266,0.0001908306051,5,119
Apartment_env.dae,around_wall,RRTstar,Yes,1,42,340,0.0005,0.15,0.05,0.2664582519,Yes,26.64582519,1,Exact solution,334.5593776,No,0.176347241,7.297170852,2.817348004,128.592608,3.145460116,10,334.5593776,0.01758625888,16,308.8452421,0.0002771307733,5,2018
Apartment_env.dae,around_wall,RRTstar,Yes,2,42,340,0.0005,0.15,0.05,0.2664582519,Yes,26.64582519,1,Exact solution,333.8027388,No,0.408939069,16.92171784,6.533267337,128.592608,3.145460116,10,333.8027388,0.02259953594,18,297.892819,0.002407160501,8,3849
Apartment_env.dae,around_wall,RRTstar,Yes,3,42,340,0.0005,0.15,0.05,0.2664582519,Yes,26.64582519,1,Exact solution,339.3393779,No,0.33534028,13.8762325,5.357442867,128.592608,3.145460116,10,339.3393779,0.01797985095,16,302.5763953,0.0003866216071,5,3283
Apartment_env.dae,around_wall,RRTstar,Yes,4,42,340,0.0005,0.15,0.05,0.2664582519,Yes,26.64582519,1,Exact solution,335.4790584,No,0.395750935,16.37599869,6.322571878,128.592608,3.145460116,10,335.4790584,0.03113033865,17,296.648763,0.0009751917649,7,3827
Apartment_env.dae,around_wall,RRTstar,Yes,5,42,340,0.0005,0.15,0.05,0.2664582519,Yes,26.64582519,1,Exact solution,338.6829885,No,0.402054828,16.63685099,6.423283747,128.592608,3.145460116,10,338.6829885,0.01983712858,18,298.7736104,0.0005715319478,6,3842
Apartment_env.dae,around_wall,RRTstar,Yes,6,42,340,0.0005,0.15,0.05,0.2664582519,Yes,26.64582519,1,Exact solution,338.2855301,No,0.213049901,8.815910693,3.403714795,128.592608,3.145460116,10,338.2855301,0.01687581225,17,297.6876668,0.0005513387769,6,2336
Apartment_env.dae,around_wall,RRTstar,Yes,7,42,340,0.0005,0.15,0.05,0.2664582519,Yes,26.64582519,1,Exact solution,330.8882887,No,0.229745896,9.506783583,3.670452329,128.592608,3.145460116,10,330.8882887,0.05167497974,17,298.199346,0.0006200108698,7,2441
Apartment_env.dae,around_wall,RRTstar,Yes,8,42,340,0.0005,0.15,0.05,0.2664582519,Yes,26.64582519,1,Exact solution,339.1945056,No,0.27214598,11.26128031,4.347841957,128.592608,3.145460116,10,339.1945056,0.02357008383,18,303.8308337,0.0007783198999,7,2814
Apartment_env.dae,around_wall,RRTstar,Yes,9,42,340,0.0005,0.15,0.05,0.2664582519,Yes,26.64582519,1,Exact solution,338.6877527,No,0.32764635,13.55786108,5.234523573,128.592608,3.145460116,10,338.6877527,0.0174716755,17,299.5775758,0.0008183569081,6,3203
Apartment_env.dae,around_wall,RRTstar,Yes,10,42,340,0.0005,0.15,0.05,0.2664582519,Yes,26.64582519,1,Exact solution,339.500535,No,0.346615629,14.34280146,5.537579408,128.592608,3.145460116,10,339.500535,0.01235020444,17,303.5996825,0.001513483229,7,3401
Apartment_env.dae,around_wall,RRTstar,Yes,1,42,340,0.0005,0.15,0.2,0.2664582519,Yes,106.5833008,1,Exact solution,328.3292168,No,0.022424,1.055923385,0.4414718161,9.733658,0.225680058,10,328.3292168,0.0002946595909,6,323.8848578,0.0001491605775,5,301
Apartment_env.dae,around_wall,RRTstar,Yes,2,42,340,0.0005,0.15,0.2,0.2664582519,Yes,106.5833008,1,Exact solution,333.6616032,No,0.004408669,0.2075997454,0.08679553648,9.733658,0.225680058,10,333.6616032,0.000546229352,5,304.2714278,0.0006982215747,6,97
Apartment_env.dae,around_wall,RRTstar,Yes,3,42,340,0.0005,0.15,0.2,0.2664582519,Yes,106.5833008,1,Exact solution,322.9443363,No,0.021516032,1.013168094,0.4235962238,9.733658,0.225680058,10,322.9443363,0.001097909477,7,297.8796614,0.0009973038648,6,298
Apartment_env.dae,around_wall,RRTstar,Yes,4,42,340,0.0005,0.15,0.2,0.2664582519,Yes,106.5833008,1,Exact solution,333.2241916,No,0.009354015,0.4404710657,0.184156885,9.733658,0.225680058,10,333.2241916,0.001130823417,7,297.0891286,0.000490532443,6,170
Apartment_env.dae,around_wall,RRTstar,Yes,5,42,340,0.0005,0.15,0.2,0.2664582519,Yes,106.5833008,1,Exact solution,331.1380459,No,0.02556064,1.203624576,0.5032243204,9.733658,0.225680058,10,331.1380459,0.0006958853955,6,306.7206705,0.0005372836226,6,359
Apartment_env.dae,around_wall,RRTstar,Yes,6,42,340,0.0005,0.15,0.2,0.2664582519,Yes,106.5833008,1,Exact solution,321.6862873,No,0.02555435,1.203328387,0.5031004862,9.733658,0.225680058,10,321.6862873,0.0006818862745,6,296.5047179,0.001448708469,7,337
Apartment_env.dae,around_wall,RRTstar,Yes,7,42,340,0.0005,0.15,0.2,0.2664582519,Yes,106.5833008,1,Exact solution,327.6372318,No,0.008382597,0.3947279788,0.1650321228,9.733658,0.225680058,10,327.6372318,0.001164871911,6,297.7319666,0.001119119594,7,158
Apartment_env.dae,around_wall,RRTstar,Yes,8,42,340,0.0005,0.15,0.2,0.2664582519,Yes,106.5833008,1,Exact solution,337.3558,No,0.008851346,0.4168008931,0.1742606044,9.733658,0.225680058,10,337.3558,0.0007426154913,6,299.9543544,0.001003022108,7,159
Apartment_env.dae,around_wall,RRTstar,Yes,9,42,340,0.0005,0.15,0.2,0.2664582519,Yes,106.5833008,1,Exact solution,324.201866,No,0.019356758,0.9114900741,0.3810855828,9.733658,0.225680058,10,324.201866,0.0008945830749,6,307.5561244,0.0005381480687,6,286
Apartment_env.dae,around_wall,RRTstar,Yes,10,42,340,0.0005,0.15,0.2,0.2664582519,Yes,106.5833008,1,Exact solution,309.545018,No,0.061299343,2.886523802,1.206828946,9.733658,0.225680058,10,309.545018,0.0005604016904,6,296.5429614,0.0008429709517,7,630
Apartment_env.dae,around_wall,RRTstar,Yes,1,42,340,0.0005,0.15,0.5,0.2664582519,Yes,266.4582519,1,Exact solution,333.0371295,No,0.024950212,1.051340809,0.41121655,16.706442,0.405290649,10,333.0371295,0.0008681012884,6,298.08333,0.0005495078997,6,218
Apartment_env.dae,around_wall,RRTstar,Yes,2,42,340,0.0005,0.15,0.5,0.2664582519,Yes,266.4582519,1,Exact solution,334.0185071,No,0.003502261,0.1475766985,0.05772246286,16.706442,0.405290649,10,334.0185071,0.000255978369,4,334.0185071,0.000255978369,4,51
Apartment_env.dae,around_wall,RRTstar,Yes,3,42,340,0.0005,0.15,0.5,0.2664582519,Yes,266.4582519,1,Exact solution,326.2571673,No,0.009315895,0.3925489926,0.1535397856,16.706442,0.405290649,10,326.2571673,0.0007851044001,6,302.7469554,0.0005237499072,6,122
Apartment_env.dae,around_wall,RRTstar,Yes,4,42,340,0.0005,0.15,0.5,0.2664582519,Yes,266.4582519,1,Exact solution,310.9328117,No,0.018442929,0.7771398454,0.3039668615,16.706442,0.405290649,10,310.9328117,0.0001866514144,4,310.9328117,0.0001866514144,4,126
Apartment_env.dae,around_wall,RRTstar,Yes,5,42,340,0.0005,0.15,0.5,0.2664582519,Yes,266.4582519,1,Exact solution,302.027324,No,0.106101202,4.470844719,1.748705391,16.706442,0.405290649,10,302.027324,0.0006494476451,5,296.8370225,0.0008464245275,6,575
Apartment_env.dae,around_wall,RRTstar,Yes,6,42,340,0.0005,0.15,0.5,0.2664582519,Yes,266.4582519,1,Exact solution,312.7711895,No,0.064396415,2.713507166,1.061348561,16.706442,0.405290649,10,312.7711895,0.0004105588571,5,299.4496765,0.0003543781977,5,448
Apartment_env.dae,around_wall,RRTstar,Yes,7,42,340,0.0005,0.15,0.5,0.2664582519,Yes,266.4582519,1,Exact solution,329.1504625,No,0.01868001,0.787129858,0.3078743085,16.706442,0.405290649,10,329.1504625,0.0005392500133,5,308.3819639,0.0007412115762,7,198
Apartment_env.dae,around_wall,RRTstar,Yes,8,42,340,0.0005,0.15,0.5,0.2664582519,Yes,266.4582519,1,Exact solution,337.059025,No,0.047079043,1.983795535,0.7759325508,16.706442,0.405290649,10,337.059025,0.0002314678737,5,317.8478503,9.929606687e-05,4,291
Apartment_env.dae,around_wall,RRTstar,Yes,9,42,340,0.0005,0.15,0.5,0.2664582519,Yes,266.4582519,1,Exact solution,333.0029876,No,0.039464333,1.66293031,0.6504308206,16.706442,0.405290649,10,333.0029876,0.000636047058,5,302.6125511,0.0004091705432,5,288
Apartment_env.dae,around_wall,RRTstar,Yes,10,42,340,0.0005,0.15,0.5,0.2664582519,Yes,266.4582519,1,Exact solution,339.7456929,No,0.064541675,2.719628066,1.063742662,16.706442,0.405290649,10,339.7456929,0.0001565743819,4,339.7456929,0.0001565743819,4,406
Apartment_env.dae,around_wall,InformedRRTstar,Yes,1,42,340,0.0005,0.02,0.05,0.2664582519,Yes,26.64582519,1,Exact solution,337.3180238,No,0.21336204,8.731368731,3.289286973,73.959126,1.836692091,10,337.3180238,0.024450477,18,303.4753125,0.0006360004248,6,1780
Apartment_env.dae,around_wall,InformedRRTstar,Yes,2,42,340,0.0005,0.02,0.05,0.2664582519,Yes,26.64582519,1,Exact solution,337.7830879,No,0.19523941,7.989740254,3.009900205,73.959126,1.836692091,10,337.7830879,0.02642834711,18,300.3558485,0.0007046750236,6,1463
Apartment_env.dae,around_wall,InformedRRTstar,Yes,3,42,340,0.0005,0.02,0.05,0.2664582519,Yes,26.64582519,1,Exact solution,339.3425985,No,0.174914115,7.157972591,2.696556144,73.959126,1.836692091,10,339.3425985,0.01122291253,18,324.8369985,0.0002778094804,5,1416
Apartment_env.dae,around_wall,InformedRRTstar,Yes,4,42,340,0.0005,0.02,0.05,0.2664582519,Yes,26.64582519,1,Exact solution,339.918451,No,0.19523042,7.989372358,3.009761611,73.959126,1.836692091,10,339.918451,0.02183355246,18,297.1683128,0.0005637176304,7,1477
Apartment_env.dae,around_wall,InformedRRTstar,Yes,5,42,340,0.0005,0.02,0.05,0.2664582519,Yes,26.64582519,1,Exact solution,339.6991053,No,0.223948202,9.164583955,3.452488097,73.959126,1.836692091,10,339.6991053,0.02481958635,19,297.8194282,0.000499153228,6,1591
Apartment_env.dae,around_wall,InformedRRTstar,Yes,6,42,340,0.0005,0.02,0.05,0.2664582519,Yes,26.64582519,1,Exact solution,338.5663903,No,0.150586541,6.162420529,2.321511116,73.959126,1.836692091,10,338.5663903,0.01541085807,16,299.9084563,0.001094452767,8,1145
Apartment_env.dae,around_wall,InformedRRTstar,Yes,7,42,340,0.0005,0.02,0.05,0.2664582519,Yes,26.64582519,1,Exact solution,336.5042946,No,0.135260503,5.535236383,2.085237892,73.959126,1.836692091,10,336.5042946,0.02833259715,19,303.4743874,0.0004859741104,5,1306
Apartment_env.dae,around_wall,InformedRRTstar,Yes,8,42,340,0.0005,0.02,0.05,0.2664582519,Yes,26.64582519,1,Exact solution,339.6320664,No,0.199408908,8.160367721,3.074179096,73.959126,1.836692091,10,339.6320664,0.02147045941,18,303.2255502,0.0005752393726,6,1471
Apartment_env.dae,around_wall,InformedRRTstar,Yes,9,42,340,0.0005,0.02,0.05,0.2664582519,Yes,26.64582519,1,Exact solution,339.9482741,No,0.199718207,8.173025097,3.078947391,73.959126,1.836692091,10,339.9482741,0.01074174817,16,299.9251494,0.000326677617,5,1276
Apartment_env.dae,around_wall,InformedRRTstar,Yes,10,42,340,0.0005,0.02,0.05,0.2664582519,Yes,26.64582519,1,Exact solution,327.6773978,No,0.119616455,4.895038381,1.844062079,73.959126,1.836692091,10,327.6773978,0.01723033704,16,295.8316915,0.001165388198,7,1041
Apartment_env.dae,around_wall,InformedRRTstar,Yes,1,42,340,0.0005,0.02,0.2,0.2664582519,Yes,106.5833008,1,Exact solution,336.0955918,No,0.007176271,0.3298847901,0.1317164766,6.740817,0.161341582,10,336.0955918,0.0005073542243,5,319.2588117,0.0002273743337,4,73
Apartment_env.dae,around_wall,InformedRRTstar,Yes,2,42,340,0.0005,0.02,0.2,0.2664582519,Yes,106.5833008,1,Exact solution,338.1939313,No,0.019728026,0.9068742967,0.3620969824,6.740817,0.161341582,10,338.1939313,0.0004454080899,6,311.4339006,0.0003843648236,6,160
Apartment_env.dae,around_wall,InformedRRTstar,Yes,3,42,340,0.0005,0.02,0.2,0.2664582519,Yes,106.5833008,1,Exact solution,321.933059,No,0.023783095,1.093281079,0.4365255263,6.740817,0.161341582,10,321.933059,0.0007241347961,6,302.8324151,0.0004562580689,5,127
Apartment_env.dae,around_wall,InformedRRTstar,Yes,4,42,340,0.0005,0.02,0.2,0.2664582519,Yes,106.5833008,1,Exact solution,338.6972365,No,0.004986696,0.2292325866,0.09152804107,6.740817,0.161341582,10,338.6972365,0.0007042219484,6,319.502848,0.0002978651973,5,84
Apartment_env.dae,around_wall,InformedRRTstar,Yes,5,42,340,0.0005,0.02,0.2,0.2664582519,Yes,106.5833008,1,Exact solution,335.7169372,No,0.002476273,0.1138313755,0.04545061837,6.740817,0.161341582,10,335.7169372,0.0007308621892,6,306.9808323,0.000206373638,5,55
Apartment_env.dae,around_wall,InformedRRTstar,Yes,6,42,340,0.0005,0.02,0.2,0.2664582519,Yes,106.5833008,1,Exact solution,334.6216643,No,0.045055727,2.071159108,0.8269728957,6.740817,0.161341582,10,334.6216643,0.0006664058939,6,301.2628793,0.0007519301084,6,227
Apartment_env.dae,around_wall,InformedRRTstar,Yes,7,42,340,0.0005,0.02,0.2,0.2664582519,Yes,106.5833008,1,Exact solution,333.2158385,No,0.01089948,0.5010363561,0.2000539141,6.740817,0.161341582,10,333.2158385,0.0005048520569,5,303.6363013,0.0006707204582,6,141
Apartment_env.dae,around_wall,InformedRRTstar,Yes,8,42,340,0.0005,0.02,0.2,0.2664582519,Yes,106.5833008,1,Exact solution,338.1961565,No,0.004356538,0.2002649599,0.07996184026,6.740817,0.161341582,10,338.1961565,0.0009697622078,6,304.7503225,0.005280073703,8,64
Apartment_env.dae,around_wall,InformedRRTstar,Yes,9,42,340,0.0005,0.02,0.2,0.2664582519,Yes,106.5833008,1,Exact solution,339.8439577,No,0.025005072,1.149453933,0.4589542368,6.740817,0.161341582,10,339.8439577,0.005857081852,7,322.7586093,0.0002150807306,5,198
Apartment_env.dae,around_wall,InformedRRTstar,Yes,10,42,340,0.0005,0.02,0.2,0.2664582519,Yes,106.5833008,1,Exact solution,319.7657009,No,0.003171682,0.1457985144,0.05821446512,6.740817,0.161341582,10,319.7657009,0.0006642260349,6,297.9363332,0.0004386694618,5,45
Apartment_env.dae,around_wall,InformedRRTstar,Yes,1,42,340,0.0005,0.02,0.5,0.2664582519,Yes,266.4582519,1,Exact solution,328.118755,No,0.041371298,1.806521892,0.7407442613,14.615867,0.343565706,10,328.118755,0.0007920258453,5,305.6652331,0.000268063139,5,154
Apartment_env.dae,around_wall,InformedRRTstar,Yes,2,42,340,0.0005,0.02,0.5,0.2664582519,Yes,266.4582519,1,Exact solution,332.2078436,No,0.012161757,0.5310561025,0.2177536635,14.615867,0.343565706,10,332.2078436,0.0001006414972,4,318.7313518,9.976286621e-05,4,102
Apartment_env.dae,around_wall,InformedRRTstar,Yes,3,42,340,0.0005,0.02,0.5,0.2664582519,Yes,266.4582519,1,Exact solution,333.204698,No,0.003112852,0.1359260057,0.05573495072,14.615867,0.343565706,10,333.204698,0.0001287756213,4,320.6970785,0.0002146597284,5,38
Apartment_env.dae,around_wall,InformedRRTstar,Yes,4,42,340,0.0005,0.02,0.5,0.2664582519,Yes,266.4582519,1,Exact solution,313.9214037,No,0.069851191,3.050126823,1.250670667,14.615867,0.343565706,10,313.9214037,0.0005485466873,6,305.5804961,0.0008604756984,7,167
Apartment_env.dae,around_wall,InformedRRTstar,Yes,5,42,340,0.0005,0.02,0.5,0.2664582519,Yes,266.4582519,1,Exact solution,319.7840885,No,0.026820648,1.171152227,0.4802179784,14.615867,0.343565706,10,319.7840885,0.000755285376,5,306.9854906,0.0007639219892,5,110
Apartment_env.dae,around_wall,InformedRRTstar,Yes,6,42,340,0.0005,0.02,0.5,0.2664582519,Yes,266.4582519,1,Exact solution,332.2821411,No,0.009834263,0.4294235923,0.1760803802,14.615867,0.343565706,10,332.2821411,0.0003761997005,5,322.2343065,0.0001202559042,5,72
Apartment_env.dae,around_wall,InformedRRTstar,Yes,7,42,340,0.0005,0.02,0.5,0.2664582519,Yes,266.4582519,1,Exact solution,323.0375199,No,0.0516937,2.257260595,0.9255646661,14.615867,0.343565706,10,323.0375199,0.0009305805855,6,311.0558772,0.0005728179703,5,131
Apartment_env.dae,around_wall,InformedRRTstar,Yes,8,42,340,0.0005,0.02,0.5,0.2664582519,Yes,266.4582519,1,Exact solution,313.1419991,No,0.090332505,3.944465264,1.617384223,14.615867,0.343565706,10,313.1419991,0.0001879644675,4,313.1419991,0.0001879644675,4,165
Apartment_env.dae,around_wall,InformedRRTstar,Yes,9,42,340,0.0005,0.02,0.5,0.2664582519,Yes,266.4582519,1,Exact solution,325.4299953,No,0.01841385,0.8040604177,0.3296960544,14.615867,0.343565706,10,325.4299953,0.0008774314929,5,295.3264653,0.0003636153203,5,87
Apartment_env.dae,around_wall,InformedRRTstar,Yes,10,42,340,0.0005,0.02,0.5,0.2664582519,Yes,266.4582519,1,Exact solution,333.663425,No,0.01112704,0.4858740801,0.1992272765,14.615867,0.343565706,10,333.663425,0.0002562119615,5,326.8153009,0.0004673598497,6,56
Apartment_env.dae,around_wall,InformedRRTstar,Yes,1,42,340,0.0005,0.05,0.05,0.2664582519,Yes,26.64582519,1,Exact solution,331.7761602,No,0.185753896,7.498875095,2.76504638,80.61018,2.027534083,10,331.7761602,0.01326763789,17,301.841582,0.0005322013429,7,1226
Apartment_env.dae,around_wall,InformedRRTstar,Yes,2,42,340,0.0005,0.05,0.05,0.2664582519,Yes,26.64582519,1,Exact solution,339.3920418,No,0.206593119,8.340153441,3.075249392,80.61018,2.027534083,10,339.3920418,0.01499616443,17,306.4256652,0.0004907764884,6,1886
Apartment_env.dae,around_wall,InformedRRTstar,Yes,3,42,340,0.0005,0.05,0.05,0.2664582519,Yes,26.64582519,1,Exact solution,339.5447557,No,0.213996938,8.639045228,3.185459209,80.61018,2.027534083,10,339.5447557,0.01437958214,18,301.8372641,0.007035311169,8,1627
Apartment_env.dae,around_wall,InformedRRTstar,Yes,4,42,340,0.0005,0.05,0.05,0.2664582519,Yes,26.64582519,1,Exact solution,339.8019152,No,0.111287967,4.492689425,1.656581083,80.61018,2.027534083,10,339.8019152,0.01824822059,18,297.6506541,0.0006435073973,6,918
Apartment_env.dae,around_wall,InformedRRTstar,Yes,5,42,340,0.0005,0.05,0.05,0.2664582519,Yes,26.64582519,1,Exact solution,336.1773651,No,0.144999246,5.853612,2.158391554,80.61018,2.027534083,10,336.1773651,0.02272593352,18,299.0006245,0.0009787065743,7,1146
Apartment_env.dae,around_wall,InformedRRTstar,Yes,6,42,340,0.0005,0.05,0.05,0.2664582519,Yes,26.64582519,1,Exact solution,338.7293706,No,0.31301711,12.63648441,4.659427584,80.61018,2.027534083,10,338.7293706,0.007649382173,16,320.1255987,0.0001010624887,4,2505
Apartment_env.dae,around_wall,InformedRRTstar,Yes,7,42,340,0.0005,0.05,0.05,0.2664582519,Yes,26.64582519,1,Exact solution,339.3731443,No,0.215438585,8.697244442,3.206918898,80.61018,2.027534083,10,339.3731443,0.01371712066,18,298.311439,0.002407844447,9,1509
Apartment_env.dae,around_wall,InformedRRTstar,Yes,8,42,340,0.0005,0.05,0.05,0.2664582519,Yes,26.64582519,1,Exact solution,339.9848739,No,0.131071534,5.291350993,1.95107009,80.61018,2.027534083,10,339.9848739,0.01542143206,17,301.8860009,0.0001615336198,4,1022
Apartment_env.dae,around_wall,InformedRRTstar,Yes,9,42,340,0.0005,0.05,0.05,0.2664582519,Yes,26.64582519,1,Exact solution,338.813477,No,0.225494267,9.1031918,3.356603119,80.61018,2.027534083,10,338.813477,0.01621820322,17,320.3475864,0.00027251455,5,2067
Apartment_env.dae,around_wall,InformedRRTstar,Yes,10,42,340,0.0005,0.05,0.05,0.2664582519,Yes,26.64582519,1,Exact solution,335.3287493,No,0.249134163,10.05753317,3.708495651,80.61018,2.027534083,10,335.3287493,0.02917072577,19,304.7919176,0.0002499568816,5,1775
Apartment_env.dae,around_wall,InformedRRTstar,Yes,1,42,340,0.0005,0.05,0.2,0.2664582519,Yes,106.5833008,1,Exact solution,337.6832701,No,0.013856882,0.5897017574,0.220415626,9.544581,0.238149293,10,337.6832701,0.0003915608619,5,306.1883249,0.0007546864222,6,169
Apartment_env.dae,around_wall,InformedRRTstar,Yes,2,42,340,0.0005,0.05,0.2,0.2664582519,Yes,106.5833008,1,Exact solution,338.2002948,No,0.00342844,0.145902743,0.05453476104,9.544581,0.238149293,10,338.2002948,0.001108853686,6,301.9907937,0.01721162492,7,48
Apartment_env.dae,around_wall,InformedRRTstar,Yes,3,42,340,0.0005,0.05,0.2,0.2664582519,Yes,106.5833008,1,Exact solution,335.9022032,No,0.016048797,0.682982203,0.255281501,9.544581,0.238149293,10,335.9022032,0.0007077312438,6,304.1709882,0.000721750913,6,183
Apartment_env.dae,around_wall,InformedRRTstar,Yes,4,42,340,0.0005,0.05,0.2,0.2664582519,Yes,106.5833008,1,Exact solution,335.169247,No,0.016491705,0.7018308608,0.2623266533,9.544581,0.238149293,10,335.169247,0.0009946589923,6,311.5534683,0.002014132897,6,108
Apartment_env.dae,around_wall,InformedRRTstar,Yes,5,42,340,0.0005,0.05,0.2,0.2664582519,Yes,106.5833008,1,Exact solution,323.0873184,No,0.01839165,0.7826860564,0.2925482837,9.544581,0.238149293,10,323.0873184,0.000464656359,5,308.0985932,0.0003973775634,5,121
Apartment_env.dae,around_wall,InformedRRTstar,Yes,6,42,340,0.0005,0.05,0.2,0.2664582519,Yes,106.5833008,1,Exact solution,324.0994502,No,0.023363246,0.994260269,0.3716293818,9.544581,0.238149293,10,324.0994502,0.0006244613963,6,303.556337,0.0008296424994,8,134
Apartment_env.dae,around_wall,InformedRRTstar,Yes,7,42,340,0.0005,0.05,0.2,0.2664582519,Yes,106.5833008,1,Exact solution,326.1453573,No,0.010086583,0.4292506584,0.1604430568,9.544581,0.238149293,10,326.1453573,0.0004857351379,5,326.1270029,0.0002308670956,4,79
Apartment_env.dae,around_wall,InformedRRTstar,Yes,8,42,340,0.0005,0.05,0.2,0.2664582519,Yes,106.5833008,1,Exact solution,311.0358794,No,0.088435819,3.763527602,1.406711582,9.544581,0.238149293,10,311.0358794,0.0004501461558,5,298.4956615,0.0002911702771,5,248
Apartment_env.dae,around_wall,InformedRRTstar,Yes,9,42,340,0.0005,0.05,0.2,0.2664582519,Yes,106.5833008,1,Exact solution,324.3506569,No,0.027611115,1.175035123,0.4391984572,9.544581,0.238149293,10,324.3506569,0.0005554098771,5,299.0746687,0.0007030229097,7,153
Apartment_env.dae,around_wall,InformedRRTstar,Yes,10,42,340,0.0005,0.05,0.2,0.2664582519,Yes,106.5833008,1,Exact solution,318.9044217,No,0.006565462,0.2794037273,0.1044340579,9.544581,0.238149293,10,318.9044217,0.000367216905,5,307.2939227,0.001294671524,6,57
Apartment_env.dae,around_wall,InformedRRTstar,Yes,1,42,340,0.0005,0.05,0.5,0.2664582519,Yes,266.4582519,1,Exact solution,339.9310816,No,0.020771464,0.8369992647,0.297592056,14.858118,0.381520014,10,339.9310816,0.0006815668099,5,310.5865035,0.0005456208316,6,137
Apartment_env.dae,around_wall,InformedRRTstar,Yes,2,42,340,0.0005,0.05,0.5,0.2664582519,Yes,266.4582519,1,Exact solution,338.1067607,No,0.020109166,0.8103115483,0.2881033352,14.858118,0.381520014,10,338.1067607,0.0002573561644,5,320.5928109,0.0002205393818,5,102
Apartment_env.dae,around_wall,InformedRRTstar,Yes,3,42,340,0.0005,0.05,0.5,0.2664582519,Yes,266.4582519,1,Exact solution,317.4207424,No,0.124860551,5.031334786,1.788872854,14.858118,0.381520014,10,317.4207424,0.001255692809,5,312.8010911,0.001949109728,6,212
Apartment_env.dae,around_wall,InformedRRTstar,Yes,4,42,340,0.0005,0.05,0.5,0.2664582519,Yes,266.4582519,1,Exact solution,328.9068148,No,0.017595442,0.7090194517,0.2520892972,14.858118,0.381520014,10,328.9068148,0.0007386817583,5,306.8963586,0.0006481565433,6,70
Apartment_env.dae,around_wall,InformedRRTstar,Yes,5,42,340,0.0005,0.05,0.5,0.2664582519,Yes,266.4582519,1,Exact solution,332.6128432,No,0.003096542,0.1247771162,0.04436405158,14.858118,0.381520014,10,332.6128432,0.0001340350177,4,321.5004467,0.000105976053,4,21
Apartment_env.dae,around_wall,InformedRRTstar,Yes,6,42,340,0.0005,0.05,0.5,0.2664582519,Yes,266.4582519,1,Exact solution,332.535056,No,0.041686197,1.679771644,0.5972367221,14.858118,0.381520014,10,332.535056,0.0007593622814,6,297.3461677,0.001010438372,7,144
Apartment_env.dae,around_wall,InformedRRTstar,Yes,7,42,340,0.0005,0.05,0.5,0.2664582519,Yes,266.4582519,1,Exact solution,321.2155982,No,0.086321785,3.478390862,1.236729268,14.858118,0.381520014,10,321.2155982,0.0003730692952,5,301.1147621,0.0002469069793,5,192
Apartment_env.dae,around_wall,InformedRRTstar,Yes,8,42,340,0.0005,0.05,0.5,0.2664582519,Yes,266.4582519,1,Exact solution,329.6727147,No,0.020758613,0.8364814255,0.2974079402,14.858118,0.381520014,10,329.6727147,0.0001137352954,4,324.1443612,0.0001085514042,4,96
Apartment_env.dae,around_wall,InformedRRTstar,Yes,9,42,340,0.0005,0.05,0.5,0.2664582519,Yes,266.4582519,1,Exact solution,336.1674753,No,0.012385206,0.4990697004,0.1774424238,14.858118,0.381520014,10,336.1674753,0.0004028969613,5,297.3185031,0.0005552381386,6,71
Apartment_env.dae,around_wall,InformedRRTstar,Yes,10,42,340,0.0005,0.05,0.5,0.2664582519,Yes,266.4582519,1,Exact solution,323.4306789,No,0.021142793,0.8519622013,0.3029120739,14.858118,0.381520014,10,323.4306789,0.0001913301768,4,312.8646653,0.0003662099715,5,105
Apartment_env.dae,around_wall,InformedRRTstar,Yes,1,42,340,0.0005,0.15,0.05,0.2664582519,Yes,26.64582519,1,Exact solution,335.0055684,No,0.111222768,4.533705702,1.681919502,53.974366,1.352735976,10,335.0055684,0.01675479564,17,300.7074962,0.002539003419,8,1140
Apartment_env.dae,around_wall,InformedRRTstar,Yes,2,42,340,0.0005,0.15,0.05,0.2664582519,Yes,26.64582519,1,Exact solution,336.9218241,No,0.16934392,6.902862692,2.560832163,53.974366,1.352735976,10,336.9218241,0.01810777762,17,295.9544308,0.0008401140468,7,1289
Apartment_env.dae,around_wall,InformedRRTstar,Yes,3,42,340,0.0005,0.15,0.05,0.2664582519,Yes,26.64582519,1,Exact solution,337.5563373,No,0.23589004,9.615441503,3.567147858,53.974366,1.352735976,10,337.5563373,0.01719457856,18,303.1146358,0.0007894913439,6,1968
Apartment_env.dae,around_wall,InformedRRTstar,Yes,4,42,340,0.0005,0.15,0.05,0.2664582519,Yes,26.64582519,1,Exact solution,337.9216067,No,0.102196173,4.165760128,1.545418618,53.974366,1.352735976,10,337.9216067,0.01300716707,18,300.6937423,0.0006737298262,6,1041
Apartment_env.dae,around_wall,InformedRRTstar,Yes,5,42,340,0.0005,0.15,0.05,0.2664582519,Yes,26.64582519,1,Exact solution,334.1281532,No,0.08450471,3.444613837,1.277886914,53.974366,1.352735976,10,334.1281532,0.01146813483,17,306.9342713,0.001014603367,8,812
Apartment_env.dae,around_wall,InformedRRTstar,Yes,6,42,340,0.0005,0.15,0.05,0.2664582519,Yes,26.64582519,1,Exact solution,336.2326732,No,0.130586275,5.323008501,1.974735988,53.974366,1.352735976,10,336.2326732,0.02087346377,18,295.7538561,0.0004906377549,6,1319
Apartment_env.dae,around_wall,InformedRRTstar,Yes,7,42,340,0.0005,0.15,0.05,0.2664582519,Yes,26.64582519,1,Exact solution,339.5826755,No,0.194725111,7.937460666,2.944648543,53.974366,1.352735976,10,339.5826755,0.02596093068,17,294.1558614,0.0004663616308,6,1409
Apartment_env.dae,around_wall,InformedRRTstar,Yes,8,42,340,0.0005,0.15,0.05,0.2664582519,Yes,26.64582519,1,Exact solution,339.6627928,No,0.030281338,1.23433967,0.4579167903,53.974366,1.352735976,10,339.6627928,0.008227612218,15,323.1101412,0.0001131078789,5,516
Apartment_env.dae,around_wall,InformedRRTstar,Yes,9,42,340,0.0005,0.15,0.05,0.2664582519,Yes,26.64582519,1,Exact solution,339.5064735,No,0.189453155,7.722563146,2.864925607,53.974366,1.352735976,10,339.5064735,0.02064711062,18,304.6256687,0.001567635661,7,1860
Apartment_env.dae,around_wall,InformedRRTstar,Yes,10,42,340,0.0005,0.15,0.05,0.2664582519,Yes,26.64582519,1,Exact solution,339.2865065,No,0.075918273,3.094610154,1.148042134,53.974366,1.352735976,10,339.2865065,0.01433169485,17,298.7711008,0.0006032464118,6,817
Apartment_env.dae,around_wall,InformedRRTstar,Yes,1,42,340,0.0005,0.15,0.2,0.2664582519,Yes,106.5833008,1,Exact solution,320.4294984,No,0.013240354,0.5912704578,0.2237072327,5.618132,0.139155272,10,320.4294984,0.0004670025008,5,306.0954804,0.0005109430475,6,139
Apartment_env.dae,around_wall,InformedRRTstar,Yes,2,42,340,0.0005,0.15,0.2,0.2664582519,Yes,106.5833008,1,Exact solution,334.4341025,No,0.009854273,0.4400592694,0.1664964655,5.618132,0.139155272,10,334.4341025,0.0003824942541,5,308.5428575,0.0005082788697,6,127
Apartment_env.dae,around_wall,InformedRRTstar,Yes,3,42,340,0.0005,0.15,0.2,0.2664582519,Yes,106.5833008,1,Exact solution,324.9416387,No,0.007926389,0.3539663405,0.1339231979,5.618132,0.139155272,10,324.9416387,0.001658481893,6,306.0235991,0.009615393223,6,120
Apartment_env.dae,around_wall,InformedRRTstar,Yes,4,42,340,0.0005,0.15,0.2,0.2664582519,Yes,106.5833008,1,Exact solution,321.5385318,No,0.01105837,0.4938302626,0.1868407258,5.618132,0.139155272,10,321.5385318,0.0007291007222,6,304.5321593,0.000765424319,6,77
Apartment_env.dae,around_wall,InformedRRTstar,Yes,5,42,340,0.0005,0.15,0.2,0.2664582519,Yes,106.5833008,1,Exact solution,335.3950628,No,0.006550712,0.2925331516,0.1106799451,5.618132,0.139155272,10,335.3950628,0.0004210217583,6,321.3211763,0.000117793032,5,93
Apartment_env.dae,around_wall,InformedRRTstar,Yes,6,42,340,0.0005,0.15,0.2,0.2664582519,Yes,106.5833008,1,Exact solution,324.4101008,No,0.008687007,0.387933027,0.1467744968,5.618132,0.139155272,10,324.4101008,0.001101139341,6,302.9716179,0.001834925073,7,74
Apartment_env.dae,around_wall,InformedRRTstar,Yes,7,42,340,0.0005,0.15,0.2,0.2664582519,Yes,106.5833008,1,Exact solution,337.3194227,No,0.008715436,0.3892025722,0.1472548294,5.618132,0.139155272,10,337.3194227,0.0007245721202,6,303.6451452,0.0006966392252,6,121
Apartment_env.dae,around_wall,InformedRRTstar,Yes,8,42,340,0.0005,0.15,0.2,0.2664582519,Yes,106.5833008,1,Exact solution,333.3060385,No,0.033343329,1.489002892,0.5633643828,5.618132,0.139155272,10,333.3060385,0.0007808097648,6,297.9486786,0.0005108341359,6,233
Apartment_env.dae,around_wall,InformedRRTstar,Yes,9,42,340,0.0005,0.15,0.2,0.2664582519,Yes,106.5833008,1,Exact solution,330.527334,No,0.016152847,0.7213327711,0.272916321,5.618132,0.139155272,10,330.527334,0.0008865712861,6,304.8204624,0.0006118377016,6,105
Apartment_env.dae,around_wall,InformedRRTstar,Yes,10,42,340,0.0005,0.15,0.2,0.2664582519,Yes,106.5833008,1,Exact solution,339.2903498,No,0.010278442,0.4590012553,0.1736631676,5.618132,0.139155272,10,339.2903498,0.001928124318,7,309.6275386,0.04809590814,6,125
Apartment_env.dae,around_wall,InformedRRTstar,Yes,1,42,340,0.0005,0.15,0.5,0.2664582519,Yes,266.4582519,1,Exact solution,332.3958954,No,0.015384128,0.6357103923,0.238783816,13.408471,0.333573834,10,332.3958954,0.001387727438,6,296.987284,0.0005606952678,6,133
Apartment_env.dae,around_wall,InformedRRTstar,Yes,2,42,340,0.0005,0.15,0.5,0.2664582519,Yes,266.4582519,1,Exact solution,314.273868,No,0.008484307,0.3505926453,0.13168866,13.408471,0.333573834,10,314.273868,0.0008181098752,6,298.7628057,0.0004426715547,6,52
Apartment_env.dae,around_wall,InformedRRTstar,Yes,3,42,340,0.0005,0.15,0.5,0.2664582519,Yes,266.4582519,1,Exact solution,329.431247,No,0.005434585,0.2245705549,0.08435258371,13.408471,0.333573834,10,329.431247,0.000214899645,4,329.431247,0.000214899645,4,45
Apartment_env.dae,around_wall,InformedRRTstar,Yes,4,42,340,0.0005,0.15,0.5,0.2664582519,Yes,266.4582519,1,Exact solution,316.1394469,No,0.013465683,0.5564354783,0.2090067875,13.408471,0.333573834,10,316.1394469,0.000442171801,5,299.0249491,0.0002233811682,6,52
Apartment_env.dae,around_wall,InformedRRTstar,Yes,5,42,340,0.0005,0.15,0.5,0.2664582519,Yes,266.4582519,1,Exact solution,332.3732793,No,0.001542986,0.06376001521,0.02394936425,13.408471,0.333573834,10,332.3732793,0.0005282378769,5,299.2454713,0.0009749285764,8,20
Apartment_env.dae,around_wall,InformedRRTstar,Yes,6,42,340,0.0005,0.15,0.5,0.2664582519,Yes,266.4582519,1,Exact solution,317.1847642,No,0.055563579,2.296025137,0.8624267444,13.408471,0.333573834,10,317.1847642,0.0002048016088,4,317.1847642,0.0002048016088,4,178
Apartment_env.dae,around_wall,InformedRRTstar,Yes,7,42,340,0.0005,0.15,0.5,0.2664582519,Yes,266.4582519,1,Exact solution,338.2109973,No,0.06623997,2.73720014,1.028139704,13.408471,0.333573834,10,338.2109973,0.0001216746511,4,329.7891838,0.0002149250527,5,215
Apartment_env.dae,around_wall,InformedRRTstar,Yes,8,42,340,0.0005,0.15,0.5,0.2664582519,Yes,266.4582519,1,Exact solution,336.5717416,No,0.009440784,0.3901166514,0.1465345602,13.408471,0.333573834,10,336.5717416,0.0002780136935,5,324.5518697,0.0001857231016,5,73
Apartment_env.dae,around_wall,InformedRRTstar,Yes,9,42,340,0.0005,0.15,0.5,0.2664582519,Yes,266.4582519,1,Exact solution,323.0148346,No,0.127295855,5.260181007,1.975814945,13.408471,0.333573834,10,323.0148346,0.0001205430694,4,323.0148346,0.0001205430694,4,265
Apartment_env.dae,around_wall,InformedRRTstar,Yes,10,42,340,0.0005,0.15,0.5,0.2664582519,Yes,266.4582519,1,Exact solution,338.4281035,No,0.021631782,0.8938789784,0.3357564013,13.408471,0.333573834,10,338.4281035,0.0008067813595,6,307.4747106,0.0008150262673,6,121
